<?xml version="1.0" encoding="UTF-8" standalone="yes"?>
<PcGts xmlns="http://schema.primaresearch.org/PAGE/gts/pagecontent/2013-07-15" xmlns:xsi="http://www.w3.org/2001/XMLSchema-instance" xsi:schemaLocation="http://schema.primaresearch.org/PAGE/gts/pagecontent/2013-07-15 http://schema.primaresearch.org/PAGE/gts/pagecontent/2013-07-15/pagecontent.xsd">
    <Metadata>
        <Creator>prov=University of Rostock/Institute of Mathematics/CITlab|PLANET AI GmbH/Gundram Leifert/gundram.leifert@planet-ai.de:name=HPGTR(htr_id=41125)::::v=2.6.7
prov=University of Rostock/Institute of Mathematics/CITlab|PLANET AI GmbH/Tobias Gruening/tobias.gruening@planet-ai.de:name=de.uros.citlab.module.baseline2polygon.B2PSeamMultiOriented:v=2.6.7
prov=University of Rostock/Institute of Mathematics/CITlab|PLANET AI GmbH/Tobias Gruening/tobias.gruening@planet-ai.de:name=/net_tf/LA73_249_0mod360.pb:de.uros.citlab.segmentation.CITlab_LA_ML:v=2.6.7
Transkribus</Creator>
        <Created>2021-09-19T17:37:00.632+03:00</Created>
        <LastChange>2023-06-03T17:15:35.648+02:00</LastChange>
        <TranskribusMetadata docId="1458633" pageId="56018868" pageNr="1" tsid="125444637" status="IN_PROGRESS" userId="99263" imgUrl="https://files.transkribus.eu/Get?id=SIGCRPTQMZZEPESANZYDDZEK&amp;fileType=view" xmlUrl="https://files.transkribus.eu/Get?id=FSAFVYXRIZOMMQAFDZPULYUX" imageId="23265765"/>
    </Metadata>
    <Page imageFilename="0001_1 Bodleian-Library-MS-Barocci-102_00157_fol-75r.jpg" imageWidth="2557" imageHeight="3409">
        <ReadingOrder>
            <OrderedGroup id="ro_1686139437543" caption="Regions reading order">
                <RegionRefIndexed index="0" regionRef="r1"/>
                <RegionRefIndexed index="1" regionRef="r2"/>
                <RegionRefIndexed index="2" regionRef="r3"/>
            </OrderedGroup>
        </ReadingOrder>
        <TextRegion orientation="0.0" id="r1" custom="readingOrder {index:0;}">
            <Coords points="392,2075 392,2228 425,2228 425,2075"/>
            <TextEquiv>
                <Unicode></Unicode>
            </TextEquiv>
        </TextRegion>
        <TextRegion orientation="0.0" id="r2" custom="readingOrder {index:1;}">
            <Coords points="413,548 413,2787 1919,2787 1919,548"/>
            <TextLine id="r2l1" custom="readingOrder {index:0;}">
                <Coords points="405,632 1426,585 1895,634 1894,549 1169,543 945,478 836,563 404,554"/>
                <Baseline points="413,626 486,618 560,612 633,606 707,601 781,597 854,593 928,591 1002,588 1075,588 1149,587 1223,587 1296,587 1370,588 1444,590 1517,591 1591,594 1665,597 1738,600 1812,603 1886,608"/>
                <TextEquiv>
                    <Unicode>ἐγγινομένα πάθη μὴ σβεννύντες ἀλλὰ τῆ εκλύσει </Unicode>
                </TextEquiv>
            </TextLine>
            <TextLine id="r2l2" custom="readingOrder {index:1;}">
                <Coords points="441,728 1162,686 1709,721 1892,698 1892,657 1469,614 1325,656 441,660"/>
                <Baseline points="450,702 521,699 593,696 664,693 736,692 808,690 879,689 951,687 1023,687 1094,687 1166,687 1238,687 1309,687 1381,689 1453,689 1524,689 1596,690 1668,690 1739,690 1811,690 1883,690"/>
                <TextEquiv>
                    <Unicode>τοῦ βίου τοῦ καθ ΄ εαυτοὺς πολλὰ γίνεσθαι συγχωροῦν</Unicode>
                </TextEquiv>
            </TextLine>
            <TextLine id="r2l3" custom="readingOrder {index:2;}">
                <Coords points="446,801 1794,759 1872,799 1871,736 1765,696 446,739"/>
                <Baseline points="455,777 525,776 595,774 666,772 736,771 806,770 877,770 947,770 1017,768 1088,768 1158,768 1228,768 1299,768 1369,768 1439,767 1510,767 1580,765 1650,765 1721,764 1791,762 1862,759"/>
                <TextEquiv>
                    <Unicode>τες ἐμπυρίζουσιν ἀμπελῶνα ἀλλὰ καὶ ὁ διὰ</Unicode>
                </TextEquiv>
            </TextLine>
            <TextLine id="r2l4" custom="readingOrder {index:3;}">
                <Coords points="439,850 1507,876 1850,851 1850,783 439,794"/>
                <Baseline points="449,848 518,846 588,845 657,845 727,845 797,845 866,845 936,845 1005,846 1075,846 1145,848 1214,848 1284,848 1353,848 1423,848 1493,848 1562,846 1632,845 1701,843 1771,840 1841,836"/>
                <TextEquiv>
                    <Unicode>τῆς ἡδίας πλεονεξίας πολλοὺς εἰς τὴν τῶν ἀλ</Unicode>
                </TextEquiv>
            </TextLine>
            <TextLine id="r2l5" custom="readingOrder {index:4;}">
                <Coords points="415,940 1732,939 1859,931 1859,873 415,875"/>
                <Baseline points="425,930 496,929 567,927 638,926 710,924 781,924 852,924 923,924 995,924 1066,924 1137,924 1208,924 1280,923 1351,923 1422,923 1493,921 1565,921 1636,920 1707,917 1778,915 1850,912"/>
                <TextEquiv>
                    <Unicode>λοτρίων ἐπιθυμίαν προκαλούμενος ἐμπυρί</Unicode>
                </TextEquiv>
            </TextLine>
            <TextLine id="r2l6" custom="readingOrder {index:5;}">
                <Coords points="426,1027 1875,1005 1905,929 425,949"/>
                <Baseline points="434,998 507,996 580,995 653,995 726,995 799,993 872,995 945,995 1018,995 1091,996 1164,996 1237,996 1310,996 1383,996 1456,996 1529,995 1602,993 1675,992 1748,989 1821,986 1895,981"/>
                <TextEquiv>
                    <Unicode>ζει τὸν ἀμπελῶνα συνάπτει γαρ τό καὶ ἡ ἀρπα</Unicode>
                </TextEquiv>
            </TextLine>
            <TextLine id="r2l7" custom="readingOrder {index:6;}">
                <Coords points="416,1117 1122,1073 1834,1104 1850,1026 415,1038"/>
                <Baseline points="425,1083 495,1082 566,1080 637,1079 708,1079 779,1077 849,1077 920,1077 991,1077 1062,1077 1133,1079 1203,1079 1274,1079 1345,1079 1416,1077 1487,1077 1557,1077 1628,1076 1699,1073 1770,1071 1841,1068"/>
                <TextEquiv>
                    <Unicode>γὴ τοῦ πτωχοῦ ἐν τοῖς οἴκοις ὑμῶν ὥστε καὶ ἄ</Unicode>
                </TextEquiv>
            </TextLine>
            <TextLine id="r2l8" custom="readingOrder {index:7;}">
                <Coords points="404,1178 1676,1191 1879,1139 1649,1094 1412,1133 1260,1090 1019,1136 404,1106"/>
                <Baseline points="414,1161 486,1161 559,1161 632,1161 705,1161 778,1161 851,1161 923,1161 996,1161 1069,1161 1142,1161 1215,1161 1288,1161 1361,1160 1433,1160 1506,1158 1579,1157 1652,1155 1725,1153 1798,1151 1871,1148"/>
                <TextEquiv>
                    <Unicode>δικον κτῆσιν και ἀπὸ ἀρπαγῆς καὶ βίας συλλέγοντες</Unicode>
                </TextEquiv>
            </TextLine>
            <TextLine id="r2l9" custom="readingOrder {index:8;}">
                <Coords points="423,1234 1923,1257 1891,1157 1318,1204 423,1180"/>
                <Baseline points="432,1224 506,1226 580,1227 654,1227 728,1229 802,1229 876,1230 950,1230 1024,1230 1098,1230 1172,1230 1246,1230 1320,1229 1394,1229 1468,1228 1542,1227 1616,1226 1690,1226 1764,1224 1838,1224 1913,1223"/>
                <TextEquiv>
                    <Unicode>αἰτίαν τοῦ ἐμπρησμοῦ τῶ ἀμπελῶνι παρέχουσιν</Unicode>
                </TextEquiv>
            </TextLine>
            <TextLine id="r2l10" custom="readingOrder {index:9;}">
                <Coords points="409,1310 1834,1326 1908,1259 408,1234"/>
                <Baseline points="417,1295 491,1298 565,1299 639,1301 713,1302 787,1304 861,1304 935,1304 1009,1304 1083,1304 1158,1304 1232,1302 1306,1302 1380,1301 1454,1299 1528,1299 1602,1297 1676,1295 1750,1295 1824,1292 1899,1290"/>
                <TextEquiv>
                    <Unicode>ἐκ τοῦ πονηροῦ ὑποδείγματος τοῦ κατὰ τοὺς προ</Unicode>
                </TextEquiv>
            </TextLine>
            <TextLine id="r2l11" custom="readingOrder {index:10;}">
                <Coords points="422,1383 1568,1411 1892,1371 1858,1319 1171,1353 422,1320"/>
                <Baseline points="431,1374 503,1376 576,1377 648,1379 721,1379 794,1380 866,1382 939,1382 1011,1383 1084,1383 1157,1383 1229,1383 1302,1382 1374,1382 1447,1380 1520,1379 1592,1377 1665,1376 1737,1373 1810,1370 1883,1367"/>
                <TextEquiv>
                    <Unicode>εστῶτας καὶ τοῦ λαοῦ παντὸς εἰς τὴν κατ΄ἀλλή</Unicode>
                </TextEquiv>
            </TextLine>
            <TextLine id="r2l12" custom="readingOrder {index:11;}">
                <Coords points="413,1457 1868,1465 1868,1397 1777,1389 1443,1426 413,1402"/>
                <Baseline points="422,1449 493,1449 565,1449 637,1449 709,1451 781,1451 853,1451 924,1452 996,1452 1068,1452 1140,1452 1212,1452 1284,1452 1356,1452 1427,1452 1499,1452 1571,1452 1643,1451 1715,1449 1787,1449 1859,1448"/>
                <TextEquiv>
                    <Unicode>λων πλεονεξίαν παιδοτριβομένου πρεσβύ</Unicode>
                </TextEquiv>
            </TextLine>
            <TextLine id="r2l13" custom="readingOrder {index:12;}">
                <Coords points="440,1530 1618,1551 1873,1542 1924,1479 441,1463"/>
                <Baseline points="449,1515 522,1517 595,1518 668,1518 742,1520 815,1521 888,1521 961,1523 1035,1523 1108,1523 1181,1524 1254,1524 1328,1524 1401,1523 1474,1523 1547,1523 1621,1521 1694,1521 1767,1520 1840,1518 1914,1517"/>
                <TextEquiv>
                    <Unicode>τεροι οὖν καὶ ἄρχοντες οἱ μὴ διὰ τῆς ὑγιαινοῦσης</Unicode>
                </TextEquiv>
            </TextLine>
            <TextLine id="r2l14" custom="readingOrder {index:13;}">
                <Coords points="426,1590 1924,1632 1924,1534 1820,1525 1351,1562 426,1530"/>
                <Baseline points="435,1580 512,1581 590,1583 668,1584 746,1586 824,1586 902,1587 979,1587 1057,1587 1135,1587 1213,1587 1291,1587 1369,1587 1446,1587 1524,1587 1602,1586 1680,1586 1758,1586 1836,1586 1914,1586"/>
                <TextEquiv>
                    <Unicode>διδασκαλίας καὶ τῶν κατὰ τὀν ἴδιον βίον ἀγαθῶν</Unicode>
                </TextEquiv>
            </TextLine>
            <TextLine id="r2l15" custom="readingOrder {index:14;}">
                <Coords points="467,1661 1915,1690 1915,1627 1783,1606 467,1596"/>
                <Baseline points="477,1647 548,1650 619,1652 691,1653 762,1655 834,1656 905,1656 976,1656 1048,1656 1119,1656 1191,1656 1262,1656 1333,1656 1405,1656 1476,1656 1548,1656 1619,1656 1690,1656 1762,1658 1833,1658 1905,1661"/>
                <TextEquiv>
                    <Unicode>ὑποδειγμάτων τὸν ἀμπελῶνα γεωργοῦντες ταῦτα</Unicode>
                </TextEquiv>
            </TextLine>
            <TextLine id="r2l16" custom="readingOrder {index:15;}">
                <Coords points="427,1769 1852,1748 1822,1678 1561,1711 1226,1657 1066,1706 427,1667"/>
                <Baseline points="435,1725 505,1727 575,1727 646,1728 716,1728 786,1730 857,1730 927,1730 997,1731 1068,1731 1138,1731 1208,1731 1279,1731 1349,1731 1419,1731 1490,1731 1560,1730 1630,1730 1701,1728 1771,1727 1842,1725"/>
                <TextEquiv>
                    <Unicode>ἐγκληθησόμεθα εὐλόγως δὲ καὶ ἀκουσόμεθά το</Unicode>
                </TextEquiv>
            </TextLine>
            <TextLine id="r2l17" custom="readingOrder {index:16;}">
                <Coords points="428,1839 1876,1827 1863,1775 1496,1786 1446,1748 428,1767"/>
                <Baseline points="438,1808 509,1808 580,1809 652,1809 723,1811 795,1812 866,1812 937,1814 1009,1815 1080,1815 1152,1817 1223,1817 1294,1817 1366,1817 1437,1817 1509,1817 1580,1817 1651,1815 1723,1815 1794,1814 1866,1811"/>
                <TextEquiv>
                    <Unicode>καὶ ἡ ἀρπαγὴ τοῦ πτωχοῦ ἐν τοῖς οἴκοις ὑμῶν</Unicode>
                </TextEquiv>
            </TextLine>
            <TextLine id="r2l18" custom="readingOrder {index:17;}">
                <Coords points="438,1901 1531,1930 1889,1893 1889,1846 1817,1824 1035,1868 438,1833"/>
                <Baseline points="446,1886 517,1887 589,1889 661,1890 732,1891 804,1892 876,1893 947,1893 1019,1893 1091,1893 1163,1893 1234,1895 1306,1893 1378,1893 1449,1893 1521,1893 1593,1893 1664,1893 1736,1892 1808,1892 1880,1892"/>
                <TextEquiv>
                    <Unicode>ἐὰν τὰ εἰς λόγον τῆς ἀναπαύσεως τῶν πενήτων</Unicode>
                </TextEquiv>
            </TextLine>
            <TextLine id="r2l19" custom="readingOrder {index:18;}">
                <Coords points="422,1973 1627,2003 1866,1976 1866,1899 1681,1938 1318,1899 1197,1940 422,1904"/>
                <Baseline points="431,1956 502,1956 573,1958 644,1959 716,1961 787,1962 858,1964 929,1964 1001,1965 1072,1967 1143,1967 1214,1968 1286,1968 1357,1968 1428,1968 1499,1968 1571,1967 1642,1965 1713,1964 1784,1961 1856,1958"/>
                <TextEquiv>
                    <Unicode>διδόμενα ἐν τοῖς οἴκοις ἔχωμεν ἀποστεροῦντες</Unicode>
                </TextEquiv>
            </TextLine>
            <TextLine id="r2l20" custom="readingOrder {index:19;}">
                <Coords points="436,2046 1830,2063 1896,1997 437,1981"/>
                <Baseline points="446,2033 518,2031 590,2031 662,2030 734,2031 806,2031 878,2033 950,2033 1022,2034 1094,2036 1166,2037 1238,2039 1310,2040 1382,2041 1454,2042 1526,2042 1598,2042 1670,2040 1742,2039 1814,2036 1886,2033"/>
                <TextEquiv>
                    <Unicode>τοὺς ἐνδεεῖς τι υμεις αδικειτε τον λαο</Unicode>
                </TextEquiv>
            </TextLine>
            <TextLine id="r2l21" custom="readingOrder {index:20;}">
                <Coords points="462,2114 1882,2135 1928,2042 462,2061"/>
                <Baseline points="471,2099 543,2100 615,2102 688,2103 760,2103 833,2105 905,2105 977,2105 1050,2106 1122,2106 1195,2106 1267,2106 1339,2106 1412,2106 1484,2106 1557,2105 1629,2105 1701,2105 1774,2105 1846,2105 1919,2103"/>
                <TextEquiv>
                    <Unicode>μου και το προσωπον των πτωχων καταισχυνετε</Unicode>
                </TextEquiv>
            </TextLine>
            <TextLine id="r2l22" custom="readingOrder {index:21;}">
                <Coords points="453,2197 1744,2212 1862,2199 1863,2112 1477,2157 454,2121"/>
                <Baseline points="462,2178 531,2178 601,2178 670,2178 740,2178 810,2180 879,2180 949,2180 1018,2181 1088,2181 1158,2183 1227,2183 1297,2184 1366,2184 1436,2184 1506,2184 1575,2184 1645,2184 1714,2184 1784,2183 1854,2183"/>
                <TextEquiv>
                    <Unicode>εθος τοις αδικουσι και αποστερουσιν επειδαν</Unicode>
                </TextEquiv>
            </TextLine>
            <TextLine id="r2l23" custom="readingOrder {index:22;}">
                <Coords points="447,2279 1661,2301 1911,2282 1912,2215 447,2195"/>
                <Baseline points="456,2258 528,2258 600,2259 672,2259 745,2259 817,2261 889,2261 962,2261 1034,2262 1106,2262 1179,2262 1251,2264 1323,2264 1395,2264 1468,2264 1540,2264 1612,2264 1685,2264 1757,2264 1829,2264 1902,2264"/>
                <TextEquiv>
                    <Unicode>εγκαλωνται παρα των ηδικημενων υβρεσι και λοι</Unicode>
                </TextEquiv>
            </TextLine>
            <TextLine id="r2l24" custom="readingOrder {index:23;}">
                <Coords points="426,2346 1820,2358 1877,2346 1878,2272 977,2306 426,2270"/>
                <Baseline points="435,2327 506,2328 578,2330 650,2330 721,2331 793,2333 865,2334 936,2334 1008,2335 1080,2336 1152,2336 1223,2336 1295,2336 1367,2336 1438,2336 1510,2334 1582,2334 1653,2333 1725,2331 1797,2330 1869,2327"/>
                <TextEquiv>
                    <Unicode>δοριαις καταισχυνειν αυτους εξευτελιζοντες και</Unicode>
                </TextEquiv>
            </TextLine>
            <TextLine id="r2l25" custom="readingOrder {index:24;}">
                <Coords points="436,2403 1882,2408 1882,2364 1779,2341 1258,2384 437,2348"/>
                <Baseline points="446,2393 517,2395 588,2397 659,2399 731,2400 802,2402 873,2403 945,2405 1016,2406 1087,2406 1159,2408 1230,2408 1301,2408 1372,2408 1444,2408 1515,2408 1586,2406 1658,2405 1729,2403 1800,2402 1872,2399"/>
                <TextEquiv>
                    <Unicode>πληγας απειλουντες και ως φιλοπραγμονας δια</Unicode>
                </TextEquiv>
            </TextLine>
            <TextLine id="r2l26" custom="readingOrder {index:25;}">
                <Coords points="431,2471 1923,2479 1923,2429 1842,2409 1738,2447 431,2419"/>
                <Baseline points="440,2459 513,2462 587,2463 661,2465 734,2468 808,2469 882,2471 955,2473 1029,2475 1103,2477 1177,2477 1250,2478 1324,2478 1398,2478 1471,2478 1545,2478 1619,2477 1692,2475 1766,2474 1840,2471 1914,2468"/>
                <TextEquiv>
                    <Unicode>βαλλλοντες ου μονον ουν φησιν αδικειτε τον πενητα</Unicode>
                </TextEquiv>
            </TextLine>
            <TextLine id="r2l27" custom="readingOrder {index:26;}">
                <Coords points="440,2544 1196,2546 1339,2586 1877,2541 1877,2500 1720,2488 887,2517 441,2468"/>
                <Baseline points="449,2532 523,2535 598,2538 673,2540 747,2541 822,2544 897,2544 971,2546 1046,2547 1121,2547 1195,2547 1270,2547 1345,2547 1419,2547 1494,2546 1569,2546 1643,2545 1718,2544 1793,2543 1868,2541"/>
                <TextEquiv>
                    <Unicode>ευδιαρπαστον οντα και ευεπιβουλευτον δια την</Unicode>
                </TextEquiv>
            </TextLine>
            <TextLine id="r2l28" custom="readingOrder {index:27;}">
                <Coords points="435,2630 1790,2631 1867,2612 1867,2567 987,2557 889,2593 794,2546 700,2583 434,2541"/>
                <Baseline points="443,2607 513,2609 584,2612 655,2613 726,2615 797,2616 867,2616 938,2618 1009,2618 1080,2618 1151,2618 1221,2618 1292,2618 1363,2616 1434,2616 1505,2615 1575,2613 1646,2612 1717,2610 1788,2609 1859,2607"/>
                <TextEquiv>
                    <Unicode>ερημιαν αλλα και καταισχυνετε τα προσωπα</Unicode>
                </TextEquiv>
            </TextLine>
            <TextLine id="r2l29" custom="readingOrder {index:28;}">
                <Coords points="435,2676 1213,2719 1836,2681 1746,2628 1256,2666 435,2630"/>
                <Baseline points="444,2666 513,2670 582,2675 651,2679 720,2681 789,2685 858,2687 928,2689 997,2690 1066,2691 1135,2691 1204,2691 1273,2691 1342,2690 1412,2690 1481,2688 1550,2687 1619,2685 1688,2683 1757,2681 1827,2679"/>
                <TextEquiv>
                    <Unicode>των πτωχων την υμιν προσηκουσαν εκ της α</Unicode>
                </TextEquiv>
            </TextLine>
            <TextLine id="r2l30" custom="readingOrder {index:29;}">
                <Coords points="425,2757 553,2752 673,2814 944,2763 1062,2805 1809,2793 1855,2733 555,2724 426,2677"/>
                <Baseline points="435,2744 505,2747 576,2750 646,2753 717,2756 787,2758 858,2760 928,2763 999,2764 1069,2766 1140,2768 1210,2768 1281,2769 1351,2769 1422,2769 1492,2769 1563,2768 1633,2768 1704,2766 1774,2763 1845,2762"/>
                <TextEquiv>
                    <Unicode>δικιας αισχυνην ταυτην εκ της τυραννιδος υμων </Unicode>
                </TextEquiv>
            </TextLine>
            <TextEquiv>
                <Unicode>ἐγγινομένα πάθη μὴ σβεννύντες ἀλλὰ τῆ εκλύσει &#13;
τοῦ βίου τοῦ καθ ΄ εαυτοὺς πολλὰ γίνεσθαι συγχωροῦν&#13;
τες ἐμπυρίζουσιν ἀμπελῶνα ἀλλὰ καὶ ὁ διὰ&#13;
τῆς ἡδίας πλεονεξίας πολλοὺς εἰς τὴν τῶν ἀλ&#13;
λοτρίων ἐπιθυμίαν προκαλούμενος ἐμπυρί&#13;
ζει τὸν ἀμπελῶνα συνάπτει γαρ τό καὶ ἡ ἀρπα&#13;
γὴ τοῦ πτωχοῦ ἐν τοῖς οἴκοις ὑμῶν ὥστε καὶ ἄ&#13;
δικον κτῆσιν και ἀπὸ ἀρπαγῆς καὶ βίας συλλέγοντες&#13;
αἰτίαν τοῦ ἐμπρησμοῦ τῶ ἀμπελῶνι παρέχουσιν&#13;
ἐκ τοῦ πονηροῦ ὑποδείγματος τοῦ κατὰ τοὺς προ&#13;
εστῶτας καὶ τοῦ λαοῦ παντὸς εἰς τὴν κατ΄ἀλλή&#13;
λων πλεονεξίαν παιδοτριβομένου πρεσβύ&#13;
τεροι οὖν καὶ ἄρχοντες οἱ μὴ διὰ τῆς ὑγιαινοῦσης&#13;
διδασκαλίας καὶ τῶν κατὰ τὀν ἴδιον βίον ἀγαθῶν&#13;
ὑποδειγμάτων τὸν ἀμπελῶνα γεωργοῦντες ταῦτα&#13;
ἐγκληθησόμεθα εὐλόγως δὲ καὶ ἀκουσόμεθά το&#13;
καὶ ἡ ἀρπαγὴ τοῦ πτωχοῦ ἐν τοῖς οἴκοις ὑμῶν&#13;
ἐὰν τὰ εἰς λόγον τῆς ἀναπαύσεως τῶν πενήτων&#13;
διδόμενα ἐν τοῖς οἴκοις ἔχωμεν ἀποστεροῦντες&#13;
τοὺς ἐνδεεῖς τι υμεις αδικειτε τον λαο&#13;
μου και το προσωπον των πτωχων καταισχυνετε&#13;
εθος τοις αδικουσι και αποστερουσιν επειδαν&#13;
εγκαλωνται παρα των ηδικημενων υβρεσι και λοι&#13;
δοριαις καταισχυνειν αυτους εξευτελιζοντες και&#13;
πληγας απειλουντες και ως φιλοπραγμονας δια&#13;
βαλλλοντες ου μονον ουν φησιν αδικειτε τον πενητα&#13;
ευδιαρπαστον οντα και ευεπιβουλευτον δια την&#13;
ερημιαν αλλα και καταισχυνετε τα προσωπα&#13;
των πτωχων την υμιν προσηκουσαν εκ της α&#13;
δικιας αισχυνην ταυτην εκ της τυραννιδος υμων </Unicode>
            </TextEquiv>
        </TextRegion>
        <TextRegion orientation="0.0" id="r3" custom="readingOrder {index:2;}">
            <Coords points="2102,356 2102,509 2147,509 2147,356"/>
            <TextEquiv>
                <Unicode></Unicode>
            </TextEquiv>
        </TextRegion>
    </Page>
</PcGts>
