<?xml version="1.0" encoding="UTF-8" standalone="yes"?>
<PcGts xmlns="http://schema.primaresearch.org/PAGE/gts/pagecontent/2013-07-15" xmlns:xsi="http://www.w3.org/2001/XMLSchema-instance" xsi:schemaLocation="http://schema.primaresearch.org/PAGE/gts/pagecontent/2013-07-15 http://schema.primaresearch.org/PAGE/gts/pagecontent/2013-07-15/pagecontent.xsd">
    <Metadata>
        <Creator>prov=University of Rostock/Institute of Mathematics/CITlab|PLANET AI GmbH/Gundram Leifert/gundram.leifert@planet-ai.de:name=HPGTR(htr_id=41125)::::v=2.6.7
prov=University of Rostock/Institute of Mathematics/CITlab|PLANET AI GmbH/Tobias Gruening/tobias.gruening@planet-ai.de:name=de.uros.citlab.module.baseline2polygon.B2PSeamMultiOriented:v=2.6.7
prov=University of Rostock/Institute of Mathematics/CITlab|PLANET AI GmbH/Tobias Gruening/tobias.gruening@planet-ai.de:name=/net_tf/LA73_249_0mod360.pb:de.uros.citlab.segmentation.CITlab_LA_ML:v=2.6.7
Transkribus</Creator>
        <Created>2021-09-19T17:37:01.131+03:00</Created>
        <LastChange>2023-06-03T17:32:48.653+02:00</LastChange>
        <TranskribusMetadata docId="1458633" pageId="56018869" pageNr="2" tsid="125448520" status="IN_PROGRESS" userId="99263" imgUrl="https://files.transkribus.eu/Get?id=ADCSLHNKHXRZIJWKLISNCMXY&amp;fileType=view" xmlUrl="https://files.transkribus.eu/Get?id=WLEDBYAKBWDVTIAAASGIAGKH" imageId="23265766"/>
    </Metadata>
    <Page imageFilename="0002_2 Bodleian-Library-MS-Barocci-102_00158_fol-75v.jpg" imageWidth="2557" imageHeight="3409">
        <ReadingOrder>
            <OrderedGroup id="ro_1686139438907" caption="Regions reading order">
                <RegionRefIndexed index="0" regionRef="r1"/>
            </OrderedGroup>
        </ReadingOrder>
        <TextRegion orientation="0.0" id="r1" custom="readingOrder {index:0;}">
            <Coords points="662,568 662,2818 2207,2818 2207,568"/>
            <TextLine id="r1l1" custom="readingOrder {index:0;}">
                <Coords points="710,633 2178,614 2141,563 1678,574 1467,522 1090,576 931,521 710,545"/>
                <Baseline points="719,603 791,605 864,606 936,608 1009,608 1081,608 1154,608 1226,608 1299,606 1371,606 1444,606 1516,606 1589,606 1661,606 1734,606 1806,608 1879,609 1951,611 2024,614 2096,618 2169,623"/>
                <TextEquiv>
                    <Unicode>τοις πτωχοις περιτρεπετε μαρτυρας αναπειθον</Unicode>
                </TextEquiv>
            </TextLine>
            <TextLine id="r1l2" custom="readingOrder {index:1;}">
                <Coords points="710,693 2106,720 2107,658 1928,617 1502,673 1395,620 1070,661 711,632"/>
                <Baseline points="720,680 788,681 857,683 926,684 995,685 1064,686 1133,688 1201,690 1270,691 1339,693 1408,694 1477,696 1546,697 1615,698 1683,699 1752,701 1821,702 1890,702 1959,704 2028,704 2097,704"/>
                <TextEquiv>
                    <Unicode>τες συνηγορους μισθουμενοι τους δικαζοντας </Unicode>
                </TextEquiv>
            </TextLine>
            <TextLine id="r1l3" custom="readingOrder {index:2;}">
                <Coords points="700,773 1453,817 2028,779 2205,830 2206,750 2132,711 1952,752 1802,707 701,713"/>
                <Baseline points="710,761 784,762 858,764 932,764 1007,765 1081,765 1155,767 1230,767 1304,768 1378,768 1453,770 1527,770 1601,771 1675,772 1750,773 1824,774 1898,776 1973,776 2047,777 2121,779 2196,782"/>
                <TextEquiv>
                    <Unicode>παραπειθοντες εως αν προς τη λοιπη αδικια </Unicode>
                </TextEquiv>
            </TextLine>
            <TextLine id="r1l4" custom="readingOrder {index:3;}">
                <Coords points="695,879 2167,884 2167,808 2113,792 695,813"/>
                <Baseline points="704,852 776,851 849,851 921,851 994,851 1067,851 1139,851 1212,851 1285,851 1357,852 1430,852 1503,852 1575,854 1648,854 1721,854 1793,855 1866,855 1939,855 2011,855 2084,855 2157,855"/>
                <TextEquiv>
                    <Unicode>και την εκ της συκοφαντιας αισχυνην τοις πενησι </Unicode>
                </TextEquiv>
            </TextLine>
            <TextLine id="r1l5" custom="readingOrder {index:4;}">
                <Coords points="705,935 937,984 1053,939 2181,948 2181,892 1988,856 1701,898 1078,850 992,896 705,878"/>
                <Baseline points="714,929 786,930 859,930 932,930 1005,930 1078,932 1151,932 1223,932 1296,932 1369,932 1442,932 1515,932 1588,932 1661,932 1733,932 1806,932 1879,933 1952,933 2025,933 2098,935 2171,936"/>
                <TextEquiv>
                    <Unicode>περιστησετε γινεται δε και αλλως ημετερον το </Unicode>
                </TextEquiv>
            </TextLine>
            <TextLine id="r1l6" custom="readingOrder {index:5;}">
                <Coords points="702,1032 2157,1025 2099,953 1380,989 1054,940 936,985 702,934"/>
                <Baseline points="711,1010 782,1013 854,1015 926,1017 998,1019 1070,1019 1142,1019 1213,1019 1285,1019 1357,1019 1429,1017 1501,1017 1573,1016 1645,1014 1716,1014 1788,1013 1860,1011 1932,1010 2004,1010 2076,1008 2148,1008"/>
                <TextEquiv>
                    <Unicode>εγκλημα οταν εν τοις ομοιοις πταισμασι των </Unicode>
                </TextEquiv>
            </TextLine>
            <TextLine id="r1l7" custom="readingOrder {index:6;}">
                <Coords points="717,1124 842,1086 1208,1136 2172,1120 2196,1027 836,1021 717,1059"/>
                <Baseline points="726,1092 799,1094 872,1095 945,1097 1018,1097 1091,1097 1164,1097 1237,1097 1310,1095 1383,1095 1456,1094 1529,1093 1602,1092 1675,1091 1748,1089 1821,1089 1894,1089 1967,1088 2040,1088 2113,1089 2186,1089"/>
                <TextEquiv>
                    <Unicode>μεν πενητων σφοδρως καθαπτωμεθα δημοσιευον</Unicode>
                </TextEquiv>
            </TextLine>
            <TextLine id="r1l8" custom="readingOrder {index:7;}">
                <Coords points="717,1185 2172,1186 2172,1139 2061,1094 1084,1141 842,1086 717,1125"/>
                <Baseline points="726,1169 797,1169 869,1170 941,1170 1013,1170 1085,1172 1157,1172 1228,1172 1300,1172 1372,1172 1444,1173 1516,1173 1588,1173 1660,1173 1731,1173 1803,1173 1875,1173 1947,1172 2019,1172 2091,1172 2163,1170"/>
                <TextEquiv>
                    <Unicode>τες μεν αυτων τα πταισματα και μηδενος ονειδους </Unicode>
                </TextEquiv>
            </TextLine>
            <TextLine id="r1l9" custom="readingOrder {index:8;}">
                <Coords points="708,1274 2168,1255 2168,1187 707,1175"/>
                <Baseline points="716,1242 788,1244 860,1244 932,1245 1004,1245 1076,1245 1148,1245 1221,1247 1293,1247 1365,1247 1437,1247 1509,1247 1581,1247 1653,1245 1726,1245 1798,1244 1870,1242 1942,1241 2014,1239 2086,1236 2159,1235"/>
                <TextEquiv>
                    <Unicode>φειδομενοι ενεπιδεικνυμενοι μεν τον του θυ </Unicode>
                </TextEquiv>
            </TextLine>
            <TextLine id="r1l10" custom="readingOrder {index:9;}">
                <Coords points="704,1341 2195,1335 2208,1268 704,1278"/>
                <Baseline points="713,1316 787,1316 861,1316 935,1316 1010,1316 1084,1316 1158,1314 1232,1314 1307,1314 1381,1314 1455,1314 1529,1314 1604,1313 1678,1313 1752,1313 1826,1313 1901,1311 1975,1311 2049,1311 2123,1310 2198,1310"/>
                <TextEquiv>
                    <Unicode>ζηλον τοις πενησι και εκ τουτου τα προσωπα </Unicode>
                </TextEquiv>
            </TextLine>
            <TextLine id="r1l11" custom="readingOrder {index:10;}">
                <Coords points="709,1418 2190,1405 2189,1320 708,1345"/>
                <Baseline points="719,1386 792,1388 865,1389 938,1389 1011,1389 1084,1389 1157,1389 1230,1389 1303,1388 1376,1388 1450,1386 1523,1386 1596,1385 1669,1383 1742,1382 1815,1380 1888,1379 1961,1378 2034,1377 2107,1376 2181,1374"/>
                <TextEquiv>
                    <Unicode>αυτων καταισχυνοντες επει δε εισι τινες πτωχοι </Unicode>
                </TextEquiv>
            </TextLine>
            <TextLine id="r1l12" custom="readingOrder {index:11;}">
                <Coords points="700,1488 1105,1518 1170,1475 1399,1510 1593,1460 2148,1472 2147,1425 1739,1391 1570,1430 1420,1396 700,1425"/>
                <Baseline points="710,1469 781,1470 852,1472 924,1472 995,1472 1067,1472 1138,1472 1210,1470 1281,1470 1353,1469 1424,1467 1495,1466 1567,1464 1638,1464 1710,1463 1781,1463 1853,1461 1924,1461 1996,1463 2067,1463 2139,1464"/>
                <TextEquiv>
                    <Unicode>μακαριζομενοι οι δια την θεοσεβειαν παντων </Unicode>
                </TextEquiv>
            </TextLine>
            <TextLine id="r1l13" custom="readingOrder {index:12;}">
                <Coords points="717,1582 2158,1541 2157,1461 1851,1511 1723,1467 1397,1512 1171,1473 1034,1525 716,1493"/>
                <Baseline points="726,1548 797,1551 868,1553 939,1553 1010,1553 1081,1553 1152,1553 1223,1551 1294,1551 1365,1550 1437,1548 1508,1547 1579,1545 1650,1544 1721,1542 1792,1542 1863,1541 1934,1541 2005,1541 2076,1542 2148,1544"/>
                <TextEquiv>
                    <Unicode>καταφρονησαντες και επ ελπιδι του κατά θεον </Unicode>
                </TextEquiv>
            </TextLine>
            <TextLine id="r1l14" custom="readingOrder {index:13;}">
                <Coords points="725,1651 2053,1632 2187,1622 2187,1573 724,1578"/>
                <Baseline points="735,1628 807,1628 879,1628 951,1628 1023,1626 1095,1626 1167,1625 1240,1623 1312,1622 1384,1621 1456,1620 1528,1619 1600,1617 1672,1616 1745,1614 1817,1613 1889,1611 1961,1610 2033,1610 2105,1608 2178,1608"/>
                <TextEquiv>
                    <Unicode>πλουτου της κοσμικης περιουσιας υπεριδον</Unicode>
                </TextEquiv>
            </TextLine>
            <TextLine id="r1l15" custom="readingOrder {index:14;}">
                <Coords points="730,1693 2043,1715 2136,1689 2135,1618 729,1653"/>
                <Baseline points="740,1694 809,1695 878,1697 947,1698 1017,1698 1086,1698 1155,1698 1225,1697 1294,1695 1363,1694 1433,1691 1502,1689 1571,1687 1640,1685 1710,1683 1779,1681 1848,1680 1918,1679 1987,1677 2056,1677 2126,1676"/>
                <TextEquiv>
                    <Unicode>τες  οι κακως προεστωτες του λαου αντι του </Unicode>
                </TextEquiv>
            </TextLine>
            <TextLine id="r1l16" custom="readingOrder {index:15;}">
                <Coords points="714,1778 2180,1765 2158,1688 1166,1734 713,1701"/>
                <Baseline points="722,1758 794,1761 866,1763 939,1764 1011,1764 1084,1766 1156,1766 1229,1766 1301,1766 1374,1764 1446,1764 1518,1763 1591,1761 1663,1760 1736,1758 1808,1755 1881,1754 1953,1752 2026,1749 2098,1747 2171,1745"/>
                <TextEquiv>
                    <Unicode>μακαριζειν τους ουτω πτωχευοντας διαβαλλον</Unicode>
                </TextEquiv>
            </TextLine>
            <TextLine id="r1l17" custom="readingOrder {index:16;}">
                <Coords points="719,1863 2069,1847 2163,1834 2162,1767 718,1807"/>
                <Baseline points="728,1845 799,1845 870,1845 941,1847 1013,1845 1084,1845 1155,1845 1227,1844 1298,1844 1369,1842 1441,1841 1512,1839 1583,1838 1654,1836 1726,1835 1797,1833 1868,1831 1940,1829 2011,1827 2082,1826 2154,1824"/>
                <TextEquiv>
                    <Unicode>τες και εξουθενουντες και την επαινετην αυτων</Unicode>
                </TextEquiv>
            </TextLine>
            <TextLine id="r1l18" custom="readingOrder {index:17;}">
                <Coords points="730,1950 2030,1933 2192,1914 2192,1864 729,1864"/>
                <Baseline points="740,1925 812,1923 884,1922 956,1922 1028,1920 1100,1920 1172,1919 1245,1919 1317,1918 1389,1917 1461,1916 1533,1916 1605,1914 1677,1913 1750,1913 1822,1911 1894,1909 1966,1907 2038,1905 2110,1904 2183,1901"/>
                <TextEquiv>
                    <Unicode> ταπεινοφροσυνην εξευτελιζοντες εικοτως </Unicode>
                </TextEquiv>
            </TextLine>
            <TextLine id="r1l19" custom="readingOrder {index:18;}">
                <Coords points="730,2027 1376,1991 1577,2026 1651,1989 1798,2026 1960,1977 2181,2013 2155,1908 1173,1976 729,1949"/>
                <Baseline points="740,2009 811,2006 883,2003 954,2001 1026,2000 1097,1998 1169,1997 1240,1995 1312,1994 1383,1994 1455,1992 1527,1991 1598,1991 1670,1989 1741,1988 1813,1986 1884,1985 1956,1983 2027,1981 2099,1979 2171,1976"/>
                <TextEquiv>
                    <Unicode>εγκαλουνται  μαλιστα εάν πρεσβυτεροι ωσιν η αρ</Unicode>
                </TextEquiv>
            </TextLine>
            <TextLine id="r1l20" custom="readingOrder {index:19;}">
                <Coords points="707,2119 837,2077 2133,2091 2158,2010 705,2034"/>
                <Baseline points="716,2084 787,2082 859,2079 931,2076 1002,2075 1074,2073 1146,2072 1217,2070 1289,2069 1361,2069 1433,2067 1504,2067 1576,2066 1648,2064 1719,2064 1791,2063 1863,2061 1934,2060 2006,2058 2078,2055 2150,2054"/>
                <TextEquiv>
                    <Unicode>χοντες ως τα προσωπα των αγιων πτωχων καται</Unicode>
                </TextEquiv>
            </TextLine>
            <TextLine id="r1l21" custom="readingOrder {index:20;}">
                <Coords points="746,2165 1885,2161 2163,2142 2204,2094 745,2109"/>
                <Baseline points="756,2148 831,2146 907,2144 983,2142 1058,2141 1134,2139 1210,2139 1286,2138 1361,2138 1437,2136 1513,2136 1589,2135 1664,2134 1740,2133 1816,2132 1892,2130 1967,2129 2043,2127 2119,2124 2195,2121"/>
                <TextEquiv>
                    <Unicode>σχυνοντες οποιος ην πτωχος ιωαννης μη </Unicode>
                </TextEquiv>
            </TextLine>
            <TextLine id="r1l22" custom="readingOrder {index:21;}">
                <Coords points="740,2226 2197,2217 2215,2131 1839,2173 739,2158"/>
                <Baseline points="750,2213 822,2213 895,2213 968,2212 1041,2211 1114,2211 1187,2210 1259,2208 1332,2207 1405,2207 1478,2205 1551,2204 1624,2202 1697,2201 1769,2201 1842,2199 1915,2198 1988,2198 2061,2197 2134,2196 2207,2196"/>
                <TextEquiv>
                    <Unicode>οικον εχων μη οικετην μη βουν αροτηρα μη </Unicode>
                </TextEquiv>
            </TextLine>
            <TextLine id="r1l23" custom="readingOrder {index:22;}">
                <Coords points="729,2334 990,2282 1148,2318 2139,2298 2193,2282 2192,2225 727,2246"/>
                <Baseline points="737,2292 809,2294 881,2294 953,2294 1026,2292 1098,2291 1170,2291 1243,2289 1315,2287 1387,2285 1460,2283 1532,2282 1604,2280 1676,2277 1749,2276 1821,2274 1893,2273 1966,2271 2038,2271 2110,2270 2183,2270"/>
                <TextEquiv>
                    <Unicode>γηδιον μη κλινην μη τραπεζαν μη αρτον </Unicode>
                </TextEquiv>
            </TextLine>
            <TextLine id="r1l24" custom="readingOrder {index:23;}">
                <Coords points="719,2394 790,2359 985,2405 1200,2354 1551,2402 2084,2365 2083,2305 1911,2287 1814,2326 1415,2291 718,2332"/>
                <Baseline points="728,2370 795,2368 862,2366 930,2364 997,2363 1064,2362 1132,2361 1199,2361 1266,2360 1334,2360 1401,2360 1468,2360 1536,2360 1603,2358 1670,2358 1738,2357 1805,2355 1872,2354 1940,2352 2007,2349 2075,2346"/>
                <TextEquiv>
                    <Unicode>οποιος ηλιας οποιος των αγιων εκαστος </Unicode>
                </TextEquiv>
            </TextLine>
            <TextLine id="r1l25" custom="readingOrder {index:24;}">
                <Coords points="746,2453 1598,2437 1780,2474 2149,2422 2169,2377 745,2383"/>
                <Baseline points="756,2445 826,2442 896,2439 966,2437 1036,2435 1107,2435 1177,2435 1247,2435 1317,2435 1387,2435 1458,2435 1528,2435 1598,2435 1668,2435 1738,2433 1809,2432 1879,2430 1949,2427 2019,2423 2089,2418 2160,2412"/>
                <TextEquiv>
                    <Unicode>οι περιηλθον εν μηλωταις εν αιγειοις δερμα</Unicode>
                </TextEquiv>
            </TextLine>
            <TextLine id="r1l26" custom="readingOrder {index:25;}">
                <Coords points="743,2516 1992,2535 2196,2505 2196,2420 1782,2478 1597,2437 743,2454"/>
                <Baseline points="753,2514 824,2510 896,2508 968,2507 1039,2505 1111,2504 1183,2504 1254,2504 1326,2504 1398,2502 1470,2502 1541,2502 1613,2502 1685,2502 1756,2502 1828,2502 1900,2501 1971,2499 2043,2498 2115,2495 2187,2493"/>
                <TextEquiv>
                    <Unicode>σιν υστερουμενοι θλιβομενοι κακουχουμενοι </Unicode>
                </TextEquiv>
            </TextLine>
            <TextLine id="r1l27" custom="readingOrder {index:26;}">
                <Coords points="652,2614 2169,2583 2168,2521 2095,2507 870,2505 803,2543 707,2465 651,2483"/>
                <Baseline points="662,2586 736,2583 811,2580 886,2577 961,2576 1036,2574 1111,2573 1185,2573 1260,2571 1335,2571 1410,2571 1485,2571 1560,2571 1635,2571 1709,2571 1784,2570 1859,2568 1934,2567 2009,2565 2084,2563 2159,2559"/>
                <TextEquiv>
                    <Unicode>ανθ ων υψωθησαν αι θυγατερες σιων και ε</Unicode>
                </TextEquiv>
            </TextLine>
            <TextLine id="r1l28" custom="readingOrder {index:27;}">
                <Coords points="756,2670 1900,2669 2207,2631 2207,2583 756,2603"/>
                <Baseline points="765,2648 836,2645 908,2643 979,2642 1051,2640 1123,2640 1194,2640 1266,2640 1338,2640 1409,2640 1481,2640 1553,2642 1624,2642 1696,2642 1768,2642 1839,2640 1911,2640 1983,2639 2054,2637 2126,2634 2198,2631"/>
                <TextEquiv>
                    <Unicode>πορευθησαν υψηλω τραχηλω και εν νευμα</Unicode>
                </TextEquiv>
            </TextLine>
            <TextLine id="r1l29" custom="readingOrder {index:28;}">
                <Coords points="755,2747 2133,2702 2131,2641 1765,2683 1326,2642 1207,2680 754,2668"/>
                <Baseline points="765,2733 836,2727 908,2723 979,2720 1051,2717 1122,2715 1194,2714 1265,2712 1337,2712 1408,2712 1480,2711 1551,2711 1623,2711 1694,2711 1766,2709 1837,2708 1909,2705 1980,2703 2052,2699 2124,2694"/>
                <TextEquiv>
                    <Unicode>σιν οφθαλμων και τη πορεια των ποδων α</Unicode>
                </TextEquiv>
            </TextLine>
            <TextLine id="r1l30" custom="readingOrder {index:29;}">
                <Coords points="747,2826 1207,2800 1315,2846 1544,2795 1710,2825 2194,2782 2192,2711 2092,2700 1697,2754 745,2747"/>
                <Baseline points="755,2801 826,2798 897,2796 969,2795 1040,2793 1112,2793 1183,2793 1254,2793 1326,2793 1397,2792 1469,2792 1540,2792 1611,2790 1683,2788 1754,2786 1826,2783 1897,2778 1968,2774 2040,2768 2111,2761 2183,2753"/>
                <TextEquiv>
                    <Unicode>μα συρουσαι τους χιτωνας και τοις ποσιν αμα   </Unicode>
                </TextEquiv>
            </TextLine>
            <TextEquiv>
                <Unicode>τοις πτωχοις περιτρεπετε μαρτυρας αναπειθον&#13;
τες συνηγορους μισθουμενοι τους δικαζοντας &#13;
παραπειθοντες εως αν προς τη λοιπη αδικια &#13;
και την εκ της συκοφαντιας αισχυνην τοις πενησι &#13;
περιστησετε γινεται δε και αλλως ημετερον το &#13;
εγκλημα οταν εν τοις ομοιοις πταισμασι των &#13;
μεν πενητων σφοδρως καθαπτωμεθα δημοσιευον&#13;
τες μεν αυτων τα πταισματα και μηδενος ονειδους &#13;
φειδομενοι ενεπιδεικνυμενοι μεν τον του θυ &#13;
ζηλον τοις πενησι και εκ τουτου τα προσωπα &#13;
αυτων καταισχυνοντες επει δε εισι τινες πτωχοι &#13;
μακαριζομενοι οι δια την θεοσεβειαν παντων &#13;
καταφρονησαντες και επ ελπιδι του κατά θεον &#13;
πλουτου της κοσμικης περιουσιας υπεριδον&#13;
τες  οι κακως προεστωτες του λαου αντι του &#13;
μακαριζειν τους ουτω πτωχευοντας διαβαλλον&#13;
τες και εξουθενουντες και την επαινετην αυτων&#13;
 ταπεινοφροσυνην εξευτελιζοντες εικοτως &#13;
εγκαλουνται  μαλιστα εάν πρεσβυτεροι ωσιν η αρ&#13;
χοντες ως τα προσωπα των αγιων πτωχων καται&#13;
σχυνοντες οποιος ην πτωχος ιωαννης μη &#13;
οικον εχων μη οικετην μη βουν αροτηρα μη &#13;
γηδιον μη κλινην μη τραπεζαν μη αρτον &#13;
οποιος ηλιας οποιος των αγιων εκαστος &#13;
οι περιηλθον εν μηλωταις εν αιγειοις δερμα&#13;
σιν υστερουμενοι θλιβομενοι κακουχουμενοι &#13;
ανθ ων υψωθησαν αι θυγατερες σιων και ε&#13;
πορευθησαν υψηλω τραχηλω και εν νευμα&#13;
σιν οφθαλμων και τη πορεια των ποδων α&#13;
μα συρουσαι τους χιτωνας και τοις ποσιν αμα   </Unicode>
            </TextEquiv>
        </TextRegion>
    </Page>
</PcGts>
