<?xml version="1.0" encoding="UTF-8" standalone="yes"?>
<PcGts xmlns="http://schema.primaresearch.org/PAGE/gts/pagecontent/2013-07-15" xmlns:xsi="http://www.w3.org/2001/XMLSchema-instance" xsi:schemaLocation="http://schema.primaresearch.org/PAGE/gts/pagecontent/2013-07-15 http://schema.primaresearch.org/PAGE/gts/pagecontent/2013-07-15/pagecontent.xsd">
    <Metadata>
        <Creator>prov=University of Rostock/Institute of Mathematics/CITlab|PLANET AI GmbH/Gundram Leifert/gundram.leifert@planet-ai.de:name=HPGTR(htr_id=41125)::::v=2.6.7
prov=University of Rostock/Institute of Mathematics/CITlab|PLANET AI GmbH/Tobias Gruening/tobias.gruening@planet-ai.de:name=de.uros.citlab.module.baseline2polygon.B2PSeamMultiOriented:v=2.6.7
prov=University of Rostock/Institute of Mathematics/CITlab|PLANET AI GmbH/Tobias Gruening/tobias.gruening@planet-ai.de:name=/net_tf/LA73_249_0mod360.pb:de.uros.citlab.segmentation.CITlab_LA_ML:v=2.6.7
Transkribus</Creator>
        <Created>2021-09-19T17:37:01.527+03:00</Created>
        <LastChange>2023-06-03T17:39:44.879+02:00</LastChange>
        <TranskribusMetadata docId="1458633" pageId="56018870" pageNr="3" tsid="125449920" status="IN_PROGRESS" userId="99263" imgUrl="https://files.transkribus.eu/Get?id=HYCJWERIUJSQMTYKIXOQHTNU&amp;fileType=view" xmlUrl="https://files.transkribus.eu/Get?id=KQJIUFVEYGNNLKQFFLQYYSXC" imageId="23265767"/>
    </Metadata>
    <Page imageFilename="0003_3 Bodleian-Library-MS-Barocci-102_00159_fol-76r.jpg" imageWidth="2557" imageHeight="3409">
        <ReadingOrder>
            <OrderedGroup id="ro_1686139439210" caption="Regions reading order">
                <RegionRefIndexed index="0" regionRef="r1"/>
                <RegionRefIndexed index="1" regionRef="r2"/>
            </OrderedGroup>
        </ReadingOrder>
        <TextRegion orientation="0.0" id="r1" custom="readingOrder {index:0;}">
            <Coords points="366,552 366,2750 1848,2750 1848,552"/>
            <TextLine id="r1l1" custom="readingOrder {index:0;}">
                <Coords points="396,630 675,607 821,655 892,600 1155,631 1268,590 1711,625 1787,616 1786,538 1639,500 1147,561 871,511 735,568 395,566"/>
                <Baseline points="405,605 473,603 542,603 610,602 679,601 748,599 816,598 885,596 954,594 1022,593 1091,591 1160,590 1228,588 1297,588 1366,587 1434,587 1503,587 1572,587 1640,588 1709,590 1778,591"/>
                <TextEquiv>
                    <Unicode>παιζουσαι και ταπεινωσει ο θς αρχουσας θυ</Unicode>
                </TextEquiv>
            </TextLine>
            <TextLine id="r1l2" custom="readingOrder {index:1;}">
                <Coords points="402,729 458,703 487,724 515,703 589,725 685,695 789,711 857,688 856,654 836,647 595,659 558,625 528,639 476,622 430,642 401,632"/>
                <Baseline points="410,692 435,692 461,693 487,693 513,693 538,693 564,693 590,693 616,692 641,692 667,690 693,690 719,690 744,689 770,687 796,687 822,685 848,684"/>
                <TextEquiv>
                    <Unicode>γατερας σιων </Unicode>
                </TextEquiv>
            </TextLine>
            <TextLine id="r1l3" custom="readingOrder {index:2;}">
                <Coords points="372,827 534,770 1810,779 1821,714 1555,662 1416,716 860,679 370,739"/>
                <Baseline points="380,770 451,769 523,768 594,767 666,767 738,765 809,763 881,761 952,759 1024,758 1096,755 1167,753 1239,752 1310,750 1382,749 1454,747 1525,746 1597,746 1668,744 1740,744 1812,746"/>
                <TextEquiv>
                    <Unicode>ει και μειζονα τινα προηγουμενως εμφαινει ο </Unicode>
                </TextEquiv>
            </TextLine>
            <TextLine id="r1l4" custom="readingOrder {index:3;}">
                <Coords points="410,862 1791,830 1751,750 1603,793 1509,749 1312,802 818,764 410,806"/>
                <Baseline points="419,848 487,846 555,843 623,842 691,840 759,839 827,837 896,836 964,834 1032,834 1100,833 1168,833 1236,833 1304,831 1373,831 1441,831 1509,831 1577,830 1645,830 1713,829 1782,828"/>
                <TextEquiv>
                    <Unicode>λογος αλλ όμως εχει τι και αυτοθεν τοις </Unicode>
                </TextEquiv>
            </TextLine>
            <TextLine id="r1l5" custom="readingOrder {index:4;}">
                <Coords points="405,937 1746,926 1830,896 1830,810 1633,864 1067,884 404,857"/>
                <Baseline points="413,908 483,908 553,908 624,908 694,909 765,909 835,909 905,911 976,911 1046,911 1117,911 1187,911 1257,909 1328,909 1398,908 1469,906 1539,905 1609,903 1680,899 1750,896 1821,891"/>
                <TextEquiv>
                    <Unicode>πληθεσι χρησιμον και επιστρεπτικον τα λεγομε</Unicode>
                </TextEquiv>
            </TextLine>
            <TextLine id="r1l6" custom="readingOrder {index:5;}">
                <Coords points="404,1025 558,989 1624,1022 1785,975 1784,911 1584,956 795,915 701,961 404,961"/>
                <Baseline points="413,993 481,993 549,993 617,993 685,993 753,993 821,993 890,993 958,992 1026,992 1094,992 1162,990 1230,990 1298,989 1367,988 1435,986 1503,984 1571,983 1639,980 1707,977 1776,975"/>
                <TextEquiv>
                    <Unicode>να συστελλει γαρ ακολαστων γυναικων την </Unicode>
                </TextEquiv>
            </TextLine>
            <TextLine id="r1l7" custom="readingOrder {index:6;}">
                <Coords points="398,1090 1336,1063 1490,1100 1781,1062 1780,1013 1694,997 398,1023"/>
                <Baseline points="407,1062 475,1064 543,1065 611,1065 680,1067 748,1067 816,1067 884,1068 953,1068 1021,1068 1089,1068 1157,1068 1226,1067 1294,1067 1362,1066 1430,1065 1499,1064 1567,1062 1635,1061 1703,1059 1772,1058"/>
                <TextEquiv>
                    <Unicode>ζωην και σχηματι και βαδισματι και στο</Unicode>
                </TextEquiv>
            </TextLine>
            <TextLine id="r1l8" custom="readingOrder {index:7;}">
                <Coords points="394,1150 1739,1142 1829,1177 1829,1089 1540,1067 1435,1106 394,1094"/>
                <Baseline points="404,1142 474,1142 545,1142 616,1142 687,1142 758,1143 828,1143 899,1143 970,1145 1041,1145 1112,1145 1182,1145 1253,1145 1324,1143 1395,1143 1466,1142 1536,1140 1607,1139 1678,1136 1749,1133 1820,1130"/>
                <TextEquiv>
                    <Unicode>λη την προς πορνειαν ευκολιαν επιδεικνυμε</Unicode>
                </TextEquiv>
            </TextLine>
            <TextLine id="r1l9" custom="readingOrder {index:8;}">
                <Coords points="398,1237 1827,1229 1807,1172 1566,1146 1003,1196 397,1154"/>
                <Baseline points="407,1226 477,1226 548,1227 618,1227 689,1227 759,1227 830,1227 900,1227 971,1227 1041,1226 1112,1226 1182,1225 1253,1224 1323,1223 1394,1221 1464,1220 1535,1218 1605,1215 1676,1214 1746,1211 1817,1208"/>
                <TextEquiv>
                    <Unicode>νων όταν γαρ επι τω καλλει του σωματος με</Unicode>
                </TextEquiv>
            </TextLine>
            <TextLine id="r1l10" custom="readingOrder {index:9;}">
                <Coords points="428,1334 1413,1332 1796,1305 1796,1251 1527,1221 1448,1263 427,1261"/>
                <Baseline points="437,1305 504,1304 572,1304 639,1304 707,1302 774,1302 842,1302 909,1302 977,1301 1044,1301 1112,1301 1179,1299 1247,1299 1314,1298 1382,1296 1449,1295 1517,1293 1584,1292 1652,1289 1719,1286 1787,1283"/>
                <TextEquiv>
                    <Unicode>γαλοφρονουσαι υπεραιρωσιν εαυτας των λοι</Unicode>
                </TextEquiv>
            </TextLine>
            <TextLine id="r1l11" custom="readingOrder {index:10;}">
                <Coords points="410,1399 1712,1401 1816,1393 1816,1300 1728,1342 410,1329"/>
                <Baseline points="419,1373 488,1374 557,1376 627,1377 696,1379 766,1379 835,1379 905,1379 974,1379 1044,1379 1113,1377 1182,1377 1252,1376 1321,1376 1391,1374 1460,1373 1530,1373 1599,1371 1669,1371 1738,1370 1808,1370"/>
                <TextEquiv>
                    <Unicode>πων ματαιω φραγματι κεχρημεναι και ε</Unicode>
                </TextEquiv>
            </TextLine>
            <TextLine id="r1l12" custom="readingOrder {index:11;}">
                <Coords points="422,1458 1397,1446 1637,1490 1818,1461 1818,1400 422,1412"/>
                <Baseline points="432,1448 500,1448 569,1449 638,1449 707,1449 776,1449 845,1449 913,1449 982,1448 1051,1448 1120,1446 1189,1446 1258,1446 1327,1445 1395,1445 1464,1445 1533,1445 1602,1445 1671,1445 1740,1446 1809,1448"/>
                <TextEquiv>
                    <Unicode>παιρομεναι πραγματι ταχυ απανθουντι και </Unicode>
                </TextEquiv>
            </TextLine>
            <TextLine id="r1l13" custom="readingOrder {index:12;}">
                <Coords points="391,1530 1468,1519 1630,1576 1809,1539 1793,1451 1631,1489 1353,1444 454,1492 391,1453"/>
                <Baseline points="401,1529 474,1530 548,1530 621,1530 695,1530 769,1529 842,1527 916,1526 990,1524 1063,1523 1137,1522 1210,1521 1284,1520 1358,1518 1431,1518 1505,1518 1579,1520 1652,1521 1726,1523 1800,1526"/>
                <TextEquiv>
                    <Unicode>απορρεοντι ειτα υψηλον μεν τον τραχηλον </Unicode>
                </TextEquiv>
            </TextLine>
            <TextLine id="r1l14" custom="readingOrder {index:13;}">
                <Coords points="405,1668 831,1641 1012,1676 1368,1627 1549,1668 1780,1622 1779,1557 979,1602 667,1581 587,1535 403,1557"/>
                <Baseline points="413,1623 480,1627 548,1631 616,1633 684,1634 752,1635 820,1635 887,1635 955,1634 1023,1632 1091,1631 1159,1629 1227,1627 1295,1625 1362,1623 1430,1622 1498,1620 1566,1619 1634,1617 1702,1617 1770,1617"/>
                <TextEquiv>
                    <Unicode>φερουσιν υπερ του πασιν αυτων τα προσωπα </Unicode>
                </TextEquiv>
            </TextLine>
            <TextLine id="r1l15" custom="readingOrder {index:14;}">
                <Coords points="415,1755 1395,1758 1803,1725 1802,1672 1506,1650 1336,1688 1188,1642 1096,1687 845,1652 582,1704 413,1671"/>
                <Baseline points="423,1737 491,1736 560,1736 628,1736 697,1734 765,1734 834,1733 902,1733 971,1731 1039,1731 1108,1730 1176,1728 1245,1727 1313,1725 1382,1724 1450,1722 1519,1720 1587,1718 1656,1715 1724,1712 1793,1709"/>
                <TextEquiv>
                    <Unicode>είναι καταφανη η μεν γαρ σεμνη γυνη και </Unicode>
                </TextEquiv>
            </TextLine>
            <TextLine id="r1l16" custom="readingOrder {index:15;}">
                <Coords points="410,1849 1818,1813 1817,1740 1768,1728 1695,1769 1505,1730 1436,1772 409,1754"/>
                <Baseline points="419,1815 488,1815 557,1814 627,1814 696,1812 766,1811 835,1811 905,1809 974,1808 1044,1808 1113,1806 1182,1805 1252,1805 1321,1803 1391,1803 1460,1802 1530,1800 1599,1800 1669,1799 1738,1799 1808,1797"/>
                <TextEquiv>
                    <Unicode>κοσμια εις γην κατανευουσα υπο αιδους ε</Unicode>
                </TextEquiv>
            </TextLine>
            <TextLine id="r1l17" custom="readingOrder {index:16;}">
                <Coords points="411,1888 1779,1899 1818,1813 410,1849"/>
                <Baseline points="420,1883 489,1881 558,1881 628,1880 697,1880 767,1880 836,1878 906,1878 975,1878 1045,1877 1114,1877 1183,1875 1253,1875 1322,1875 1392,1874 1461,1874 1531,1872 1600,1872 1670,1871 1739,1871 1809,1869"/>
                <TextEquiv>
                    <Unicode>πι το κατω καθελκομενον εχει το προσωπον </Unicode>
                </TextEquiv>
            </TextLine>
            <TextLine id="r1l18" custom="readingOrder {index:17;}">
                <Coords points="408,1989 753,1952 861,1989 1002,1953 1656,1974 1762,1956 1762,1911 407,1903"/>
                <Baseline points="416,1953 482,1953 549,1953 616,1953 683,1953 750,1952 816,1952 883,1952 950,1950 1017,1950 1084,1950 1150,1950 1217,1949 1284,1949 1351,1949 1418,1949 1484,1949 1551,1949 1618,1950 1685,1950 1752,1952"/>
                <TextEquiv>
                    <Unicode>η δε πολλους αγρευσαι τη παγιδι του καλλους </Unicode>
                </TextEquiv>
            </TextLine>
            <TextLine id="r1l20" custom="readingOrder {index:18;}">
                <Coords points="418,2049 1758,2044 1757,1964 1668,2000 1453,1960 418,1996"/>
                <Baseline points="426,2027 492,2028 558,2028 624,2028 690,2028 756,2028 822,2028 889,2028 955,2027 1021,2027 1087,2026 1153,2025 1219,2025 1285,2024 1352,2024 1418,2024 1484,2024 1550,2024 1616,2024 1682,2025 1749,2027"/>
                <TextEquiv>
                    <Unicode>προαιρουμενη πορευεται υψηλω τραχηλω </Unicode>
                </TextEquiv>
            </TextLine>
            <TextLine id="r1l21" custom="readingOrder {index:19;}">
                <Coords points="491,2121 952,2132 1111,2097 1581,2129 1579,2054 1495,2032 1282,2063 715,2031 650,2068 490,2065"/>
                <Baseline points="501,2114 554,2111 608,2108 661,2106 715,2105 768,2103 822,2101 875,2100 929,2099 982,2097 1036,2097 1090,2096 1143,2096 1197,2094 1250,2094 1304,2094 1357,2093 1411,2093 1464,2093 1518,2091 1572,2091"/>
                <TextEquiv>
                    <Unicode>και εν νευμασιν οφθαλμων </Unicode>
                </TextEquiv>
            </TextLine>
            <TextLine id="r1l22" custom="readingOrder {index:20;}">
                <Coords points="358,2197 1659,2200 1787,2172 1787,2120 1004,2142 814,2106 582,2145 357,2111"/>
                <Baseline points="366,2169 436,2172 507,2174 577,2175 648,2175 719,2175 789,2175 860,2175 931,2175 1001,2174 1072,2172 1143,2171 1213,2171 1284,2169 1355,2168 1425,2168 1496,2166 1567,2166 1637,2166 1708,2166 1779,2166"/>
                <TextEquiv>
                    <Unicode>γυναικος πορνειας πνεουσης το κατηγορη</Unicode>
                </TextEquiv>
            </TextLine>
            <TextLine id="r1l23" custom="readingOrder {index:21;}">
                <Coords points="429,2254 1463,2274 1751,2253 1784,2181 428,2202"/>
                <Baseline points="437,2243 507,2244 577,2246 648,2247 718,2249 789,2249 859,2249 930,2249 1000,2247 1071,2247 1141,2246 1212,2244 1282,2243 1353,2241 1423,2240 1494,2238 1564,2237 1635,2235 1705,2234 1776,2232"/>
                <TextEquiv>
                    <Unicode>μα περιεργα βλεπειν τω οφθαλμω την α</Unicode>
                </TextEquiv>
            </TextLine>
            <TextLine id="r1l24" custom="readingOrder {index:22;}">
                <Coords points="423,2327 523,2358 1230,2319 1322,2354 1483,2306 1836,2324 1836,2276 422,2253"/>
                <Baseline points="432,2319 501,2319 571,2319 641,2319 711,2319 780,2319 850,2319 920,2318 990,2318 1059,2318 1129,2316 1199,2316 1269,2315 1338,2315 1408,2313 1478,2313 1548,2312 1617,2310 1687,2309 1757,2307 1827,2306"/>
                <TextEquiv>
                    <Unicode>σελγειαν της ψυχης καταμηνυειν τω βλεμματι </Unicode>
                </TextEquiv>
            </TextLine>
            <TextLine id="r1l25" custom="readingOrder {index:23;}">
                <Coords points="423,2417 1815,2402 1814,2343 1543,2316 1324,2354 922,2329 872,2366 422,2323"/>
                <Baseline points="432,2399 500,2399 569,2399 638,2397 706,2397 775,2395 844,2394 912,2392 981,2390 1050,2388 1119,2387 1187,2385 1256,2384 1325,2382 1393,2382 1462,2381 1531,2381 1599,2382 1668,2382 1737,2384 1806,2387"/>
                <TextEquiv>
                    <Unicode>εμμειδιαν τοις οφθαλμοις ερεθιζειν πορ</Unicode>
                </TextEquiv>
            </TextLine>
            <TextLine id="r1l26" custom="readingOrder {index:24;}">
                <Coords points="418,2486 1795,2474 1794,2404 1688,2393 417,2416"/>
                <Baseline points="426,2469 497,2469 569,2469 640,2468 712,2468 783,2466 855,2465 926,2463 998,2462 1069,2460 1141,2459 1212,2457 1284,2456 1355,2454 1427,2454 1498,2453 1570,2453 1641,2453 1713,2453 1785,2454"/>
                <TextEquiv>
                    <Unicode>νικως ιον τινα φθαρτικον εξαποστελλειν τοις </Unicode>
                </TextEquiv>
            </TextLine>
            <TextLine id="r1l27" custom="readingOrder {index:25;}">
                <Coords points="413,2564 1857,2532 1822,2459 412,2481"/>
                <Baseline points="422,2535 493,2535 564,2534 635,2532 707,2531 778,2530 849,2529 921,2528 992,2528 1063,2526 1135,2525 1206,2525 1277,2523 1348,2523 1420,2522 1491,2522 1562,2520 1634,2520 1705,2519 1776,2519 1848,2519"/>
                <TextEquiv>
                    <Unicode>ομμασιν οποιον δη τι και ο περι του βασιλισ</Unicode>
                </TextEquiv>
            </TextLine>
            <TextLine id="r1l28" custom="readingOrder {index:26;}">
                <Coords points="425,2623 1770,2616 1818,2602 1817,2531 424,2557"/>
                <Baseline points="434,2600 502,2603 571,2606 640,2607 709,2607 777,2607 846,2606 915,2604 984,2601 1052,2600 1121,2597 1190,2595 1259,2593 1327,2591 1396,2589 1465,2589 1534,2588 1602,2589 1671,2591 1740,2592 1809,2597"/>
                <TextEquiv>
                    <Unicode>κου κατεχει  λογος ον φασι και εκ μονης της οψε</Unicode>
                </TextEquiv>
            </TextLine>
            <TextLine id="r1l29" custom="readingOrder {index:27;}">
                <Coords points="438,2673 1660,2681 1797,2670 1797,2606 437,2619"/>
                <Baseline points="446,2658 513,2663 580,2667 647,2670 714,2672 781,2673 848,2673 915,2673 982,2672 1049,2672 1117,2670 1184,2667 1251,2666 1318,2664 1385,2661 1452,2660 1519,2658 1586,2655 1653,2655 1720,2654 1788,2652"/>
                <TextEquiv>
                    <Unicode>ως διαφθειρειν τους θεαθεντας δικαιως </Unicode>
                </TextEquiv>
            </TextLine>
            <TextLine id="r1l30" custom="readingOrder {index:28;}">
                <Coords points="423,2743 1555,2757 1809,2741 1809,2671 423,2689"/>
                <Baseline points="431,2723 499,2726 567,2727 636,2729 704,2731 773,2733 841,2733 910,2735 978,2736 1047,2736 1115,2736 1183,2736 1252,2736 1320,2736 1389,2735 1457,2733 1526,2732 1594,2731 1663,2729 1731,2727 1800,2724"/>
                <TextEquiv>
                    <Unicode>ουν αγανακτει ο λογος κατά των πορευομενων   </Unicode>
                </TextEquiv>
            </TextLine>
            <TextEquiv>
                <Unicode>παιζουσαι και ταπεινωσει ο θς αρχουσας θυ&#13;
γατερας σιων &#13;
ει και μειζονα τινα προηγουμενως εμφαινει ο &#13;
λογος αλλ όμως εχει τι και αυτοθεν τοις &#13;
πληθεσι χρησιμον και επιστρεπτικον τα λεγομε&#13;
να συστελλει γαρ ακολαστων γυναικων την &#13;
ζωην και σχηματι και βαδισματι και στο&#13;
λη την προς πορνειαν ευκολιαν επιδεικνυμε&#13;
νων όταν γαρ επι τω καλλει του σωματος με&#13;
γαλοφρονουσαι υπεραιρωσιν εαυτας των λοι&#13;
πων ματαιω φραγματι κεχρημεναι και ε&#13;
παιρομεναι πραγματι ταχυ απανθουντι και &#13;
απορρεοντι ειτα υψηλον μεν τον τραχηλον &#13;
φερουσιν υπερ του πασιν αυτων τα προσωπα &#13;
είναι καταφανη η μεν γαρ σεμνη γυνη και &#13;
κοσμια εις γην κατανευουσα υπο αιδους ε&#13;
πι το κατω καθελκομενον εχει το προσωπον &#13;
η δε πολλους αγρευσαι τη παγιδι του καλλους &#13;
προαιρουμενη πορευεται υψηλω τραχηλω &#13;
και εν νευμασιν οφθαλμων &#13;
γυναικος πορνειας πνεουσης το κατηγορη&#13;
μα περιεργα βλεπειν τω οφθαλμω την α&#13;
σελγειαν της ψυχης καταμηνυειν τω βλεμματι &#13;
εμμειδιαν τοις οφθαλμοις ερεθιζειν πορ&#13;
νικως ιον τινα φθαρτικον εξαποστελλειν τοις &#13;
ομμασιν οποιον δη τι και ο περι του βασιλισ&#13;
κου κατεχει  λογος ον φασι και εκ μονης της οψε&#13;
ως διαφθειρειν τους θεαθεντας δικαιως &#13;
ουν αγανακτει ο λογος κατά των πορευομενων   </Unicode>
            </TextEquiv>
        </TextRegion>
        <TextRegion orientation="0.0" id="r2" custom="readingOrder {index:1;}">
            <Coords points="2067,337 2067,487 2082,487 2082,337"/>
            <TextEquiv>
                <Unicode></Unicode>
            </TextEquiv>
        </TextRegion>
    </Page>
</PcGts>
