<?xml version="1.0" encoding="UTF-8" standalone="yes"?>
<PcGts xmlns="http://schema.primaresearch.org/PAGE/gts/pagecontent/2013-07-15" xmlns:xsi="http://www.w3.org/2001/XMLSchema-instance" xsi:schemaLocation="http://schema.primaresearch.org/PAGE/gts/pagecontent/2013-07-15 http://schema.primaresearch.org/PAGE/gts/pagecontent/2013-07-15/pagecontent.xsd">
    <Metadata>
        <Creator>prov=University of Rostock/Institute of Mathematics/CITlab|PLANET AI GmbH/Gundram Leifert/gundram.leifert@planet-ai.de:name=HPGTR(htr_id=41125)::::v=2.6.7
prov=University of Rostock/Institute of Mathematics/CITlab|PLANET AI GmbH/Tobias Gruening/tobias.gruening@planet-ai.de:name=de.uros.citlab.module.baseline2polygon.B2PSeamMultiOriented:v=2.6.7
prov=University of Rostock/Institute of Mathematics/CITlab|PLANET AI GmbH/Tobias Gruening/tobias.gruening@planet-ai.de:name=/net_tf/LA73_249_0mod360.pb:de.uros.citlab.segmentation.CITlab_LA_ML:v=2.6.7
Transkribus</Creator>
        <Created>2021-09-19T17:37:02.081+03:00</Created>
        <LastChange>2023-06-03T17:51:45.187+02:00</LastChange>
        <TranskribusMetadata docId="1458633" pageId="56018871" pageNr="4" tsid="125452454" status="IN_PROGRESS" userId="99263" imgUrl="https://files.transkribus.eu/Get?id=LCEUDICQFLFSDUJDNEPBHNOP&amp;fileType=view" xmlUrl="https://files.transkribus.eu/Get?id=WLBGCZBBJXENWADFCJJSEKRS" imageId="23265768"/>
    </Metadata>
    <Page imageFilename="0004_4 Bodleian-Library-MS-Barocci-102_00160_fol-76v.jpg" imageWidth="2557" imageHeight="3409">
        <ReadingOrder>
            <OrderedGroup id="ro_1686139439462" caption="Regions reading order">
                <RegionRefIndexed index="0" regionRef="r1"/>
            </OrderedGroup>
        </ReadingOrder>
        <TextRegion orientation="0.0" id="r1" custom="readingOrder {index:0;}">
            <Coords points="752,564 752,2775 2220,2775 2220,564"/>
            <TextLine id="r1l1" custom="readingOrder {index:0;}">
                <Coords points="754,630 2187,630 2187,588 2072,553 1668,571 1549,522 1493,561 1376,527 981,575 853,488 755,500"/>
                <Baseline points="764,600 834,602 905,603 976,605 1046,605 1117,606 1188,606 1258,606 1329,606 1400,606 1471,606 1541,606 1612,606 1683,606 1753,608 1824,608 1895,609 1965,612 2036,614 2107,616 2178,620"/>
                <TextEquiv>
                    <Unicode>υψηλω τραχηλω τουτεστιν απηρυθριασμενω </Unicode>
                </TextEquiv>
            </TextLine>
            <TextLine id="r1l2" custom="readingOrder {index:1;}">
                <Coords points="773,687 840,724 2193,716 2193,664 2087,625 1980,666 1750,614 773,647"/>
                <Baseline points="782,684 852,686 922,687 992,689 1062,689 1132,690 1202,690 1272,692 1342,692 1412,692 1483,692 1553,692 1623,693 1693,693 1763,693 1833,693 1903,693 1973,695 2043,695 2113,696 2184,696"/>
                <TextEquiv>
                    <Unicode>προσωπω και εν νευμασιν οφθαλμων το δε υ</Unicode>
                </TextEquiv>
            </TextLine>
            <TextLine id="r1l3" custom="readingOrder {index:2;}">
                <Coords points="777,784 2199,804 2183,716 1295,703 1088,742 778,692"/>
                <Baseline points="786,765 856,767 926,767 996,767 1066,767 1137,768 1207,768 1277,768 1347,768 1417,768 1488,768 1558,768 1628,770 1698,770 1768,770 1839,771 1909,771 1979,772 2049,773 2119,774 2190,776"/>
                <TextEquiv>
                    <Unicode>ψηλον του τραχηλου δειγμα του μηδε τω ζυγω </Unicode>
                </TextEquiv>
            </TextLine>
            <TextLine id="r1l4" custom="readingOrder {index:3;}">
                <Coords points="772,860 2081,871 2154,802 772,805"/>
                <Baseline points="780,840 848,842 916,842 984,842 1053,842 1121,842 1189,843 1257,843 1326,843 1394,843 1462,843 1530,843 1599,843 1667,845 1735,845 1803,845 1872,845 1940,845 2008,845 2076,845 2145,843"/>
                <TextEquiv>
                    <Unicode>της σωφροσυνης υποκεισθαι αβρυνομενης δε </Unicode>
                </TextEquiv>
            </TextLine>
            <TextLine id="r1l5" custom="readingOrder {index:4;}">
                <Coords points="766,931 2046,947 2171,937 2172,863 766,863"/>
                <Baseline points="776,912 845,914 914,915 984,917 1053,917 1122,918 1192,918 1261,920 1330,920 1400,920 1469,921 1538,921 1608,921 1677,921 1746,921 1816,923 1885,923 1954,923 2024,923 2093,923 2163,923"/>
                <TextEquiv>
                    <Unicode>και χλιδωσης τον χιτωνα επισυρομενην βαδι</Unicode>
                </TextEquiv>
            </TextLine>
            <TextLine id="r1l6" custom="readingOrder {index:5;}">
                <Coords points="755,1026 2097,1006 2180,1052 2148,945 1591,932 1495,976 755,934"/>
                <Baseline points="764,995 834,996 904,998 975,999 1045,1001 1116,1001 1186,1002 1256,1002 1327,1002 1397,1001 1468,1001 1538,1001 1608,1001 1679,999 1749,999 1820,999 1890,1001 1960,1001 2031,1002 2101,1004 2172,1005"/>
                <TextEquiv>
                    <Unicode>ζειν και το βαδισμα μη κατά φυσιν ποιεισθαι </Unicode>
                </TextEquiv>
            </TextLine>
            <TextLine id="r1l7" custom="readingOrder {index:6;}">
                <Coords points="762,1103 2154,1088 2055,1016 1702,1053 1567,1017 1297,1055 762,1025"/>
                <Baseline points="771,1083 839,1083 908,1083 977,1083 1045,1082 1114,1082 1183,1082 1251,1082 1320,1082 1389,1082 1458,1082 1526,1082 1595,1082 1664,1083 1732,1083 1801,1083 1870,1083 1938,1084 2007,1085 2076,1085 2145,1085"/>
                <TextEquiv>
                    <Unicode>αλλα προς ρυθμον εκμελη επιτετηδευμενον </Unicode>
                </TextEquiv>
            </TextLine>
            <TextLine id="r1l8" custom="readingOrder {index:7;}">
                <Coords points="765,1163 2127,1175 2189,1164 2189,1093 2062,1131 765,1109"/>
                <Baseline points="774,1155 844,1155 914,1157 984,1157 1055,1158 1125,1158 1195,1160 1266,1160 1336,1160 1406,1161 1477,1161 1547,1161 1617,1161 1687,1161 1758,1161 1828,1161 1898,1161 1969,1160 2039,1160 2109,1159 2180,1158"/>
                <TextEquiv>
                    <Unicode>εκλυτως αντι ουν τουτων ταπειωσει ο θς </Unicode>
                </TextEquiv>
            </TextLine>
            <TextLine id="r1l9" custom="readingOrder {index:8;}">
                <Coords points="751,1240 834,1278 2184,1257 2184,1172 1931,1207 1619,1168 1458,1212 751,1182"/>
                <Baseline points="761,1236 831,1236 902,1238 972,1238 1043,1238 1114,1238 1184,1239 1255,1239 1326,1239 1396,1239 1467,1239 1538,1239 1608,1238 1679,1238 1750,1238 1820,1238 1891,1238 1962,1239 2032,1239 2103,1239 2174,1239"/>
                <TextEquiv>
                    <Unicode>αρχουσας θυγατερας σιων επειδη εκουσιως το</Unicode>
                </TextEquiv>
            </TextLine>
            <TextLine id="r1l10" custom="readingOrder {index:9;}">
                <Coords points="771,1334 2088,1334 2165,1319 2165,1277 2051,1244 1481,1288 770,1265"/>
                <Baseline points="779,1311 847,1313 916,1314 985,1316 1054,1316 1123,1316 1192,1316 1260,1316 1329,1316 1398,1314 1467,1313 1536,1313 1605,1311 1674,1310 1742,1308 1811,1308 1880,1307 1949,1307 2018,1305 2087,1305 2156,1307"/>
                <TextEquiv>
                    <Unicode>ταπεινον ουχ ειλαντο αλλ επορευθησαν υψηλω</Unicode>
                </TextEquiv>
            </TextLine>
            <TextLine id="r1l11" custom="readingOrder {index:10;}">
                <Coords points="759,1411 1356,1388 1464,1433 1781,1383 1862,1427 2034,1390 2171,1423 2171,1354 2114,1347 759,1352"/>
                <Baseline points="767,1388 836,1388 906,1386 976,1386 1046,1386 1115,1385 1185,1385 1255,1386 1325,1386 1394,1386 1464,1386 1534,1386 1604,1388 1673,1388 1743,1388 1813,1388 1883,1388 1952,1388 2022,1386 2092,1386 2162,1385"/>
                <TextEquiv>
                    <Unicode>τραχηλω ταπεινωσει φησι τας αρχηγους αυτ</Unicode>
                </TextEquiv>
            </TextLine>
            <TextLine id="r1l12" custom="readingOrder {index:11;}">
                <Coords points="765,1471 2228,1489 2199,1411 765,1409"/>
                <Baseline points="774,1460 846,1460 918,1461 990,1461 1063,1461 1135,1463 1207,1463 1280,1463 1352,1463 1424,1463 1497,1463 1569,1463 1641,1463 1713,1463 1786,1463 1858,1463 1930,1463 2003,1464 2075,1464 2147,1464 2220,1466"/>
                <TextEquiv>
                    <Unicode>τας θυγατερας σιων ετι και μοι εξεστιν οραν πολ</Unicode>
                </TextEquiv>
            </TextLine>
            <TextLine id="r1l13" custom="readingOrder {index:12;}">
                <Coords points="744,1541 2106,1564 2164,1495 744,1481"/>
                <Baseline points="752,1530 822,1529 892,1527 962,1527 1032,1527 1102,1526 1172,1526 1242,1526 1312,1527 1382,1527 1453,1527 1523,1528 1593,1529 1663,1529 1733,1529 1803,1530 1873,1530 1943,1530 2013,1530 2083,1529 2154,1529"/>
                <TextEquiv>
                    <Unicode>λαχου τας ιουδαιας των εκαστου ποσιν επιπαι</Unicode>
                </TextEquiv>
            </TextLine>
            <TextLine id="r1l14" custom="readingOrder {index:13;}">
                <Coords points="758,1628 1250,1589 2075,1627 2219,1608 2219,1532 758,1534"/>
                <Baseline points="767,1589 839,1589 911,1589 983,1589 1055,1589 1127,1590 1199,1590 1272,1592 1344,1592 1416,1592 1488,1593 1560,1593 1632,1593 1704,1593 1777,1593 1849,1593 1921,1593 1993,1592 2065,1592 2137,1590 2210,1589"/>
                <TextEquiv>
                    <Unicode>ζουσας και μη εντρεπομενας την του προφη</Unicode>
                </TextEquiv>
            </TextLine>
            <TextLine id="r1l15" custom="readingOrder {index:14;}">
                <Coords points="782,1665 930,1706 1316,1659 2177,1684 2177,1599 1716,1635 783,1589"/>
                <Baseline points="791,1656 859,1656 928,1656 997,1656 1066,1658 1135,1658 1204,1659 1272,1661 1341,1661 1410,1662 1479,1664 1548,1664 1617,1664 1686,1665 1754,1665 1823,1665 1892,1664 1961,1664 2030,1662 2099,1661 2168,1659"/>
                <TextEquiv>
                    <Unicode>του φωνην ειθε δε μη και της εκκλησιας αι</Unicode>
                </TextEquiv>
            </TextLine>
            <TextLine id="r1l16" custom="readingOrder {index:15;}">
                <Coords points="764,1756 2175,1750 2137,1681 2041,1719 1967,1682 1591,1715 764,1679"/>
                <Baseline points="774,1743 843,1743 913,1742 982,1742 1052,1742 1122,1742 1191,1742 1261,1743 1330,1743 1400,1743 1470,1745 1539,1745 1609,1746 1678,1746 1748,1746 1818,1746 1887,1748 1957,1748 2026,1748 2096,1746 2166,1746"/>
                <TextEquiv>
                    <Unicode>θυγατερες τα αυτά εγκαλοιντο πολλαι γαρ ως</Unicode>
                </TextEquiv>
            </TextLine>
            <TextLine id="r1l17" custom="readingOrder {index:16;}">
                <Coords points="769,1831 2198,1842 2164,1751 1784,1799 770,1774"/>
                <Baseline points="779,1821 849,1821 920,1821 990,1821 1061,1822 1131,1823 1202,1823 1272,1824 1343,1824 1413,1824 1484,1826 1554,1826 1625,1826 1695,1826 1766,1827 1836,1826 1907,1826 1977,1826 2048,1825 2118,1824 2189,1823"/>
                <TextEquiv>
                    <Unicode>εν πληθει των προσιοντων τω θειω λογω εν ταις</Unicode>
                </TextEquiv>
            </TextLine>
            <TextLine id="r1l18" custom="readingOrder {index:17;}">
                <Coords points="771,1907 2147,1915 2111,1852 771,1839"/>
                <Baseline points="780,1895 851,1895 923,1896 994,1896 1066,1898 1137,1898 1209,1898 1280,1898 1352,1899 1423,1899 1495,1899 1566,1899 1638,1899 1709,1898 1781,1898 1852,1896 1924,1896 1995,1895 2067,1893 2139,1892"/>
                <TextEquiv>
                    <Unicode>ημεραις των εορτων ουκ ειδυιαι ευφροσυνην</Unicode>
                </TextEquiv>
            </TextLine>
            <TextLine id="r1l19" custom="readingOrder {index:18;}">
                <Coords points="773,1987 2100,1994 2171,1945 1993,1902 1787,1941 772,1938"/>
                <Baseline points="782,1973 851,1974 920,1974 989,1974 1058,1975 1127,1976 1196,1976 1265,1976 1334,1974 1403,1974 1472,1974 1541,1974 1610,1973 1679,1973 1748,1973 1817,1971 1886,1971 1955,1971 2024,1970 2093,1970 2162,1970"/>
                <TextEquiv>
                    <Unicode>πνικην παιδιαις ασεμνοις εαυτας επιδιδουσαι </Unicode>
                </TextEquiv>
            </TextLine>
            <TextLine id="r1l20" custom="readingOrder {index:19;}">
                <Coords points="767,2066 1938,2072 2165,2041 2165,1981 767,2001"/>
                <Baseline points="776,2048 845,2048 914,2048 983,2048 1052,2046 1121,2046 1190,2046 1259,2046 1328,2046 1397,2045 1466,2045 1535,2045 1604,2043 1673,2043 1742,2042 1811,2042 1880,2040 1949,2039 2018,2037 2087,2036 2156,2034"/>
                <TextEquiv>
                    <Unicode>κωμοις και μεσθαις ευκαλινδουνται και μη τηρου</Unicode>
                </TextEquiv>
            </TextLine>
            <TextLine id="r1l21" custom="readingOrder {index:20;}">
                <Coords points="772,2125 1389,2162 1761,2121 1835,2166 2143,2126 2161,2072 772,2086"/>
                <Baseline points="780,2115 848,2117 917,2118 985,2120 1054,2121 1122,2123 1191,2123 1259,2123 1328,2123 1396,2123 1465,2123 1534,2123 1602,2121 1671,2121 1739,2120 1808,2120 1876,2118 1945,2117 2013,2117 2082,2115 2151,2115"/>
                <TextEquiv>
                    <Unicode>σαι το παραγγελμα το λεγον ότι οι οφθαλμοι σου</Unicode>
                </TextEquiv>
            </TextLine>
            <TextLine id="r1l22" custom="readingOrder {index:21;}">
                <Coords points="760,2201 1308,2192 1580,2237 2106,2205 2129,2152 760,2161"/>
                <Baseline points="770,2189 837,2190 905,2192 972,2192 1040,2193 1107,2193 1175,2193 1242,2193 1310,2193 1377,2193 1445,2193 1513,2193 1580,2193 1648,2192 1715,2192 1783,2191 1850,2190 1918,2189 1985,2189 2053,2187 2121,2186"/>
                <TextEquiv>
                    <Unicode>ορθα βλεπετωσαν υπολοξουσαι το ομμα και </Unicode>
                </TextEquiv>
            </TextLine>
            <TextLine id="r1l23" custom="readingOrder {index:22;}">
                <Coords points="764,2267 886,2309 1157,2268 1907,2302 2133,2276 2175,2216 764,2227"/>
                <Baseline points="773,2258 842,2261 912,2265 981,2268 1051,2270 1121,2271 1190,2271 1260,2271 1329,2271 1399,2270 1469,2268 1538,2267 1608,2265 1677,2264 1747,2262 1817,2261 1886,2259 1956,2259 2025,2259 2095,2259 2165,2259"/>
                <TextEquiv>
                    <Unicode>παρεγκλινουσαι δειγμα πονηρας εκφερουσι προ</Unicode>
                </TextEquiv>
            </TextLine>
            <TextLine id="r1l24" custom="readingOrder {index:23;}">
                <Coords points="776,2333 1386,2383 1467,2340 2214,2345 2214,2289 2071,2271 1299,2313 776,2269"/>
                <Baseline points="785,2328 856,2332 927,2334 998,2337 1069,2339 1140,2340 1211,2340 1282,2342 1353,2342 1424,2342 1495,2340 1566,2340 1637,2339 1708,2337 1779,2337 1850,2336 1921,2334 1992,2333 2063,2331 2134,2330 2205,2330"/>
                <TextEquiv>
                    <Unicode>αιρεσεως πολλαχου δε τα νευματα των οφθαλ</Unicode>
                </TextEquiv>
            </TextLine>
            <TextLine id="r1l25" custom="readingOrder {index:24;}">
                <Coords points="758,2405 1995,2448 2192,2402 2192,2333 1648,2386 1469,2348 1011,2378 931,2338 758,2374"/>
                <Baseline points="767,2399 837,2400 908,2400 979,2402 1050,2403 1121,2403 1192,2405 1262,2405 1333,2406 1404,2406 1475,2406 1546,2406 1617,2406 1688,2406 1758,2406 1829,2405 1900,2403 1971,2402 2042,2400 2113,2397 2184,2394"/>
                <TextEquiv>
                    <Unicode>μων διαβεβληται ως εν παροικιαις επι του κα</Unicode>
                </TextEquiv>
            </TextLine>
            <TextLine id="r1l26" custom="readingOrder {index:25;}">
                <Coords points="764,2477 2176,2504 2177,2423 764,2426"/>
                <Baseline points="773,2468 842,2468 912,2469 982,2471 1052,2471 1121,2472 1191,2473 1261,2474 1331,2475 1400,2475 1470,2475 1540,2475 1610,2475 1679,2475 1749,2475 1819,2475 1889,2474 1958,2472 2028,2471 2098,2468 2168,2466"/>
                <TextEquiv>
                    <Unicode>κου παρατετηρηται ότι οδε αυτος εννευει μεν</Unicode>
                </TextEquiv>
            </TextLine>
            <TextLine id="r1l27" custom="readingOrder {index:26;}">
                <Coords points="758,2557 2129,2557 2128,2475 1239,2520 757,2479"/>
                <Baseline points="767,2541 834,2543 902,2543 969,2543 1037,2543 1105,2543 1172,2543 1240,2543 1308,2543 1375,2541 1443,2541 1511,2541 1578,2540 1646,2540 1714,2538 1781,2538 1849,2538 1917,2537 1984,2537 2052,2537 2120,2537"/>
                <TextEquiv>
                    <Unicode>οφθαλμω σημαινει δε ποδι και παλιν ο εν</Unicode>
                </TextEquiv>
            </TextLine>
            <TextLine id="r1l28" custom="readingOrder {index:27;}">
                <Coords points="756,2640 2174,2629 2218,2551 756,2574"/>
                <Baseline points="765,2613 837,2613 909,2613 981,2615 1053,2615 1125,2615 1197,2615 1270,2615 1342,2615 1414,2615 1486,2615 1558,2615 1630,2613 1702,2613 1775,2613 1847,2613 1919,2612 1991,2612 2063,2610 2135,2610 2208,2609"/>
                <TextEquiv>
                    <Unicode>νευων οφθαλμω μετα δολου συναγει ανδρασι λυπ</Unicode>
                </TextEquiv>
            </TextLine>
            <TextLine id="r1l29" custom="readingOrder {index:28;}">
                <Coords points="779,2699 2165,2691 2164,2622 2011,2613 779,2634"/>
                <Baseline points="788,2678 856,2678 924,2676 993,2676 1061,2676 1130,2675 1198,2675 1266,2675 1335,2673 1403,2673 1472,2673 1540,2673 1608,2672 1677,2672 1745,2670 1814,2670 1882,2669 1950,2669 2019,2667 2087,2666 2156,2664"/>
                <TextEquiv>
                    <Unicode>και το οι μισουντες με δωρεαν και διανευοντες</Unicode>
                </TextEquiv>
            </TextLine>
            <TextLine id="r1l30" custom="readingOrder {index:29;}">
                <Coords points="1345,2807 1456,2759 1527,2779 1608,2749 1788,2775 1849,2747 2006,2775 2160,2756 2159,2696 2056,2668 2024,2701 1950,2680 1901,2711 1682,2711 1582,2679 1498,2718 1461,2691 1411,2715 1344,2690"/>
                <Baseline points="1353,2751 1392,2751 1432,2750 1472,2749 1512,2748 1552,2747 1592,2747 1631,2745 1671,2745 1711,2744 1751,2744 1791,2744 1831,2744 1871,2744 1910,2744 1950,2744 1990,2744 2030,2744 2070,2744 2110,2745 2150,2747"/>
                <TextEquiv>
                    <Unicode>φθανει δε ποτε και επ ανδρ</Unicode>
                </TextEquiv>
            </TextLine>
            <TextLine id="r1l31" custom="readingOrder {index:30;}">
                <Coords points="747,2784 821,2787 871,2760 904,2778 922,2767 982,2782 1045,2752 1103,2785 1148,2765 1147,2689 1024,2716 979,2712 944,2689 892,2702 852,2687 796,2704 771,2690 745,2696"/>
                <Baseline points="755,2757 780,2757 806,2757 831,2757 857,2757 883,2756 908,2756 934,2754 959,2753 985,2753 1011,2751 1036,2751 1062,2751 1087,2752 1113,2753 1139,2756"/>
                <TextEquiv>
                    <Unicode>οφθαλμοις</Unicode>
                </TextEquiv>
            </TextLine>
            <TextEquiv>
                <Unicode>υψηλω τραχηλω τουτεστιν απηρυθριασμενω &#13;
προσωπω και εν νευμασιν οφθαλμων το δε υ&#13;
ψηλον του τραχηλου δειγμα του μηδε τω ζυγω &#13;
της σωφροσυνης υποκεισθαι αβρυνομενης δε &#13;
και χλιδωσης τον χιτωνα επισυρομενην βαδι&#13;
ζειν και το βαδισμα μη κατά φυσιν ποιεισθαι &#13;
αλλα προς ρυθμον εκμελη επιτετηδευμενον &#13;
εκλυτως αντι ουν τουτων ταπειωσει ο θς &#13;
αρχουσας θυγατερας σιων επειδη εκουσιως το&#13;
ταπεινον ουχ ειλαντο αλλ επορευθησαν υψηλω&#13;
τραχηλω ταπεινωσει φησι τας αρχηγους αυτ&#13;
τας θυγατερας σιων ετι και μοι εξεστιν οραν πολ&#13;
λαχου τας ιουδαιας των εκαστου ποσιν επιπαι&#13;
ζουσας και μη εντρεπομενας την του προφη&#13;
του φωνην ειθε δε μη και της εκκλησιας αι&#13;
θυγατερες τα αυτά εγκαλοιντο πολλαι γαρ ως&#13;
εν πληθει των προσιοντων τω θειω λογω εν ταις&#13;
ημεραις των εορτων ουκ ειδυιαι ευφροσυνην&#13;
πνικην παιδιαις ασεμνοις εαυτας επιδιδουσαι &#13;
κωμοις και μεσθαις ευκαλινδουνται και μη τηρου&#13;
σαι το παραγγελμα το λεγον ότι οι οφθαλμοι σου&#13;
ορθα βλεπετωσαν υπολοξουσαι το ομμα και &#13;
παρεγκλινουσαι δειγμα πονηρας εκφερουσι προ&#13;
αιρεσεως πολλαχου δε τα νευματα των οφθαλ&#13;
μων διαβεβληται ως εν παροικιαις επι του κα&#13;
κου παρατετηρηται ότι οδε αυτος εννευει μεν&#13;
οφθαλμω σημαινει δε ποδι και παλιν ο εν&#13;
νευων οφθαλμω μετα δολου συναγει ανδρασι λυπ&#13;
και το οι μισουντες με δωρεαν και διανευοντες&#13;
φθανει δε ποτε και επ ανδρ&#13;
οφθαλμοις</Unicode>
            </TextEquiv>
        </TextRegion>
    </Page>
</PcGts>
