<?xml version="1.0" encoding="UTF-8" standalone="yes"?>
<PcGts xmlns="http://schema.primaresearch.org/PAGE/gts/pagecontent/2013-07-15" xmlns:xsi="http://www.w3.org/2001/XMLSchema-instance" xsi:schemaLocation="http://schema.primaresearch.org/PAGE/gts/pagecontent/2013-07-15 http://schema.primaresearch.org/PAGE/gts/pagecontent/2013-07-15/pagecontent.xsd">
    <Metadata>
        <Creator>prov=University of Rostock/Institute of Mathematics/CITlab|PLANET AI GmbH/Gundram Leifert/gundram.leifert@planet-ai.de:name=HPGTR(htr_id=41125)::::v=2.6.7
prov=University of Rostock/Institute of Mathematics/CITlab|PLANET AI GmbH/Tobias Gruening/tobias.gruening@planet-ai.de:name=de.uros.citlab.module.baseline2polygon.B2PSeamMultiOriented:v=2.6.7
prov=University of Rostock/Institute of Mathematics/CITlab|PLANET AI GmbH/Tobias Gruening/tobias.gruening@planet-ai.de:name=/net_tf/LA73_249_0mod360.pb:de.uros.citlab.segmentation.CITlab_LA_ML:v=2.6.7
Transkribus</Creator>
        <Created>2021-09-19T17:37:02.862+03:00</Created>
        <LastChange>2023-06-03T17:57:09.567+02:00</LastChange>
        <TranskribusMetadata docId="1458633" pageId="56018872" pageNr="5" tsid="125453672" status="IN_PROGRESS" userId="99263" imgUrl="https://files.transkribus.eu/Get?id=GDQRXPTZKZMDKPDRUOPSDWZA&amp;fileType=view" xmlUrl="https://files.transkribus.eu/Get?id=AFVUQQRDVBYZMZFYSFGXEDEY" imageId="23265769"/>
    </Metadata>
    <Page imageFilename="0005_5 Bodleian-Library-MS-Barocci-102_00161_fol-77r.jpg" imageWidth="2557" imageHeight="3409">
        <ReadingOrder>
            <OrderedGroup id="ro_1686139439680" caption="Regions reading order">
                <RegionRefIndexed index="0" regionRef="r1"/>
                <RegionRefIndexed index="1" regionRef="r2"/>
                <RegionRefIndexed index="2" regionRef="r3"/>
            </OrderedGroup>
        </ReadingOrder>
        <TextRegion orientation="0.0" id="r1" custom="readingOrder {index:0;}">
            <Coords points="353,578 353,2749 1911,2749 1911,578"/>
            <TextLine id="r1l1" custom="readingOrder {index:0;}">
                <Coords points="431,669 1158,612 1343,650 1839,630 1838,573 1137,559 992,595 848,539 720,592 428,526"/>
                <Baseline points="440,636 509,633 579,630 648,629 718,626 787,624 857,621 926,620 996,618 1065,616 1135,614 1204,614 1274,612 1343,611 1413,611 1482,611 1552,611 1621,611 1691,611 1760,612 1830,614"/>
                <TextEquiv>
                    <Unicode>Τα τοιαυτα εγκληματα τους φρονηματι μεν α</Unicode>
                </TextEquiv>
            </TextLine>
            <TextLine id="r1l2" custom="readingOrder {index:1;}">
                <Coords points="426,720 1899,732 1898,675 1624,621 1552,666 425,686"/>
                <Baseline points="435,722 507,719 580,717 653,714 726,712 798,710 871,707 944,705 1017,704 1089,702 1162,701 1235,701 1308,699 1380,699 1453,699 1526,699 1599,701 1671,702 1744,704 1817,705 1890,708"/>
                <TextEquiv>
                    <Unicode>λαζονικω υπερφρονουντας των υποδεεστερων</Unicode>
                </TextEquiv>
            </TextLine>
            <TextLine id="r1l3" custom="readingOrder {index:2;}">
                <Coords points="434,808 1649,804 1833,784 1832,734 861,719 433,766"/>
                <Baseline points="443,797 512,794 581,790 650,786 719,785 788,782 857,780 926,779 995,777 1064,776 1133,776 1202,774 1271,774 1340,774 1409,774 1478,776 1547,776 1616,777 1685,778 1754,779 1823,782"/>
                <TextEquiv>
                    <Unicode>υπιαζοντας δε τω σχηματι και τω νευματι </Unicode>
                </TextEquiv>
            </TextLine>
            <TextLine id="r1l4" custom="readingOrder {index:3;}">
                <Coords points="432,869 1287,891 1380,845 1651,889 1873,849 1873,803 432,823"/>
                <Baseline points="441,861 512,860 583,860 654,858 725,858 797,857 868,857 939,855 1010,855 1081,854 1153,854 1224,852 1295,852 1366,852 1437,852 1509,852 1580,852 1651,852 1722,853 1793,854 1865,854"/>
                <TextEquiv>
                    <Unicode>των οφρυων την αλαζονειαν ενδεικνυμενους </Unicode>
                </TextEquiv>
            </TextLine>
            <TextLine id="r1l5" custom="readingOrder {index:4;}">
                <Coords points="424,951 1910,945 1893,855 1060,898 920,852 424,909"/>
                <Baseline points="434,932 507,930 580,929 654,929 727,927 800,927 874,926 947,926 1020,926 1094,926 1167,924 1240,924 1314,924 1387,924 1460,924 1534,924 1607,926 1680,926 1754,926 1827,926 1901,926"/>
                <TextEquiv>
                    <Unicode>σοβαρω δε και διηρμενω βαδισματι ενρυθμα</Unicode>
                </TextEquiv>
            </TextLine>
            <TextLine id="r1l6" custom="readingOrder {index:5;}">
                <Coords points="420,1015 1634,1036 1812,1025 1860,966 945,977 847,940 420,982"/>
                <Baseline points="429,1005 500,1005 571,1005 642,1005 713,1005 784,1005 855,1005 926,1005 997,1005 1068,1005 1140,1005 1211,1005 1282,1005 1353,1005 1424,1005 1495,1005 1566,1005 1637,1005 1708,1005 1779,1007 1851,1007"/>
                <TextEquiv>
                    <Unicode>βαινοντας το ιμαντιον καθιεντας μεχρι των</Unicode>
                </TextEquiv>
            </TextLine>
            <TextLine id="r1l7" custom="readingOrder {index:6;}">
                <Coords points="424,1136 689,1092 948,1131 1031,1090 1844,1090 1768,1017 424,1055"/>
                <Baseline points="434,1091 504,1091 574,1091 644,1091 714,1091 784,1091 854,1089 924,1089 994,1089 1064,1089 1134,1088 1204,1088 1274,1087 1344,1086 1414,1086 1484,1086 1554,1085 1624,1085 1694,1085 1764,1083 1835,1083"/>
                <TextEquiv>
                    <Unicode>σφυρων αλαζονειαν ενδεικνυμενους και παιδι</Unicode>
                </TextEquiv>
            </TextLine>
            <TextLine id="r1l8" custom="readingOrder {index:7;}">
                <Coords points="413,1193 1858,1160 1809,1105 413,1131"/>
                <Baseline points="423,1170 494,1169 565,1167 637,1166 708,1164 779,1164 851,1163 922,1163 993,1161 1065,1161 1136,1161 1207,1161 1279,1161 1350,1161 1421,1161 1493,1161 1564,1161 1635,1161 1707,1163 1778,1163 1850,1163"/>
                <TextEquiv>
                    <Unicode>αις αμετροις εαυτους εκδεδωκοτας ους με</Unicode>
                </TextEquiv>
            </TextLine>
            <TextLine id="r1l9" custom="readingOrder {index:8;}">
                <Coords points="424,1264 1882,1264 1882,1211 1766,1187 424,1192"/>
                <Baseline points="434,1244 506,1242 578,1241 650,1241 722,1239 794,1238 866,1238 938,1236 1010,1235 1082,1235 1154,1233 1226,1233 1298,1233 1370,1233 1442,1233 1514,1235 1586,1236 1658,1237 1730,1239 1802,1241 1874,1244"/>
                <TextEquiv>
                    <Unicode>νει το απειληθεν πτωμα το δι αυτης ταπεινω</Unicode>
                </TextEquiv>
            </TextLine>
            <TextLine id="r1l10" custom="readingOrder {index:9;}">
                <Coords points="434,1320 631,1334 789,1308 868,1334 914,1310 1050,1330 1212,1313 1211,1275 1110,1254 1052,1275 989,1249 952,1275 733,1275 693,1249 651,1277 520,1279 480,1248 434,1263"/>
                <Baseline points="443,1310 482,1308 522,1307 562,1306 602,1305 642,1305 682,1304 722,1304 762,1304 802,1304 842,1304 882,1304 922,1304 962,1304 1002,1305 1042,1305 1082,1305 1122,1307 1162,1307 1202,1307"/>
                <TextEquiv>
                    <Unicode>σεως της από του υψους</Unicode>
                </TextEquiv>
            </TextLine>
            <TextLine id="r1l11" custom="readingOrder {index:10;}">
                <Coords points="465,1401 1770,1394 1770,1350 1333,1326 465,1337"/>
                <Baseline points="473,1385 537,1382 601,1380 666,1379 730,1377 795,1376 859,1376 923,1374 988,1375 1052,1376 1117,1376 1181,1377 1245,1377 1310,1379 1374,1380 1439,1380 1503,1382 1567,1383 1632,1385 1696,1385 1761,1386"/>
                <TextEquiv>
                    <Unicode>και κς ανακαλυψει το σχημα αυτων</Unicode>
                </TextEquiv>
            </TextLine>
            <TextLine id="r1l12" custom="readingOrder {index:11;}">
                <Coords points="344,1466 1815,1468 1815,1409 344,1400"/>
                <Baseline points="353,1458 425,1457 498,1457 570,1455 643,1454 716,1454 788,1454 861,1454 933,1454 1006,1454 1079,1454 1151,1454 1224,1454 1296,1455 1369,1455 1442,1455 1514,1457 1587,1457 1659,1458 1732,1458 1805,1460"/>
                <TextEquiv>
                    <Unicode>τουτο το σχημα το υπερηφανον και πεποιη</Unicode>
                </TextEquiv>
            </TextLine>
            <TextLine id="r1l13" custom="readingOrder {index:12;}">
                <Coords points="443,1545 638,1514 1773,1547 1814,1492 444,1479"/>
                <Baseline points="453,1515 520,1515 588,1515 655,1515 723,1515 791,1515 858,1515 926,1515 993,1515 1061,1515 1129,1515 1196,1515 1264,1517 1331,1517 1399,1517 1466,1517 1534,1518 1602,1519 1669,1520 1737,1521 1805,1523"/>
                <TextEquiv>
                    <Unicode>μενον προσεκλισεν και πασαν ακολαστον εν</Unicode>
                </TextEquiv>
            </TextLine>
            <TextLine id="r1l14" custom="readingOrder {index:13;}">
                <Coords points="441,1595 1875,1600 1875,1553 1642,1527 441,1544"/>
                <Baseline points="449,1577 519,1577 590,1577 661,1577 732,1577 803,1577 874,1577 944,1577 1015,1577 1086,1577 1157,1578 1228,1578 1299,1578 1370,1579 1440,1580 1511,1581 1582,1581 1653,1583 1724,1584 1795,1586 1866,1587"/>
                <TextEquiv>
                    <Unicode>νοιαν ταις καρδιαις των αφυλακτων εν εργαζο</Unicode>
                </TextEquiv>
            </TextLine>
            <TextLine id="r1l15" custom="readingOrder {index:14;}">
                <Coords points="447,1675 1821,1670 1821,1615 1715,1599 448,1590"/>
                <Baseline points="456,1646 523,1646 591,1646 659,1646 727,1646 795,1646 862,1646 930,1646 998,1646 1066,1646 1134,1646 1201,1646 1269,1647 1337,1647 1405,1649 1473,1649 1540,1651 1608,1652 1676,1655 1744,1656 1812,1659"/>
                <TextEquiv>
                    <Unicode>μενον ανακαλυψει κς όταν εν τη φανερωσει</Unicode>
                </TextEquiv>
            </TextLine>
            <TextLine id="r1l16" custom="readingOrder {index:15;}">
                <Coords points="453,1745 1444,1724 1827,1774 1827,1697 1735,1681 454,1692"/>
                <Baseline points="462,1721 529,1722 597,1722 665,1723 733,1724 801,1724 868,1724 936,1724 1004,1724 1072,1724 1140,1724 1207,1724 1275,1724 1343,1724 1411,1724 1479,1724 1546,1725 1614,1727 1682,1728 1750,1730 1818,1733"/>
                <TextEquiv>
                    <Unicode>των κρυπτων τα μεν της σαρκος παραπετα</Unicode>
                </TextEquiv>
            </TextLine>
            <TextLine id="r1l17" custom="readingOrder {index:16;}">
                <Coords points="440,1827 1867,1818 1867,1772 1415,1773 1342,1734 1251,1771 440,1760"/>
                <Baseline points="450,1799 520,1799 590,1800 661,1800 731,1800 801,1800 872,1800 942,1800 1012,1800 1083,1800 1153,1800 1223,1800 1294,1800 1364,1800 1434,1802 1505,1802 1575,1803 1645,1805 1716,1806 1786,1809 1857,1811"/>
                <TextEquiv>
                    <Unicode>σματα περιαιρεθη γυμνη δε και καθ εαυτην</Unicode>
                </TextEquiv>
            </TextLine>
            <TextLine id="r1l18" custom="readingOrder {index:17;}">
                <Coords points="437,1907 629,1868 1084,1910 1407,1863 1853,1900 1853,1846 1613,1813 438,1837"/>
                <Baseline points="447,1866 516,1868 586,1868 656,1869 726,1869 796,1869 866,1868 935,1868 1005,1868 1075,1868 1145,1868 1215,1868 1285,1868 1355,1869 1424,1869 1494,1871 1564,1872 1634,1875 1704,1878 1774,1881 1844,1886"/>
                <TextEquiv>
                    <Unicode>μετ αυτων εργων της ασχυμοσυνης παραδειγματι</Unicode>
                </TextEquiv>
            </TextLine>
            <TextLine id="r1l19" custom="readingOrder {index:18;}">
                <Coords points="432,1967 1780,1973 1920,1965 1921,1892 433,1907"/>
                <Baseline points="441,1943 514,1941 588,1942 661,1943 735,1943 808,1943 882,1944 955,1944 1029,1946 1102,1947 1176,1947 1249,1949 1323,1950 1396,1952 1470,1952 1543,1953 1617,1955 1690,1955 1764,1956 1837,1957 1911,1958"/>
                <TextEquiv>
                    <Unicode>ζηται η ψυχη ενεργειται δε ποτε και ενταυθα</Unicode>
                </TextEquiv>
            </TextLine>
            <TextLine id="r1l20" custom="readingOrder {index:19;}">
                <Coords points="438,2029 1861,2045 1841,1978 438,1965"/>
                <Baseline points="447,2012 517,2012 587,2012 657,2012 727,2012 798,2012 868,2012 938,2013 1008,2013 1078,2013 1149,2013 1219,2015 1289,2015 1359,2016 1429,2018 1500,2019 1570,2021 1640,2022 1710,2024 1780,2027 1851,2028"/>
                <TextEquiv>
                    <Unicode>η αποκαλυψις του σχηματος επι καλω των πε</Unicode>
                </TextEquiv>
            </TextLine>
            <TextLine id="r1l21" custom="readingOrder {index:20;}">
                <Coords points="437,2108 1829,2127 1865,2041 437,2051"/>
                <Baseline points="447,2085 517,2084 587,2084 658,2084 728,2082 798,2082 869,2084 939,2084 1009,2084 1080,2085 1150,2085 1220,2087 1291,2088 1361,2088 1431,2090 1502,2091 1572,2093 1642,2094 1713,2096 1783,2097 1854,2099"/>
                <TextEquiv>
                    <Unicode>ρι ους η ενεργεια ώστε γυμνωθεντων αι τεως</Unicode>
                </TextEquiv>
            </TextLine>
            <TextLine id="r1l22" custom="readingOrder {index:21;}">
                <Coords points="446,2172 1720,2172 1806,2208 1807,2135 446,2117"/>
                <Baseline points="455,2153 522,2154 589,2156 656,2157 723,2157 790,2159 857,2159 924,2160 991,2160 1058,2160 1126,2162 1193,2162 1260,2162 1327,2162 1394,2163 1461,2163 1528,2163 1595,2165 1662,2166 1729,2166 1797,2168"/>
                <TextEquiv>
                    <Unicode>πολλοις διαλανθανει και εις γνωσιν τοις</Unicode>
                </TextEquiv>
            </TextLine>
            <TextLine id="r1l23" custom="readingOrder {index:22;}">
                <Coords points="451,2236 1869,2253 1869,2193 1687,2176 451,2193"/>
                <Baseline points="461,2222 534,2223 608,2226 681,2226 755,2228 829,2229 902,2229 976,2229 1050,2231 1123,2231 1197,2231 1270,2231 1344,2232 1418,2232 1491,2234 1565,2235 1639,2236 1712,2238 1786,2240 1860,2243"/>
                <TextEquiv>
                    <Unicode>πολλοις ελθουσης της επι τοις αμαρτημασι</Unicode>
                </TextEquiv>
            </TextLine>
            <TextLine id="r1l24" custom="readingOrder {index:23;}">
                <Coords points="429,2310 1881,2336 1882,2257 429,2266"/>
                <Baseline points="438,2294 509,2295 581,2297 653,2298 724,2300 796,2300 868,2301 939,2301 1011,2301 1083,2301 1155,2301 1226,2301 1298,2303 1370,2303 1441,2303 1513,2304 1585,2306 1656,2307 1728,2309 1800,2312 1872,2315"/>
                <TextEquiv>
                    <Unicode>ασχημοσυνης επιτρεψαι καταδεθεντας τους</Unicode>
                </TextEquiv>
            </TextLine>
            <TextLine id="r1l25" custom="readingOrder {index:24;}">
                <Coords points="447,2372 1868,2393 1869,2334 1596,2313 448,2328"/>
                <Baseline points="456,2357 526,2358 596,2361 666,2363 736,2364 807,2366 877,2367 947,2369 1017,2369 1087,2370 1158,2370 1228,2372 1298,2372 1368,2373 1438,2375 1509,2375 1579,2376 1649,2378 1719,2379 1789,2381 1860,2384"/>
                <TextEquiv>
                    <Unicode>τεως δια το λανθανειν επιμενοντας τω κακω</Unicode>
                </TextEquiv>
            </TextLine>
            <TextLine id="r1l26" custom="readingOrder {index:25;}">
                <Coords points="456,2446 1679,2448 1741,2488 1852,2453 1852,2405 1722,2388 1001,2407 672,2361 457,2398"/>
                <Baseline points="465,2427 533,2429 602,2431 671,2432 740,2433 809,2435 878,2435 946,2436 1015,2436 1084,2438 1153,2438 1222,2439 1291,2439 1360,2441 1428,2442 1497,2443 1566,2444 1635,2447 1704,2448 1773,2451 1842,2454"/>
                <TextEquiv>
                    <Unicode>του κυ ουν εργον ανακαλυψαι το σχημα το επι</Unicode>
                </TextEquiv>
            </TextLine>
            <TextLine id="r1l27" custom="readingOrder {index:26;}">
                <Coords points="445,2507 1576,2511 1779,2564 1833,2547 1835,2463 446,2459"/>
                <Baseline points="455,2489 523,2491 591,2492 660,2493 728,2495 797,2496 865,2498 934,2499 1002,2501 1071,2502 1139,2504 1207,2505 1276,2506 1344,2508 1413,2510 1481,2512 1550,2514 1618,2517 1687,2520 1755,2523 1824,2526"/>
                <TextEquiv>
                    <Unicode>πλαστον και κατεσχηματισμενον ώστε</Unicode>
                </TextEquiv>
            </TextLine>
            <TextLine id="r1l28" custom="readingOrder {index:27;}">
                <Coords points="391,2589 1829,2617 1831,2547 501,2537 394,2493"/>
                <Baseline points="402,2562 476,2564 551,2565 626,2567 700,2569 775,2570 850,2571 924,2573 999,2574 1074,2576 1148,2578 1223,2580 1298,2582 1372,2583 1447,2586 1522,2588 1596,2591 1671,2595 1746,2598 1821,2601"/>
                <TextEquiv>
                    <Unicode>και ει τινες ημων των τιμωμενων προσχη</Unicode>
                </TextEquiv>
            </TextLine>
            <TextLine id="r1l29" custom="readingOrder {index:28;}">
                <Coords points="441,2631 1863,2694 1884,2608 442,2586"/>
                <Baseline points="450,2621 521,2624 592,2627 663,2630 734,2631 805,2633 876,2635 947,2637 1018,2639 1089,2640 1161,2643 1232,2645 1303,2646 1374,2648 1445,2651 1516,2653 1587,2655 1658,2659 1729,2662 1800,2667 1872,2670"/>
                <TextEquiv>
                    <Unicode>ματι βιον ασεμνον υποκρυπτουσι φοβηθη</Unicode>
                </TextEquiv>
            </TextLine>
            <TextLine id="r1l30" custom="readingOrder {index:29;}">
                <Coords points="445,2702 1823,2769 1810,2669 447,2650"/>
                <Baseline points="456,2681 527,2684 599,2690 670,2694 742,2697 813,2700 885,2704 956,2707 1028,2709 1099,2712 1171,2714 1242,2717 1314,2719 1385,2721 1457,2724 1528,2726 1600,2729 1671,2730 1743,2733 1815,2735"/>
                <TextEquiv>
                    <Unicode>τωσαν τον ανακαλυπτει ημων το σχημα μ  </Unicode>
                </TextEquiv>
            </TextLine>
            <TextEquiv>
                <Unicode>Τα τοιαυτα εγκληματα τους φρονηματι μεν α&#13;
λαζονικω υπερφρονουντας των υποδεεστερων&#13;
υπιαζοντας δε τω σχηματι και τω νευματι &#13;
των οφρυων την αλαζονειαν ενδεικνυμενους &#13;
σοβαρω δε και διηρμενω βαδισματι ενρυθμα&#13;
βαινοντας το ιμαντιον καθιεντας μεχρι των&#13;
σφυρων αλαζονειαν ενδεικνυμενους και παιδι&#13;
αις αμετροις εαυτους εκδεδωκοτας ους με&#13;
νει το απειληθεν πτωμα το δι αυτης ταπεινω&#13;
σεως της από του υψους&#13;
και κς ανακαλυψει το σχημα αυτων&#13;
τουτο το σχημα το υπερηφανον και πεποιη&#13;
μενον προσεκλισεν και πασαν ακολαστον εν&#13;
νοιαν ταις καρδιαις των αφυλακτων εν εργαζο&#13;
μενον ανακαλυψει κς όταν εν τη φανερωσει&#13;
των κρυπτων τα μεν της σαρκος παραπετα&#13;
σματα περιαιρεθη γυμνη δε και καθ εαυτην&#13;
μετ αυτων εργων της ασχυμοσυνης παραδειγματι&#13;
ζηται η ψυχη ενεργειται δε ποτε και ενταυθα&#13;
η αποκαλυψις του σχηματος επι καλω των πε&#13;
ρι ους η ενεργεια ώστε γυμνωθεντων αι τεως&#13;
πολλοις διαλανθανει και εις γνωσιν τοις&#13;
πολλοις ελθουσης της επι τοις αμαρτημασι&#13;
ασχημοσυνης επιτρεψαι καταδεθεντας τους&#13;
τεως δια το λανθανειν επιμενοντας τω κακω&#13;
του κυ ουν εργον ανακαλυψαι το σχημα το επι&#13;
πλαστον και κατεσχηματισμενον ώστε&#13;
και ει τινες ημων των τιμωμενων προσχη&#13;
ματι βιον ασεμνον υποκρυπτουσι φοβηθη&#13;
τωσαν τον ανακαλυπτει ημων το σχημα μ  </Unicode>
            </TextEquiv>
        </TextRegion>
        <TextRegion orientation="0.0" id="r2" custom="readingOrder {index:1;}">
            <Coords points="1970,2423 1970,2576 2015,2576 2015,2423"/>
            <TextEquiv>
                <Unicode></Unicode>
            </TextEquiv>
        </TextRegion>
        <TextRegion orientation="0.0" id="r3" custom="readingOrder {index:2;}">
            <Coords points="2109,326 2109,479 2189,479 2189,326"/>
            <TextEquiv>
                <Unicode></Unicode>
            </TextEquiv>
        </TextRegion>
    </Page>
</PcGts>
