<?xml version="1.0" encoding="UTF-8" standalone="yes"?>
<PcGts xmlns="http://schema.primaresearch.org/PAGE/gts/pagecontent/2013-07-15" xmlns:xsi="http://www.w3.org/2001/XMLSchema-instance" xsi:schemaLocation="http://schema.primaresearch.org/PAGE/gts/pagecontent/2013-07-15 http://schema.primaresearch.org/PAGE/gts/pagecontent/2013-07-15/pagecontent.xsd">
    <Metadata>
        <Creator>prov=University of Rostock/Institute of Mathematics/CITlab|PLANET AI GmbH/Gundram Leifert/gundram.leifert@planet-ai.de:name=HPGTR(htr_id=41125)::::v=2.6.7
prov=University of Rostock/Institute of Mathematics/CITlab|PLANET AI GmbH/Tobias Gruening/tobias.gruening@planet-ai.de:name=de.uros.citlab.module.baseline2polygon.B2PSeamMultiOriented:v=2.6.7
prov=University of Rostock/Institute of Mathematics/CITlab|PLANET AI GmbH/Tobias Gruening/tobias.gruening@planet-ai.de:name=/net_tf/LA73_249_0mod360.pb:de.uros.citlab.segmentation.CITlab_LA_ML:v=2.6.7
Transkribus</Creator>
        <Created>2021-09-19T17:37:03.356+03:00</Created>
        <LastChange>2023-06-03T18:04:19.545+02:00</LastChange>
        <TranskribusMetadata docId="1458633" pageId="56018873" pageNr="6" tsid="125455141" status="IN_PROGRESS" userId="99263" imgUrl="https://files.transkribus.eu/Get?id=NJXWCZBCMHGOYPUDNNICBELD&amp;fileType=view" xmlUrl="https://files.transkribus.eu/Get?id=MKBXOCWTNCVVNWNNORXFVLNR" imageId="23265770"/>
    </Metadata>
    <Page imageFilename="0006_6 Bodleian-Library-MS-Barocci-102_00162_fol-77v.jpg" imageWidth="2557" imageHeight="3409">
        <ReadingOrder>
            <OrderedGroup id="ro_1686139439900" caption="Regions reading order">
                <RegionRefIndexed index="0" regionRef="r1"/>
                <RegionRefIndexed index="1" regionRef="r2"/>
            </OrderedGroup>
        </ReadingOrder>
        <TextRegion orientation="0.0" id="r1" custom="readingOrder {index:0;}">
            <Coords points="435,824 435,992 495,992 495,824"/>
            <TextEquiv>
                <Unicode></Unicode>
            </TextEquiv>
        </TextRegion>
        <TextRegion orientation="0.0" id="r2" custom="readingOrder {index:1;}">
            <Coords points="653,593 653,2752 2184,2752 2184,593"/>
            <TextLine id="r2l1" custom="readingOrder {index:0;}">
                <Coords points="699,644 2163,678 2147,560 1613,599 700,553"/>
                <Baseline points="708,633 780,632 852,630 924,630 997,629 1069,628 1141,627 1214,627 1286,627 1358,627 1431,627 1503,629 1575,629 1647,630 1720,632 1792,634 1864,636 1937,639 2009,642 2081,645 2154,650"/>
                <TextEquiv>
                    <Unicode>λοντα και φανερουντα τας βουλας των καρδι</Unicode>
                </TextEquiv>
            </TextLine>
            <TextLine id="r2l2" custom="readingOrder {index:1;}">
                <Coords points="735,717 2180,757 2181,687 2030,652 1532,640 1389,684 736,643"/>
                <Baseline points="744,710 815,710 886,711 958,711 1029,711 1101,711 1172,711 1243,711 1315,711 1386,711 1458,711 1529,713 1600,713 1672,714 1743,716 1815,717 1886,720 1957,722 2029,726 2100,729 2172,734"/>
                <TextEquiv>
                    <Unicode>ων ημων ώστε εν ταις παντων προκεισθαι οψεσι</Unicode>
                </TextEquiv>
            </TextLine>
            <TextLine id="r2l3" custom="readingOrder {index:2;}">
                <Coords points="747,803 2015,820 2159,801 2160,742 748,743"/>
                <Baseline points="756,780 825,782 895,783 965,785 1034,786 1104,786 1174,788 1243,788 1313,788 1383,788 1453,789 1522,789 1592,789 1662,791 1731,791 1801,791 1871,792 1940,794 2010,795 2080,797 2150,800"/>
                <TextEquiv>
                    <Unicode>τους εν εκαστω γινομενους χειρονας λογισμους</Unicode>
                </TextEquiv>
            </TextLine>
            <TextLine id="r2l4" custom="readingOrder {index:3;}">
                <Coords points="700,887 2159,872 2140,804 1854,838 1695,797 1581,835 700,798"/>
                <Baseline points="710,867 782,866 854,865 926,863 998,863 1070,861 1142,861 1214,861 1286,861 1358,861 1430,861 1502,861 1574,863 1646,863 1718,864 1790,866 1862,866 1934,867 2006,869 2078,870 2150,872"/>
                <TextEquiv>
                    <Unicode>κυκλωσει γαρ εκαστον ημων τα διαβουμα αυτου</Unicode>
                </TextEquiv>
            </TextLine>
            <TextLine id="r2l5" custom="readingOrder {index:4;}">
                <Coords points="719,953 2146,978 2146,912 1942,878 720,878"/>
                <Baseline points="729,932 799,934 869,935 940,936 1010,936 1080,938 1151,938 1221,938 1291,938 1362,938 1432,939 1502,939 1573,939 1643,941 1713,941 1784,942 1854,944 1924,945 1995,948 2065,951 2136,954"/>
                <TextEquiv>
                    <Unicode>και αι πραξεις εν τοις ιδιοις γνωρισμασι περι</Unicode>
                </TextEquiv>
            </TextLine>
            <TextLine id="r2l6" custom="readingOrder {index:5;}">
                <Coords points="723,1025 2010,1064 2145,1025 2145,980 1988,959 724,980"/>
                <Baseline points="732,1014 802,1016 872,1016 942,1016 1012,1016 1083,1016 1153,1016 1223,1016 1293,1017 1363,1017 1434,1017 1504,1017 1574,1017 1644,1019 1714,1019 1785,1020 1855,1022 1925,1023 1995,1025 2065,1026 2136,1029"/>
                <TextEquiv>
                    <Unicode>στησονται αισχυνην και ον ειδισμον αλωνι </Unicode>
                </TextEquiv>
            </TextLine>
            <TextLine id="r2l7" custom="readingOrder {index:6;}">
                <Coords points="732,1107 1448,1137 2170,1102 2156,1062 1646,1066 1534,1023 732,1031"/>
                <Baseline points="741,1092 815,1093 890,1094 965,1094 1039,1094 1114,1095 1189,1095 1263,1097 1338,1097 1413,1097 1487,1098 1562,1098 1637,1098 1711,1100 1786,1100 1861,1100 1935,1100 2010,1100 2085,1100 2160,1100"/>
                <TextEquiv>
                    <Unicode>ον ημιν επαρισαι όταν ελεγχωνται εναντιως</Unicode>
                </TextEquiv>
            </TextLine>
            <TextLine id="r2l8" custom="readingOrder {index:7;}">
                <Coords points="724,1206 1395,1165 2026,1200 2139,1182 2139,1123 724,1134"/>
                <Baseline points="734,1170 803,1169 873,1169 943,1169 1013,1169 1083,1167 1152,1169 1222,1169 1292,1169 1362,1169 1432,1169 1501,1170 1571,1170 1641,1170 1711,1170 1781,1170 1850,1170 1920,1170 1990,1170 2060,1170 2130,1169"/>
                <TextEquiv>
                    <Unicode>εχουσαι προς τον λογον ώστε τον κηριοσοντα</Unicode>
                </TextEquiv>
            </TextLine>
            <TextLine id="r2l9" custom="readingOrder {index:8;}">
                <Coords points="713,1258 2055,1290 2144,1266 2145,1200 714,1209"/>
                <Baseline points="722,1242 792,1242 863,1242 933,1242 1004,1242 1075,1242 1145,1242 1216,1242 1287,1242 1357,1242 1428,1242 1499,1244 1569,1244 1640,1244 1711,1245 1781,1247 1852,1247 1923,1248 1993,1250 2064,1251 2135,1253"/>
                <TextEquiv>
                    <Unicode>μη κλεπτειν κλωπα εφευρισκεσθαι τον λεγον</Unicode>
                </TextEquiv>
            </TextLine>
            <TextLine id="r2l10" custom="readingOrder {index:9;}">
                <Coords points="728,1327 1732,1320 1808,1359 2194,1329 2194,1259 728,1273"/>
                <Baseline points="737,1314 809,1313 881,1313 954,1311 1026,1311 1098,1311 1171,1311 1243,1311 1315,1313 1388,1313 1460,1314 1532,1314 1605,1316 1677,1316 1749,1316 1822,1317 1894,1317 1966,1316 2039,1316 2111,1316 2184,1314"/>
                <TextEquiv>
                    <Unicode>τα μη μοιχευειν εν τοις μοιχοις εχοντα την με</Unicode>
                </TextEquiv>
            </TextLine>
            <TextLine id="r2l11" custom="readingOrder {index:10;}">
                <Coords points="727,1423 2020,1417 2169,1386 2169,1349 727,1353"/>
                <Baseline points="737,1400 808,1397 879,1394 950,1392 1021,1391 1092,1391 1163,1389 1235,1389 1306,1388 1377,1388 1448,1388 1519,1388 1590,1388 1661,1388 1733,1388 1804,1388 1875,1388 1946,1386 2017,1385 2088,1383 2160,1382"/>
                <TextEquiv>
                    <Unicode>ριδα φωρασθαι τον βδελιασομενον τα ει</Unicode>
                </TextEquiv>
            </TextLine>
            <TextLine id="r2l12" custom="readingOrder {index:11;}">
                <Coords points="701,1485 2178,1500 2161,1403 701,1409"/>
                <Baseline points="711,1476 783,1473 856,1470 929,1467 1002,1466 1075,1464 1148,1464 1220,1463 1293,1463 1366,1463 1439,1463 1512,1463 1585,1463 1658,1463 1730,1463 1803,1463 1876,1463 1949,1461 2022,1461 2095,1460 2168,1458"/>
                <TextEquiv>
                    <Unicode>δωλα ιεροσυλιας τουτον μη απεχομενον ουδεν</Unicode>
                </TextEquiv>
            </TextLine>
            <TextLine id="r2l13" custom="readingOrder {index:12;}">
                <Coords points="722,1553 1755,1522 2086,1559 2147,1556 2147,1492 721,1487"/>
                <Baseline points="731,1536 801,1536 871,1535 942,1535 1012,1533 1082,1532 1153,1532 1223,1530 1293,1529 1364,1529 1434,1527 1504,1527 1575,1527 1645,1526 1715,1526 1786,1526 1856,1526 1926,1527 1997,1527 2067,1529 2138,1530"/>
                <TextEquiv>
                    <Unicode>γαρ κρυπτον ο ου φανερωθησεται ουδε κατακε</Unicode>
                </TextEquiv>
            </TextLine>
            <TextLine id="r2l14" custom="readingOrder {index:13;}">
                <Coords points="716,1619 1936,1604 1935,1552 1830,1541 715,1560"/>
                <Baseline points="725,1602 785,1602 845,1602 905,1601 965,1600 1025,1599 1085,1598 1145,1596 1205,1595 1265,1593 1325,1592 1385,1590 1445,1589 1505,1589 1565,1587 1625,1587 1685,1586 1745,1586 1805,1586 1865,1587 1926,1587"/>
                <TextEquiv>
                    <Unicode>καλυμμενον ο ουκ αποκαλυφθησεται</Unicode>
                </TextEquiv>
            </TextLine>
            <TextLine id="r2l15" custom="readingOrder {index:14;}">
                <Coords points="669,1692 1745,1663 2004,1700 2151,1664 2151,1597 668,1617"/>
                <Baseline points="677,1670 750,1666 823,1664 896,1661 969,1659 1043,1659 1116,1658 1189,1658 1262,1656 1335,1656 1409,1656 1482,1658 1555,1658 1628,1658 1701,1658 1775,1658 1848,1656 1921,1656 1994,1655 2067,1653 2141,1652"/>
                <TextEquiv>
                    <Unicode>εν τη ημερα εκεινη αφελει κς την δοξαν του</Unicode>
                </TextEquiv>
            </TextLine>
            <TextLine id="r2l16" custom="readingOrder {index:15;}">
                <Coords points="722,1783 900,1746 2121,1746 2078,1678 721,1687"/>
                <Baseline points="731,1742 800,1742 869,1740 938,1740 1007,1740 1076,1740 1145,1739 1214,1739 1283,1739 1352,1737 1421,1737 1490,1737 1559,1736 1628,1736 1697,1734 1766,1734 1835,1733 1904,1731 1973,1731 2042,1730 2112,1728"/>
                <TextEquiv>
                    <Unicode>ιματισμου αυτων και τον κοσμον αυτων</Unicode>
                </TextEquiv>
            </TextLine>
            <TextLine id="r2l17" custom="readingOrder {index:16;}">
                <Coords points="686,1823 2145,1826 2144,1758 2072,1751 1186,1787 887,1747 767,1787 685,1745"/>
                <Baseline points="696,1820 768,1820 840,1820 912,1820 984,1819 1056,1818 1128,1818 1200,1817 1272,1817 1344,1816 1416,1815 1488,1815 1560,1814 1632,1814 1704,1812 1776,1812 1848,1812 1920,1811 1992,1811 2064,1811 2136,1812"/>
                <TextEquiv>
                    <Unicode>επειδη παρα το πρεπον εχρησαντο τοις δε</Unicode>
                </TextEquiv>
            </TextLine>
            <TextLine id="r2l18" custom="readingOrder {index:17;}">
                <Coords points="668,1900 2138,1899 2123,1823 858,1860 668,1818"/>
                <Baseline points="677,1886 749,1887 822,1887 894,1889 967,1889 1040,1889 1112,1889 1185,1889 1257,1889 1330,1889 1403,1889 1475,1887 1548,1887 1620,1886 1693,1886 1766,1884 1838,1883 1911,1883 1983,1881 2056,1880 2129,1878"/>
                <TextEquiv>
                    <Unicode>δομενοις εις χρησιν αφελει κς την δοξαν</Unicode>
                </TextEquiv>
            </TextLine>
            <TextLine id="r2l19" custom="readingOrder {index:18;}">
                <Coords points="740,1986 2027,1976 2126,1965 2125,1891 739,1934"/>
                <Baseline points="749,1965 817,1965 885,1965 954,1965 1022,1965 1091,1965 1159,1964 1227,1964 1296,1964 1364,1962 1433,1961 1501,1961 1569,1959 1638,1958 1706,1956 1775,1955 1843,1953 1911,1952 1980,1950 2048,1949 2117,1947"/>
                <TextEquiv>
                    <Unicode>του ιματισμου αυτων ον επι κακω εαυτων και</Unicode>
                </TextEquiv>
            </TextLine>
            <TextLine id="r2l20" custom="readingOrder {index:19;}">
                <Coords points="681,2045 1878,2057 2108,2032 2107,1975 680,1993"/>
                <Baseline points="690,2043 760,2042 830,2040 901,2039 971,2038 1042,2036 1112,2035 1183,2034 1253,2033 1324,2031 1394,2030 1464,2028 1535,2027 1605,2025 1676,2025 1746,2024 1817,2022 1887,2021 1958,2021 2028,2019 2099,2018"/>
                <TextEquiv>
                    <Unicode>των εντυχανοντων αυταις περιεκαψοντο</Unicode>
                </TextEquiv>
            </TextLine>
            <TextLine id="r2l21" custom="readingOrder {index:20;}">
                <Coords points="643,2140 2138,2101 2137,2047 1993,2031 642,2063"/>
                <Baseline points="653,2121 726,2117 800,2113 874,2109 948,2106 1022,2103 1095,2102 1169,2100 1243,2099 1317,2097 1391,2097 1464,2096 1538,2096 1612,2096 1686,2094 1760,2094 1833,2094 1907,2093 1981,2093 2055,2091 2129,2090"/>
                <TextEquiv>
                    <Unicode>ώστε πασα γυνη κακως κεχρημενη τη περιβο</Unicode>
                </TextEquiv>
            </TextLine>
            <TextLine id="r2l22" custom="readingOrder {index:21;}">
                <Coords points="1432,2194 1538,2169 1655,2211 1688,2187 1731,2209 1766,2181 1893,2169 2017,2192 2048,2171 2116,2177 2116,2119 1955,2113 1856,2136 1813,2101 1717,2140 1629,2109 1431,2133"/>
                <Baseline points="1440,2172 1473,2172 1506,2172 1540,2171 1573,2171 1607,2169 1640,2169 1673,2168 1707,2166 1740,2165 1774,2165 1807,2163 1840,2163 1874,2163 1907,2163 1941,2165 1974,2165 2007,2167 2041,2169 2074,2172 2108,2175"/>
                <TextEquiv>
                    <Unicode>την αφαιρεσιν απειλει	</Unicode>
                </TextEquiv>
            </TextLine>
            <TextLine id="r2l23" custom="readingOrder {index:22;}">
                <Coords points="709,2212 806,2184 993,2203 1056,2183 1099,2204 1142,2183 1183,2199 1255,2184 1254,2131 1209,2117 1173,2144 1030,2115 911,2151 774,2156 708,2138"/>
                <Baseline points="717,2190 743,2188 769,2186 796,2184 822,2183 849,2181 875,2180 901,2180 928,2178 954,2178 981,2178 1007,2178 1033,2178 1060,2178 1086,2177 1113,2177 1139,2177 1165,2177 1192,2177 1218,2177 1245,2175"/>
                <TextEquiv>
                    <Unicode>λη της εσθητος</Unicode>
                </TextEquiv>
            </TextLine>
            <TextLine id="r2l24" custom="readingOrder {index:23;}">
                <Coords points="741,2273 1708,2240 1913,2272 2112,2231 2111,2179 2058,2172 740,2214"/>
                <Baseline points="749,2249 816,2249 884,2249 951,2249 1019,2249 1087,2248 1154,2247 1222,2247 1290,2246 1357,2244 1425,2243 1493,2242 1560,2241 1628,2240 1696,2238 1763,2237 1831,2235 1899,2235 1966,2234 2034,2232 2102,2231"/>
                <TextEquiv>
                    <Unicode>ται προσδοκατω αυτης την αφαιρεσιν ε</Unicode>
                </TextEquiv>
            </TextLine>
            <TextLine id="r2l25" custom="readingOrder {index:24;}">
                <Coords points="728,2341 1967,2337 2142,2320 2141,2250 727,2289"/>
                <Baseline points="737,2327 806,2327 876,2325 946,2324 1016,2323 1085,2322 1155,2321 1225,2319 1295,2318 1364,2316 1434,2315 1504,2313 1574,2312 1643,2312 1713,2310 1783,2309 1853,2307 1922,2306 1992,2304 2062,2304 2132,2303"/>
                <TextEquiv>
                    <Unicode>πειδη και επορευοντο φησιν αμα συρουσαι τ</Unicode>
                </TextEquiv>
            </TextLine>
            <TextLine id="r2l26" custom="readingOrder {index:25;}">
                <Coords points="703,2426 2148,2379 2130,2317 701,2359"/>
                <Baseline points="711,2397 782,2396 853,2394 925,2391 996,2390 1067,2388 1139,2387 1210,2385 1281,2384 1353,2382 1424,2381 1495,2381 1567,2379 1638,2378 1709,2376 1781,2375 1852,2373 1923,2372 1995,2372 2066,2370 2138,2369"/>
                <TextEquiv>
                    <Unicode>χιτωνας ως μη χρωμεναι τω ιματισμω αλ</Unicode>
                </TextEquiv>
            </TextLine>
            <TextLine id="r2l27" custom="readingOrder {index:26;}">
                <Coords points="716,2495 2122,2471 2153,2402 714,2417"/>
                <Baseline points="725,2465 799,2462 874,2460 949,2457 1023,2456 1098,2454 1173,2453 1247,2453 1322,2451 1397,2451 1471,2450 1546,2449 1621,2448 1695,2447 1770,2445 1845,2444 1919,2441 1994,2439 2069,2436 2144,2432"/>
                <TextEquiv>
                    <Unicode>λα παραχρωμεναι εκελευθησαν γυμνωθη η</Unicode>
                </TextEquiv>
            </TextLine>
            <TextLine id="r2l28" custom="readingOrder {index:27;}">
                <Coords points="738,2553 2028,2530 2144,2518 2143,2465 859,2463 736,2505"/>
                <Baseline points="747,2541 816,2535 885,2532 955,2528 1024,2525 1094,2522 1163,2520 1232,2518 1302,2516 1371,2516 1441,2514 1510,2513 1579,2513 1649,2511 1718,2510 1788,2508 1857,2507 1926,2504 1996,2501 2065,2498 2135,2495"/>
                <TextEquiv>
                    <Unicode>της δοξης του ιματισμου αφαιρειται μεντοι</Unicode>
                </TextEquiv>
            </TextLine>
            <TextLine id="r2l29" custom="readingOrder {index:28;}">
                <Coords points="734,2630 2157,2569 2155,2506 2062,2547 732,2556"/>
                <Baseline points="743,2607 813,2604 883,2601 953,2598 1024,2595 1094,2594 1164,2592 1234,2590 1305,2588 1375,2586 1445,2585 1515,2583 1586,2582 1656,2580 1726,2579 1796,2577 1867,2576 1937,2574 2007,2571 2077,2570 2148,2567"/>
                <TextEquiv>
                    <Unicode>και αφ ημων την δοξαν του ιματισμου εάν α</Unicode>
                </TextEquiv>
            </TextLine>
            <TextLine id="r2l30" custom="readingOrder {index:29;}">
                <Coords points="719,2707 1957,2661 2130,2638 2150,2581 716,2630"/>
                <Baseline points="728,2681 798,2676 869,2672 940,2667 1010,2664 1081,2660 1152,2657 1222,2654 1293,2652 1364,2649 1435,2648 1505,2645 1576,2643 1647,2642 1717,2639 1788,2637 1859,2634 1929,2631 2000,2628 2071,2625 2142,2622"/>
                <TextEquiv>
                    <Unicode>ναξιως αυτω κεχρημενοι φανωμεν καταπα</Unicode>
                </TextEquiv>
            </TextLine>
            <TextLine id="r2l31" custom="readingOrder {index:30;}">
                <Coords points="771,2772 2147,2710 2130,2656 768,2695"/>
                <Baseline points="779,2736 850,2735 922,2735 993,2733 1065,2732 1136,2729 1208,2727 1279,2724 1351,2721 1422,2718 1494,2715 1565,2712 1637,2709 1708,2706 1780,2703 1851,2700 1923,2698 1994,2695 2066,2693 2138,2691"/>
                <TextEquiv>
                    <Unicode>τουντες αυτόν και των σαρκινων νομισματ </Unicode>
                </TextEquiv>
            </TextLine>
            <TextEquiv>
                <Unicode>λοντα και φανερουντα τας βουλας των καρδι&#13;
ων ημων ώστε εν ταις παντων προκεισθαι οψεσι&#13;
τους εν εκαστω γινομενους χειρονας λογισμους&#13;
κυκλωσει γαρ εκαστον ημων τα διαβουμα αυτου&#13;
και αι πραξεις εν τοις ιδιοις γνωρισμασι περι&#13;
στησονται αισχυνην και ον ειδισμον αλωνι &#13;
ον ημιν επαρισαι όταν ελεγχωνται εναντιως&#13;
εχουσαι προς τον λογον ώστε τον κηριοσοντα&#13;
μη κλεπτειν κλωπα εφευρισκεσθαι τον λεγον&#13;
τα μη μοιχευειν εν τοις μοιχοις εχοντα την με&#13;
ριδα φωρασθαι τον βδελιασομενον τα ει&#13;
δωλα ιεροσυλιας τουτον μη απεχομενον ουδεν&#13;
γαρ κρυπτον ο ου φανερωθησεται ουδε κατακε&#13;
καλυμμενον ο ουκ αποκαλυφθησεται&#13;
εν τη ημερα εκεινη αφελει κς την δοξαν του&#13;
ιματισμου αυτων και τον κοσμον αυτων&#13;
επειδη παρα το πρεπον εχρησαντο τοις δε&#13;
δομενοις εις χρησιν αφελει κς την δοξαν&#13;
του ιματισμου αυτων ον επι κακω εαυτων και&#13;
των εντυχανοντων αυταις περιεκαψοντο&#13;
ώστε πασα γυνη κακως κεχρημενη τη περιβο&#13;
την αφαιρεσιν απειλει	&#13;
λη της εσθητος&#13;
ται προσδοκατω αυτης την αφαιρεσιν ε&#13;
πειδη και επορευοντο φησιν αμα συρουσαι τ&#13;
χιτωνας ως μη χρωμεναι τω ιματισμω αλ&#13;
λα παραχρωμεναι εκελευθησαν γυμνωθη η&#13;
της δοξης του ιματισμου αφαιρειται μεντοι&#13;
και αφ ημων την δοξαν του ιματισμου εάν α&#13;
ναξιως αυτω κεχρημενοι φανωμεν καταπα&#13;
τουντες αυτόν και των σαρκινων νομισματ </Unicode>
            </TextEquiv>
        </TextRegion>
    </Page>
</PcGts>
