<?xml version="1.0" encoding="UTF-8" standalone="yes"?>
<PcGts xmlns="http://schema.primaresearch.org/PAGE/gts/pagecontent/2013-07-15" xmlns:xsi="http://www.w3.org/2001/XMLSchema-instance" xsi:schemaLocation="http://schema.primaresearch.org/PAGE/gts/pagecontent/2013-07-15 http://schema.primaresearch.org/PAGE/gts/pagecontent/2013-07-15/pagecontent.xsd">
    <Metadata>
        <Creator>prov=University of Rostock/Institute of Mathematics/CITlab|PLANET AI GmbH/Gundram Leifert/gundram.leifert@planet-ai.de:name=HPGTR(htr_id=41125)::::v=2.6.7
prov=University of Rostock/Institute of Mathematics/CITlab|PLANET AI GmbH/Tobias Gruening/tobias.gruening@planet-ai.de:name=de.uros.citlab.module.baseline2polygon.B2PSeamMultiOriented:v=2.6.7
prov=University of Rostock/Institute of Mathematics/CITlab|PLANET AI GmbH/Tobias Gruening/tobias.gruening@planet-ai.de:name=/net_tf/LA73_249_0mod360.pb:de.uros.citlab.segmentation.CITlab_LA_ML:v=2.6.7
Transkribus</Creator>
        <Created>2021-09-19T17:37:03.786+03:00</Created>
        <LastChange>2023-06-03T18:11:47.646+02:00</LastChange>
        <TranskribusMetadata docId="1458633" pageId="56018874" pageNr="7" tsid="125456840" status="IN_PROGRESS" userId="99263" imgUrl="https://files.transkribus.eu/Get?id=MILVRAAJWIKXPLRHCYDBEUMV&amp;fileType=view" xmlUrl="https://files.transkribus.eu/Get?id=IIVSIETAMEIBVSRIWRNNVXYV" imageId="23265771"/>
    </Metadata>
    <Page imageFilename="0007_7 Bodleian-Library-MS-Barocci-102_00163_fol-78r.jpg" imageWidth="2557" imageHeight="3409">
        <ReadingOrder>
            <OrderedGroup id="ro_1686139440111" caption="Regions reading order">
                <RegionRefIndexed index="0" regionRef="r1"/>
                <RegionRefIndexed index="1" regionRef="r2"/>
            </OrderedGroup>
        </ReadingOrder>
        <TextRegion orientation="0.0" id="r1" custom="readingOrder {index:0;}">
            <Coords points="422,539 422,2731 1967,2731 1967,539"/>
            <TextLine id="r1l1" custom="readingOrder {index:0;}">
                <Coords points="428,634 1533,573 1892,615 1977,600 1972,461 1737,519 1307,479 1064,549 426,570"/>
                <Baseline points="437,618 513,615 590,614 666,611 743,608 819,605 896,601 972,597 1049,594 1125,591 1202,588 1278,585 1355,581 1431,579 1508,576 1584,575 1661,573 1737,573 1814,573 1890,575 1967,576"/>
                <TextEquiv>
                    <Unicode>αν απιμπλαντες τις δε εστιν ουτος ο ιματισμο</Unicode>
                </TextEquiv>
            </TextLine>
            <TextLine id="r1l2" custom="readingOrder {index:1;}">
                <Coords points="412,720 1894,671 1927,608 1361,629 1264,584 1092,636 1031,594 798,655 408,640"/>
                <Baseline points="422,710 496,706 571,701 646,697 721,693 796,689 871,684 945,680 1020,677 1095,674 1170,670 1245,667 1320,663 1395,660 1469,658 1544,654 1619,652 1694,650 1769,648 1844,645 1919,644"/>
                <TextEquiv>
                    <Unicode>ητο ενδυματων αγιων ο κς ημων ις χς οσοι γαρ</Unicode>
                </TextEquiv>
            </TextLine>
            <TextLine id="r1l3" custom="readingOrder {index:2;}">
                <Coords points="434,808 1845,758 1924,749 1921,655 431,725"/>
                <Baseline points="443,789 516,784 590,778 663,773 737,768 810,764 884,759 957,756 1031,752 1104,749 1178,746 1251,744 1325,741 1398,740 1472,737 1545,735 1619,734 1692,731 1766,729 1839,728 1913,725"/>
                <TextEquiv>
                    <Unicode>εις χν εβαπτισθητε χν ενεδισασθε ον αφαι</Unicode>
                </TextEquiv>
            </TextLine>
            <TextLine id="r1l4" custom="readingOrder {index:3;}">
                <Coords points="434,872 1797,840 1924,816 1922,744 432,810"/>
                <Baseline points="443,852 516,846 590,842 663,838 737,834 810,831 884,829 957,827 1031,824 1104,822 1178,821 1251,819 1325,818 1398,816 1472,815 1545,812 1619,810 1692,808 1766,805 1839,801 1913,798"/>
                <TextEquiv>
                    <Unicode>ρει κς από των δια του αμαρτανειν το σωμα κα</Unicode>
                </TextEquiv>
            </TextLine>
            <TextLine id="r1l5" custom="readingOrder {index:4;}">
                <Coords points="440,943 1917,897 1915,816 1694,807 1216,868 725,833 439,873"/>
                <Baseline points="449,912 521,911 594,908 667,906 740,905 813,902 886,900 959,899 1032,899 1105,897 1178,896 1250,894 1323,893 1396,891 1469,890 1542,888 1615,885 1688,884 1761,881 1834,878 1907,875"/>
                <TextEquiv>
                    <Unicode>ταπατουντων και το αιμα της διαθηκης κοι</Unicode>
                </TextEquiv>
            </TextLine>
            <TextLine id="r1l6" custom="readingOrder {index:5;}">
                <Coords points="424,1013 1181,973 1535,1015 1941,959 1939,897 1801,891 1663,935 422,943"/>
                <Baseline points="434,998 508,995 583,993 658,990 733,989 808,987 883,986 957,984 1032,983 1107,981 1182,980 1257,978 1332,976 1407,974 1481,972 1556,969 1631,965 1706,962 1781,957 1856,953 1931,947"/>
                <TextEquiv>
                    <Unicode>νον ηγουμενων τουτου του ιματισμου συμβολα</Unicode>
                </TextEquiv>
            </TextLine>
            <TextLine id="r1l7" custom="readingOrder {index:6;}">
                <Coords points="433,1081 675,1116 776,1069 1927,1069 1925,984 1855,969 1547,1020 1183,974 1008,1030 432,1015"/>
                <Baseline points="443,1071 516,1071 590,1071 663,1070 737,1070 811,1068 884,1068 958,1066 1032,1065 1105,1063 1179,1062 1253,1059 1326,1058 1400,1055 1474,1053 1547,1051 1621,1049 1695,1046 1768,1044 1842,1043 1916,1040"/>
                <TextEquiv>
                    <Unicode>ην τα ιματια του ιηλ τα μη κατατριβεντα</Unicode>
                </TextEquiv>
            </TextLine>
            <TextLine id="r1l8" custom="readingOrder {index:7;}">
                <Coords points="441,1182 910,1179 996,1135 1825,1153 1947,1124 1946,1062 439,1084"/>
                <Baseline points="450,1151 524,1149 598,1148 673,1146 747,1145 821,1144 896,1143 970,1142 1044,1140 1119,1139 1193,1137 1267,1136 1342,1134 1416,1132 1490,1130 1565,1127 1639,1125 1713,1122 1788,1119 1862,1116 1937,1112"/>
                <TextEquiv>
                    <Unicode>καθως γεγραπται εν δευτερονομιων ότι τα ιμα</Unicode>
                </TextEquiv>
            </TextLine>
            <TextLine id="r1l9" custom="readingOrder {index:8;}">
                <Coords points="431,1221 650,1258 1938,1186 1912,1119 430,1179"/>
                <Baseline points="441,1223 515,1221 589,1221 664,1221 738,1220 812,1218 887,1217 961,1215 1035,1214 1110,1212 1184,1210 1258,1208 1333,1205 1407,1202 1481,1200 1556,1197 1630,1194 1704,1191 1779,1188 1853,1185 1928,1182"/>
                <TextEquiv>
                    <Unicode>τια υμων ου κατετριβη και τα υποδηματα</Unicode>
                </TextEquiv>
            </TextLine>
            <TextLine id="r1l10" custom="readingOrder {index:9;}">
                <Coords points="430,1299 1575,1314 1887,1268 1886,1202 429,1234"/>
                <Baseline points="440,1287 511,1289 583,1289 655,1289 727,1289 799,1288 871,1287 942,1286 1014,1284 1086,1283 1158,1280 1230,1278 1302,1275 1374,1274 1445,1271 1517,1268 1589,1265 1661,1263 1733,1260 1805,1257 1877,1254"/>
                <TextEquiv>
                    <Unicode>εν τοις ποσιν υμων ουκ επαλαιωθη επει και</Unicode>
                </TextEquiv>
            </TextLine>
            <TextLine id="r1l11" custom="readingOrder {index:10;}">
                <Coords points="448,1377 790,1412 960,1358 1841,1364 1903,1340 1901,1282 951,1328 511,1291 446,1331"/>
                <Baseline points="458,1361 529,1361 601,1361 673,1361 744,1359 816,1359 888,1358 959,1356 1031,1355 1103,1354 1175,1352 1246,1350 1318,1349 1390,1346 1461,1343 1533,1341 1605,1338 1676,1335 1748,1332 1820,1328 1892,1325"/>
                <TextEquiv>
                    <Unicode>τα υποδηματα συμβολα ην της ετοιμασιας</Unicode>
                </TextEquiv>
            </TextLine>
            <TextLine id="r1l12" custom="readingOrder {index:11;}">
                <Coords points="448,1452 1876,1428 1875,1359 1815,1344 1490,1397 981,1364 448,1400"/>
                <Baseline points="458,1439 528,1439 598,1439 669,1437 739,1437 809,1436 880,1436 950,1434 1020,1433 1091,1433 1161,1431 1231,1430 1302,1428 1372,1427 1442,1425 1513,1424 1583,1422 1653,1421 1724,1418 1794,1416 1865,1415"/>
                <TextEquiv>
                    <Unicode>του ευαγγελιου της ειρμωης και γαρ δεδωκε</Unicode>
                </TextEquiv>
            </TextLine>
            <TextLine id="r1l13" custom="readingOrder {index:12;}">
                <Coords points="421,1520 724,1502 830,1542 1874,1475 1873,1433 1801,1422 420,1460"/>
                <Baseline points="431,1500 502,1500 574,1500 645,1500 717,1500 789,1500 860,1499 932,1499 1003,1497 1075,1496 1147,1495 1218,1494 1290,1493 1361,1490 1433,1488 1505,1487 1576,1484 1648,1482 1719,1479 1791,1476 1863,1473"/>
                <TextEquiv>
                    <Unicode>διαθηκην ις χς μενει και μη μηδεποτε πα</Unicode>
                </TextEquiv>
            </TextLine>
            <TextLine id="r1l14" custom="readingOrder {index:13;}">
                <Coords points="415,1595 1936,1543 1934,1481 1880,1471 1753,1516 1571,1482 1528,1521 414,1530"/>
                <Baseline points="425,1574 500,1572 575,1571 650,1569 725,1568 800,1566 875,1565 950,1563 1025,1562 1100,1560 1175,1559 1250,1557 1325,1556 1400,1554 1475,1551 1550,1550 1625,1547 1700,1545 1775,1542 1850,1538 1925,1535"/>
                <TextEquiv>
                    <Unicode>λαιου μευη οσον γαρ χρωμεθα τουτω και τοις </Unicode>
                </TextEquiv>
            </TextLine>
            <TextLine id="r1l15" custom="readingOrder {index:14;}">
                <Coords points="439,1648 647,1682 896,1628 1164,1674 1266,1628 1345,1667 1675,1608 1915,1637 1913,1560 1758,1553 438,1585"/>
                <Baseline points="449,1637 521,1635 594,1634 667,1634 740,1632 812,1632 885,1631 958,1631 1031,1630 1103,1629 1176,1628 1249,1628 1322,1626 1394,1625 1467,1623 1540,1620 1613,1617 1685,1614 1758,1611 1831,1607 1904,1602"/>
                <TextEquiv>
                    <Unicode>υποδημασι τοσουτω καινοτερα γινεται αει προ</Unicode>
                </TextEquiv>
            </TextLine>
            <TextLine id="r1l16" custom="readingOrder {index:15;}">
                <Coords points="442,1750 1933,1694 1932,1642 1666,1617 1549,1664 994,1637 441,1682"/>
                <Baseline points="452,1712 525,1710 599,1710 672,1710 746,1709 819,1709 893,1707 966,1707 1040,1706 1113,1704 1187,1703 1260,1701 1334,1700 1407,1698 1481,1697 1554,1694 1628,1692 1701,1689 1775,1686 1848,1683 1922,1680"/>
                <TextEquiv>
                    <Unicode>σφατου και νεας επιγινομενης ημιν της ετοιμα</Unicode>
                </TextEquiv>
            </TextLine>
            <TextLine id="r1l17" custom="readingOrder {index:16;}">
                <Coords points="433,1808 1895,1808 1893,1717 1573,1707 432,1764"/>
                <Baseline points="443,1796 515,1796 587,1794 659,1793 731,1791 803,1788 875,1787 947,1784 1019,1781 1091,1779 1163,1776 1235,1775 1307,1773 1379,1770 1451,1769 1523,1767 1595,1767 1667,1767 1739,1767 1811,1767 1884,1769"/>
                <TextEquiv>
                    <Unicode>σιας του ευαγγελιου εν τη προκοπη της εις χν πι</Unicode>
                </TextEquiv>
            </TextLine>
            <TextLine id="r1l18" custom="readingOrder {index:17;}">
                <Coords points="852,1869 994,1880 1053,1849 1140,1897 1275,1853 1592,1861 1591,1805 1539,1784 1469,1809 1415,1776 1316,1814 1132,1788 1063,1813 997,1796 959,1821 851,1809"/>
                <Baseline points="862,1863 898,1860 461,1860 497,1858 1006,1854 1042,1852 1078,1851 1114,1850 1150,1849 1186,1848 1222,1846 1258,1846 1294,1845 1330,1845 1366,1845 1402,1843 1438,1843 1474,1843 1510,1842 1546,1842 1582,1842"/>
                <TextEquiv>
                    <Unicode>στεως και τους κοσυμβους</Unicode>
                </TextEquiv>
            </TextLine>
            <TextLine id="r1l19" custom="readingOrder {index:18;}">
                <Coords points="447,1929 539,1969 792,1924 981,1958 1380,1921 1458,1961 1863,1920 1827,1856 1617,1845 1167,1891 1043,1850 953,1892 704,1849 447,1893"/>
                <Baseline points="457,1921 375,1898 445,1898 666,1918 736,1917 805,1917 875,1915 945,1915 1015,1915 1084,1914 1154,1914 1224,1912 1294,1911 1363,1911 1433,1909 1503,1908 1573,1908 1642,1906 1712,1905 1782,1903 1852,1900"/>
                <TextEquiv>
                    <Unicode>αφαιρησειν απειλει των καλλωπιζομενων γυ</Unicode>
                </TextEquiv>
            </TextLine>
            <TextLine id="r1l20" custom="readingOrder {index:19;}">
                <Coords points="458,2021 1817,2008 1918,1931 456,1947"/>
                <Baseline points="467,2001 539,1998 611,1997 683,1996 755,1995 827,1994 899,1994 971,1992 1043,1992 1115,1991 1187,1991 1259,1989 1331,1989 1403,1988 1475,1986 1547,1985 1619,1983 1691,1982 1763,1979 1835,1977 1908,1974"/>
                <TextEquiv>
                    <Unicode>ναικων δια του προφητου ο κς ου πανυ δε</Unicode>
                </TextEquiv>
            </TextLine>
            <TextLine id="r1l21" custom="readingOrder {index:20;}">
                <Coords points="447,2097 1869,2088 1948,2067 1947,1998 446,2029"/>
                <Baseline points="456,2076 530,2076 604,2076 678,2075 752,2075 826,2075 900,2075 974,2075 1048,2073 1122,2073 1197,2072 1271,2072 1345,2070 1419,2069 1493,2067 1567,2066 1641,2064 1715,2061 1789,2058 1863,2055 1938,2052"/>
                <TextEquiv>
                    <Unicode>η του κοσυμβου λεξις τη ελληνικη συνηθεια</Unicode>
                </TextEquiv>
            </TextLine>
            <TextLine id="r1l22" custom="readingOrder {index:21;}">
                <Coords points="458,2169 1845,2141 1844,2071 457,2093"/>
                <Baseline points="467,2145 535,2145 603,2144 672,2144 740,2144 809,2142 877,2142 945,2142 1014,2142 1082,2141 1151,2141 1219,2141 1287,2139 1356,2138 1424,2137 1493,2135 1561,2133 1629,2132 1698,2129 1766,2127 1835,2123"/>
                <TextEquiv>
                    <Unicode>καθωμιληται οθεν ουδεν ον οις αυτης προ</Unicode>
                </TextEquiv>
            </TextLine>
            <TextLine id="r1l23" custom="readingOrder {index:22;}">
                <Coords points="451,2226 1637,2246 1836,2233 1871,2147 450,2170"/>
                <Baseline points="461,2214 531,2216 601,2217 671,2219 741,2219 811,2220 881,2220 951,2220 1021,2219 1091,2219 1161,2217 1231,2217 1301,2216 1371,2214 1441,2213 1511,2211 1581,2210 1651,2207 1721,2205 1791,2204 1862,2202"/>
                <TextEquiv>
                    <Unicode>δηλος πλην ημεις εν τη κατασκευη της αρ</Unicode>
                </TextEquiv>
            </TextLine>
            <TextLine id="r1l24" custom="readingOrder {index:23;}">
                <Coords points="437,2332 1912,2296 1871,2226 436,2240"/>
                <Baseline points="447,2300 519,2297 592,2295 665,2294 737,2292 810,2292 883,2291 955,2291 1028,2291 1101,2291 1174,2289 1246,2289 1319,2289 1392,2289 1464,2288 1537,2287 1610,2286 1682,2284 1755,2282 1828,2279 1901,2276"/>
                <TextEquiv>
                    <Unicode>χιερατικης εσθητος ευροντες χιτωνα κοσυμ</Unicode>
                </TextEquiv>
            </TextLine>
            <TextLine id="r1l25" custom="readingOrder {index:24;}">
                <Coords points="463,2374 1849,2373 1849,2311 1613,2330 1508,2287 1201,2332 463,2310"/>
                <Baseline points="473,2354 541,2357 609,2360 677,2361 746,2363 814,2364 882,2366 950,2366 1019,2366 1087,2366 1155,2364 1223,2364 1292,2363 1360,2363 1428,2361 1496,2360 1565,2357 1633,2355 1701,2354 1769,2352 1838,2351"/>
                <TextEquiv>
                    <Unicode>βω τον εχοντα ροισκους και κωδωνας από</Unicode>
                </TextEquiv>
            </TextLine>
            <TextLine id="r1l26" custom="readingOrder {index:25;}">
                <Coords points="451,2439 1867,2445 1867,2388 1795,2368 1297,2403 451,2371"/>
                <Baseline points="461,2424 530,2427 600,2429 670,2430 740,2432 809,2433 879,2433 949,2433 1019,2435 1088,2435 1158,2435 1228,2433 1298,2433 1367,2433 1437,2432 1507,2432 1577,2432 1646,2430 1716,2429 1786,2429 1856,2429"/>
                <TextEquiv>
                    <Unicode>δεσμοις τιμας των κροατων ενοησαμεν τους κο</Unicode>
                </TextEquiv>
            </TextLine>
            <TextLine id="r1l27" custom="readingOrder {index:26;}">
                <Coords points="446,2508 1586,2531 1853,2507 1853,2442 446,2454"/>
                <Baseline points="455,2498 524,2498 593,2498 663,2499 732,2499 802,2501 871,2501 941,2502 1010,2502 1080,2503 1149,2504 1218,2504 1288,2504 1357,2504 1427,2504 1496,2502 1566,2501 1635,2499 1705,2498 1774,2495 1844,2492"/>
                <TextEquiv>
                    <Unicode>συμβους συναπηρτημενοις τοις κωδωσι</Unicode>
                </TextEquiv>
            </TextLine>
            <TextLine id="r1l28" custom="readingOrder {index:27;}">
                <Coords points="464,2578 1903,2606 1904,2530 465,2519"/>
                <Baseline points="474,2564 548,2565 623,2565 698,2567 772,2568 847,2570 922,2571 996,2573 1071,2574 1146,2576 1220,2577 1295,2577 1370,2579 1444,2579 1519,2579 1594,2579 1668,2577 1743,2576 1818,2574 1893,2571"/>
                <TextEquiv>
                    <Unicode>τοις χρυσοις και τοις ροισκοις από των ακρων</Unicode>
                </TextEquiv>
            </TextLine>
            <TextLine id="r1l29" custom="readingOrder {index:28;}">
                <Coords points="457,2637 1493,2686 1641,2644 1818,2672 1873,2613 457,2586"/>
                <Baseline points="467,2628 536,2628 606,2630 676,2631 746,2633 816,2634 885,2636 955,2638 1025,2640 1095,2642 1165,2644 1234,2645 1304,2646 1374,2648 1444,2648 1514,2648 1583,2646 1653,2645 1723,2642 1793,2639 1863,2634"/>
                <TextEquiv>
                    <Unicode>ους εμιμουντο καθ υπερβολην τρυφης και</Unicode>
                </TextEquiv>
            </TextLine>
            <TextLine id="r1l30" custom="readingOrder {index:29;}">
                <Coords points="461,2709 1420,2769 1530,2726 1865,2738 1842,2656 1403,2687 462,2637"/>
                <Baseline points="471,2693 540,2696 609,2698 678,2701 748,2703 817,2706 886,2708 955,2709 1025,2711 1094,2712 1163,2714 1232,2714 1302,2715 1371,2715 1440,2714 1509,2714 1579,2713 1648,2712 1717,2711 1786,2708 1856,2705"/>
                <TextEquiv>
                    <Unicode>θυγατερες σιων εν τη περιβολη της ιδιας αυ 	 </Unicode>
                </TextEquiv>
            </TextLine>
            <TextEquiv>
                <Unicode>αν απιμπλαντες τις δε εστιν ουτος ο ιματισμο&#13;
ητο ενδυματων αγιων ο κς ημων ις χς οσοι γαρ&#13;
εις χν εβαπτισθητε χν ενεδισασθε ον αφαι&#13;
ρει κς από των δια του αμαρτανειν το σωμα κα&#13;
ταπατουντων και το αιμα της διαθηκης κοι&#13;
νον ηγουμενων τουτου του ιματισμου συμβολα&#13;
ην τα ιματια του ιηλ τα μη κατατριβεντα&#13;
καθως γεγραπται εν δευτερονομιων ότι τα ιμα&#13;
τια υμων ου κατετριβη και τα υποδηματα&#13;
εν τοις ποσιν υμων ουκ επαλαιωθη επει και&#13;
τα υποδηματα συμβολα ην της ετοιμασιας&#13;
του ευαγγελιου της ειρμωης και γαρ δεδωκε&#13;
διαθηκην ις χς μενει και μη μηδεποτε πα&#13;
λαιου μευη οσον γαρ χρωμεθα τουτω και τοις &#13;
υποδημασι τοσουτω καινοτερα γινεται αει προ&#13;
σφατου και νεας επιγινομενης ημιν της ετοιμα&#13;
σιας του ευαγγελιου εν τη προκοπη της εις χν πι&#13;
στεως και τους κοσυμβους&#13;
αφαιρησειν απειλει των καλλωπιζομενων γυ&#13;
ναικων δια του προφητου ο κς ου πανυ δε&#13;
η του κοσυμβου λεξις τη ελληνικη συνηθεια&#13;
καθωμιληται οθεν ουδεν ον οις αυτης προ&#13;
δηλος πλην ημεις εν τη κατασκευη της αρ&#13;
χιερατικης εσθητος ευροντες χιτωνα κοσυμ&#13;
βω τον εχοντα ροισκους και κωδωνας από&#13;
δεσμοις τιμας των κροατων ενοησαμεν τους κο&#13;
συμβους συναπηρτημενοις τοις κωδωσι&#13;
τοις χρυσοις και τοις ροισκοις από των ακρων&#13;
ους εμιμουντο καθ υπερβολην τρυφης και&#13;
θυγατερες σιων εν τη περιβολη της ιδιας αυ 	 </Unicode>
            </TextEquiv>
        </TextRegion>
        <TextRegion orientation="0.0" id="r2" custom="readingOrder {index:1;}">
            <Coords points="2112,320 2112,473 2175,473 2175,320"/>
            <TextEquiv>
                <Unicode></Unicode>
            </TextEquiv>
        </TextRegion>
    </Page>
</PcGts>
