<?xml version="1.0" encoding="UTF-8" standalone="yes"?>
<PcGts xmlns="http://schema.primaresearch.org/PAGE/gts/pagecontent/2013-07-15" xmlns:xsi="http://www.w3.org/2001/XMLSchema-instance" xsi:schemaLocation="http://schema.primaresearch.org/PAGE/gts/pagecontent/2013-07-15 http://schema.primaresearch.org/PAGE/gts/pagecontent/2013-07-15/pagecontent.xsd">
    <Metadata>
        <Creator>prov=University of Rostock/Institute of Mathematics/CITlab|PLANET AI GmbH/Gundram Leifert/gundram.leifert@planet-ai.de:name=HPGTR(htr_id=41125)::::v=2.6.7
prov=University of Rostock/Institute of Mathematics/CITlab|PLANET AI GmbH/Tobias Gruening/tobias.gruening@planet-ai.de:name=de.uros.citlab.module.baseline2polygon.B2PSeamMultiOriented:v=2.6.7
prov=University of Rostock/Institute of Mathematics/CITlab|PLANET AI GmbH/Tobias Gruening/tobias.gruening@planet-ai.de:name=/net_tf/LA73_249_0mod360.pb:de.uros.citlab.segmentation.CITlab_LA_ML:v=2.6.7
Transkribus</Creator>
        <Created>2021-09-19T17:37:04.160+03:00</Created>
        <LastChange>2023-06-03T18:17:54.151+02:00</LastChange>
        <TranskribusMetadata docId="1458633" pageId="56018875" pageNr="8" tsid="125458050" status="IN_PROGRESS" userId="99263" imgUrl="https://files.transkribus.eu/Get?id=NSTDSKPSGIKKHAGNPPNJZMDM&amp;fileType=view" xmlUrl="https://files.transkribus.eu/Get?id=SVJVRGFZFTTQNFVUOWJDIRUJ" imageId="23265772"/>
    </Metadata>
    <Page imageFilename="0008_8 Bodleian-Library-MS-Barocci-102_00164_fol-78v.jpg" imageWidth="2557" imageHeight="3409">
        <ReadingOrder>
            <OrderedGroup id="ro_1686139440367" caption="Regions reading order">
                <RegionRefIndexed index="0" regionRef="r1"/>
            </OrderedGroup>
        </ReadingOrder>
        <TextRegion orientation="0.0" id="r1" custom="readingOrder {index:0;}">
            <Coords points="639,537 639,2749 2181,2749 2181,537"/>
            <TextLine id="r1l1" custom="readingOrder {index:0;}">
                <Coords points="673,618 868,585 1288,643 1419,595 1568,645 1707,601 2145,636 2146,582 2042,537 1480,568 1246,487 1070,555 926,478 677,488"/>
                <Baseline points="684,572 756,576 829,579 901,582 974,585 1047,587 1119,590 1192,591 1264,593 1337,594 1410,596 1482,597 1555,597 1627,600 1700,602 1773,603 1845,606 1918,609 1990,612 2063,615 2136,620"/>
                <TextEquiv>
                    <Unicode>των εσθητος δι ων ενυβριζουσαι ιερα</Unicode>
                </TextEquiv>
            </TextLine>
            <TextLine id="r1l2" custom="readingOrder {index:1;}">
                <Coords points="698,686 1314,670 1805,730 1875,689 2014,737 2108,714 2110,661 1780,653 1722,601 1545,647 700,621"/>
                <Baseline points="708,668 777,668 847,666 916,666 986,666 1056,668 1125,668 1195,669 1264,671 1334,674 1404,675 1473,677 1543,680 1612,681 1682,684 1752,687 1821,689 1891,691 1960,693 2030,695 2100,696"/>
                <TextEquiv>
                    <Unicode>τικοις ιδιωμασιν υακινθινου και κοκκινου</Unicode>
                </TextEquiv>
            </TextLine>
            <TextLine id="r1l3" custom="readingOrder {index:2;}">
                <Coords points="678,753 2190,804 2188,734 1719,696 680,706"/>
                <Baseline points="689,740 763,741 838,743 912,743 987,744 1062,746 1136,747 1211,749 1285,750 1360,752 1435,753 1509,755 1584,758 1658,759 1733,762 1808,764 1882,767 1957,770 2031,773 2106,776 2181,779"/>
                <TextEquiv>
                    <Unicode>εν κομνωματα κροσσων απηρτη μεν αυτου λω</Unicode>
                </TextEquiv>
            </TextLine>
            <TextLine id="r1l4" custom="readingOrder {index:3;}">
                <Coords points="687,823 784,821 824,847 901,823 949,851 1077,833 1106,853 1248,825 1334,863 1430,840 1432,750 1183,797 989,768 687,783"/>
                <Baseline points="696,812 732,814 768,817 804,819 841,821 877,822 913,823 949,824 986,824 1022,825 1058,825 1094,825 1131,825 1167,825 1203,827 1239,827 1276,827 1312,828 1348,829 1384,831 1421,833"/>
                <TextEquiv>
                    <Unicode>ματος περιφερουσιν</Unicode>
                </TextEquiv>
            </TextLine>
            <TextLine id="r1l5" custom="readingOrder {index:4;}">
                <Coords points="630,901 2014,947 2179,933 2181,859 631,824"/>
                <Baseline points="639,882 715,884 792,885 868,887 945,888 1022,890 1098,892 1175,894 1251,896 1328,897 1405,899 1481,901 1558,903 1634,905 1711,906 1788,909 1864,911 1941,913 2017,915 2094,918 2171,921"/>
                <TextEquiv>
                    <Unicode>και τους μηνισκους και το καθεμα και τον κοσμον</Unicode>
                </TextEquiv>
            </TextLine>
            <TextLine id="r1l6" custom="readingOrder {index:5;}">
                <Coords points="1057,990 1250,1012 1277,991 1432,1010 1463,989 1739,992 1739,935 1687,915 1574,938 1494,922 1455,949 1404,926 1312,947 1245,924 1057,933"/>
                <Baseline points="1067,977 1100,978 1133,980 1166,980 1199,981 1232,983 1265,983 1299,983 1332,983 1365,983 1398,983 1431,983 1464,983 1497,983 1531,983 1564,983 1597,982 1630,981 1663,981 1696,981 1730,981"/>
                <TextEquiv>
                    <Unicode>τον προσωπον αυτων</Unicode>
                </TextEquiv>
            </TextLine>
            <TextLine id="r1l7" custom="readingOrder {index:6;}">
                <Coords points="650,1072 2030,1110 2160,1091 2162,984 2075,1034 1752,990 1368,1029 652,967"/>
                <Baseline points="660,1058 734,1058 809,1058 883,1058 958,1059 1032,1059 1107,1061 1181,1061 1256,1062 1330,1064 1405,1065 1480,1067 1554,1067 1629,1068 1703,1070 1778,1071 1852,1073 1927,1073 2001,1074 2076,1074 2151,1076"/>
                <TextEquiv>
                    <Unicode>κατειδος επεξερχεται τω γυναικι  ω κοσμω το πε</Unicode>
                </TextEquiv>
            </TextLine>
            <TextLine id="r1l8" custom="readingOrder {index:7;}">
                <Coords points="692,1162 1803,1144 2163,1195 2175,1108 692,1093"/>
                <Baseline points="702,1136 775,1136 848,1137 921,1137 994,1137 1068,1139 1141,1139 1214,1139 1287,1139 1360,1140 1434,1140 1507,1140 1580,1142 1653,1142 1726,1143 1800,1145 1873,1146 1946,1149 2019,1151 2092,1154 2166,1157"/>
                <TextEquiv>
                    <Unicode>ριεργον του καλλωπισμου διασυρων αφελει γαρ</Unicode>
                </TextEquiv>
            </TextLine>
            <TextLine id="r1l9" custom="readingOrder {index:8;}">
                <Coords points="704,1230 2166,1241 2166,1191 2021,1162 704,1167"/>
                <Baseline points="714,1199 786,1202 858,1205 930,1206 1002,1208 1074,1209 1146,1209 1219,1211 1291,1211 1363,1212 1435,1212 1507,1212 1579,1214 1651,1214 1724,1215 1796,1217 1868,1218 1940,1220 2012,1223 2084,1226 2157,1229"/>
                <TextEquiv>
                    <Unicode>κς και τους μηνισκους και το καθεμα αφετερον</Unicode>
                </TextEquiv>
            </TextLine>
            <TextLine id="r1l10" custom="readingOrder {index:9;}">
                <Coords points="656,1296 2151,1303 2152,1241 1221,1215 1040,1253 658,1193"/>
                <Baseline points="666,1268 739,1271 813,1273 887,1275 961,1277 1035,1278 1108,1280 1182,1280 1256,1281 1330,1283 1404,1283 1477,1283 1551,1284 1625,1284 1699,1286 1773,1287 1846,1289 1920,1290 1994,1292 2068,1295 2142,1298"/>
                <TextEquiv>
                    <Unicode>δε τους μηνισκους ετερος εξεδωκεν ειπων και</Unicode>
                </TextEquiv>
            </TextLine>
            <TextLine id="r1l11" custom="readingOrder {index:10;}">
                <Coords points="699,1363 2113,1385 2158,1344 700,1299"/>
                <Baseline points="708,1343 780,1343 852,1344 924,1346 996,1346 1068,1348 1140,1350 1212,1352 1284,1353 1356,1355 1428,1357 1500,1359 1572,1361 1644,1362 1716,1364 1788,1365 1860,1367 1932,1368 2004,1368 2076,1370 2148,1370"/>
                <TextEquiv>
                    <Unicode>τους μανιακας και αντι του καθεματος ειπων</Unicode>
                </TextEquiv>
            </TextLine>
            <TextLine id="r1l12" custom="readingOrder {index:11;}">
                <Coords points="650,1458 2116,1443 1818,1379 1678,1414 651,1393"/>
                <Baseline points="659,1430 731,1430 803,1430 876,1430 948,1430 1020,1430 1093,1431 1165,1431 1237,1433 1310,1433 1382,1434 1454,1436 1527,1437 1599,1439 1671,1440 1744,1441 1816,1442 1888,1445 1961,1446 2033,1448 2106,1451"/>
                <TextEquiv>
                    <Unicode>χαλατα μηνισκος τοινυν κοσμος εστι χρυσους</Unicode>
                </TextEquiv>
            </TextLine>
            <TextLine id="r1l13" custom="readingOrder {index:12;}">
                <Coords points="686,1510 1824,1535 2121,1510 2122,1469 687,1453"/>
                <Baseline points="695,1496 765,1496 836,1496 907,1497 978,1497 1049,1499 1119,1499 1190,1499 1261,1500 1332,1502 1403,1502 1473,1503 1544,1503 1615,1505 1686,1505 1757,1506 1827,1508 1898,1508 1969,1509 2040,1511 2111,1512"/>
                <TextEquiv>
                    <Unicode>περι τραχηλιος κυκλοτερως απειργασμενος</Unicode>
                </TextEquiv>
            </TextLine>
            <TextLine id="r1l14" custom="readingOrder {index:13;}">
                <Coords points="689,1572 2145,1598 2146,1521 2077,1505 1914,1542 690,1507"/>
                <Baseline points="699,1560 770,1560 842,1560 914,1562 986,1562 1058,1562 1130,1563 1201,1563 1273,1563 1345,1565 1417,1565 1489,1566 1561,1566 1633,1568 1704,1569 1776,1569 1848,1571 1920,1572 1992,1574 2064,1576 2136,1578"/>
                <TextEquiv>
                    <Unicode>ον περιτεθεμεναι αι γυναικες γυμνον επιτηδευουσι</Unicode>
                </TextEquiv>
            </TextLine>
            <TextLine id="r1l15" custom="readingOrder {index:14;}">
                <Coords points="685,1653 2136,1651 2113,1586 686,1584"/>
                <Baseline points="695,1622 766,1625 838,1626 909,1628 981,1631 1053,1632 1124,1633 1196,1634 1267,1635 1339,1637 1411,1637 1482,1638 1554,1638 1625,1638 1697,1640 1769,1640 1840,1640 1912,1641 1983,1641 2055,1641 2127,1641"/>
                <TextEquiv>
                    <Unicode>προδεικνυναι τον τραχηλον και αναισχυντως α</Unicode>
                </TextEquiv>
            </TextLine>
            <TextLine id="r1l16" custom="readingOrder {index:15;}">
                <Coords points="698,1718 1632,1764 1863,1723 1950,1766 2152,1724 2152,1684 1921,1654 1767,1689 698,1655"/>
                <Baseline points="707,1707 778,1707 850,1709 922,1709 994,1710 1065,1711 1137,1712 1209,1713 1281,1715 1352,1716 1424,1716 1496,1718 1568,1719 1639,1719 1711,1721 1783,1721 1855,1722 1926,1722 1998,1722 2070,1722 2142,1722"/>
                <TextEquiv>
                    <Unicode>πο γυμνοω αι συγκαλυπτειν ευσχημον ετερον και</Unicode>
                </TextEquiv>
            </TextLine>
            <TextLine id="r1l17" custom="readingOrder {index:16;}">
                <Coords points="710,1805 2163,1821 2164,1746 711,1736"/>
                <Baseline points="720,1790 791,1790 863,1790 935,1791 1006,1791 1078,1793 1150,1793 1221,1794 1293,1796 1365,1797 1437,1799 1508,1799 1580,1800 1652,1802 1723,1803 1795,1803 1867,1805 1938,1805 2010,1805 2082,1805 2154,1805"/>
                <TextEquiv>
                    <Unicode>το καθεμα κοσμος τις εστι και αυτος καθιε</Unicode>
                </TextEquiv>
            </TextLine>
            <TextLine id="r1l18" custom="readingOrder {index:17;}">
                <Coords points="698,1863 2098,1905 2152,1893 2153,1816 698,1813"/>
                <Baseline points="708,1854 779,1857 851,1859 923,1860 994,1862 1066,1863 1138,1863 1209,1863 1281,1863 1353,1863 1425,1863 1496,1865 1568,1865 1640,1865 1711,1865 1783,1866 1855,1868 1926,1870 1998,1872 2070,1875 2142,1880"/>
                <TextEquiv>
                    <Unicode>μενος μεντοι και επικαταβαινων τω στηθει</Unicode>
                </TextEquiv>
            </TextLine>
            <TextLine id="r1l19" custom="readingOrder {index:18;}">
                <Coords points="675,1954 2157,1943 2157,1893 1965,1871 675,1887"/>
                <Baseline points="684,1931 757,1932 830,1934 903,1934 976,1935 1049,1935 1122,1935 1196,1935 1269,1935 1342,1935 1415,1935 1488,1935 1561,1935 1634,1934 1708,1934 1781,1934 1854,1935 1927,1935 2000,1935 2073,1937 2147,1937"/>
                <TextEquiv>
                    <Unicode>χαλαρων τινων αμαστων απαιωρημενος ος ινα</Unicode>
                </TextEquiv>
            </TextLine>
            <TextLine id="r1l20" custom="readingOrder {index:19;}">
                <Coords points="693,2017 1467,2007 1552,2049 1699,2007 1906,2047 2127,2003 2098,1959 1694,1944 693,1962"/>
                <Baseline points="702,2003 772,2003 843,2004 914,2004 985,2004 1056,2006 1126,2006 1197,2006 1268,2006 1339,2006 1410,2006 1480,2006 1551,2006 1622,2006 1693,2006 1764,2006 1834,2004 1905,2004 1976,2003 2047,2001 2118,2001"/>
                <TextEquiv>
                    <Unicode>προφαινηται παντως αναγκη μη δε τα πε</Unicode>
                </TextEquiv>
            </TextLine>
            <TextLine id="r1l21" custom="readingOrder {index:20;}">
                <Coords points="682,2102 1002,2123 1098,2092 1167,2127 1941,2073 1805,2027 1470,2060 1413,2025 1328,2060 1148,2025 1104,2062 914,2012 740,2048 682,2020"/>
                <Baseline points="692,2078 757,2081 822,2082 887,2084 952,2085 1018,2085 1083,2087 1148,2087 1213,2087 1278,2087 1344,2087 1409,2087 1474,2087 1539,2086 1604,2085 1670,2084 1735,2084 1800,2082 1865,2081 1931,2079"/>
                <TextEquiv>
                    <Unicode>ρι το στηθος ευσχημονως ευσκιασθαι</Unicode>
                </TextEquiv>
            </TextLine>
            <TextLine id="r1l22" custom="readingOrder {index:21;}">
                <Coords points="640,2170 1871,2163 1870,2105 1749,2090 1570,2126 640,2092"/>
                <Baseline points="650,2157 710,2156 771,2154 831,2154 892,2153 952,2153 1013,2153 1073,2154 1134,2154 1194,2154 1255,2154 1315,2154 1376,2154 1436,2154 1497,2154 1557,2154 1618,2153 1678,2151 1739,2150 1799,2147 1860,2145"/>
                <TextEquiv>
                    <Unicode>και τον κοσμον του προσωπον αυτων </Unicode>
                </TextEquiv>
            </TextLine>
            <TextLine id="r1l23" custom="readingOrder {index:22;}">
                <Coords points="629,2224 1216,2275 1390,2229 2130,2234 2130,2197 1871,2161 1315,2202 629,2149"/>
                <Baseline points="639,2237 713,2234 787,2231 861,2229 935,2229 1009,2228 1083,2228 1157,2228 1231,2228 1305,2229 1379,2229 1453,2231 1527,2231 1601,2231 1675,2231 1749,2231 1823,2231 1897,2231 1971,2229 2045,2228 2120,2225"/>
                <TextEquiv>
                    <Unicode>εστι τινα και χρωματα προς κοσμον ταις γυναι</Unicode>
                </TextEquiv>
            </TextLine>
            <TextLine id="r1l24" custom="readingOrder {index:23;}">
                <Coords points="682,2330 994,2296 2104,2337 2148,2329 2148,2229 1659,2277 1374,2234 1270,2276 682,2249"/>
                <Baseline points="692,2304 764,2303 836,2303 908,2301 981,2301 1053,2301 1125,2301 1198,2302 1270,2303 1342,2303 1415,2303 1487,2303 1559,2303 1631,2303 1704,2303 1776,2303 1848,2301 1921,2300 1993,2298 2065,2295 2138,2292"/>
                <TextEquiv>
                    <Unicode>ξιν επιτετηδευμενα του προσωπου λευκον τε</Unicode>
                </TextEquiv>
            </TextLine>
            <TextLine id="r1l25" custom="readingOrder {index:24;}">
                <Coords points="694,2398 2116,2378 2060,2317 1908,2309 1688,2347 1027,2307 693,2337"/>
                <Baseline points="704,2376 774,2377 844,2378 914,2379 984,2381 1054,2381 1124,2382 1194,2382 1264,2382 1334,2382 1404,2382 1474,2382 1544,2381 1614,2379 1684,2379 1754,2376 1824,2375 1894,2373 1964,2370 2034,2367 2105,2364"/>
                <TextEquiv>
                    <Unicode>και ερυθρον και ετερον μελαν αον το μεν λευκο</Unicode>
                </TextEquiv>
            </TextLine>
            <TextLine id="r1l26" custom="readingOrder {index:25;}">
                <Coords points="704,2455 2178,2454 2177,2400 1974,2374 1419,2422 704,2397"/>
                <Baseline points="713,2442 785,2444 858,2444 931,2445 1004,2447 1076,2447 1149,2447 1222,2447 1295,2447 1367,2447 1440,2447 1513,2447 1586,2445 1658,2445 1731,2444 1804,2442 1877,2441 1949,2439 2022,2438 2095,2436 2168,2435"/>
                <TextEquiv>
                    <Unicode>τητα του σωματος καταψευδεται το δε ερυθρον</Unicode>
                </TextEquiv>
            </TextLine>
            <TextLine id="r1l27" custom="readingOrder {index:26;}">
                <Coords points="689,2534 2109,2501 2108,2455 2052,2447 688,2467"/>
                <Baseline points="698,2520 768,2519 838,2516 908,2514 978,2513 1048,2511 1118,2511 1188,2511 1258,2510 1328,2510 1398,2510 1468,2510 1538,2510 1608,2508 1678,2508 1748,2507 1818,2505 1888,2504 1958,2501 2028,2499 2099,2495"/>
                <TextEquiv>
                    <Unicode>ταις παριαις επανθει το δε μελαν μην ο ει</Unicode>
                </TextEquiv>
            </TextLine>
            <TextLine id="r1l28" custom="readingOrder {index:27;}">
                <Coords points="695,2607 2129,2590 2128,2498 1605,2550 695,2534"/>
                <Baseline points="705,2588 775,2588 846,2588 916,2586 987,2586 1058,2586 1128,2586 1199,2586 1270,2585 1340,2585 1411,2583 1482,2583 1552,2582 1623,2582 1694,2580 1764,2579 1835,2579 1906,2577 1976,2576 2047,2574 2118,2573"/>
                <TextEquiv>
                    <Unicode>δως τας οφρυς τοις οφθαλμοις περιγραφει </Unicode>
                </TextEquiv>
            </TextLine>
            <TextLine id="r1l29" custom="readingOrder {index:28;}">
                <Coords points="695,2668 1720,2677 2091,2650 2129,2590 694,2622"/>
                <Baseline points="704,2658 774,2657 845,2655 916,2654 987,2652 1058,2652 1128,2651 1199,2651 1270,2649 1341,2649 1412,2648 1482,2646 1553,2645 1624,2645 1695,2643 1766,2642 1836,2640 1907,2638 1978,2636 2049,2633 2120,2631"/>
                <TextEquiv>
                    <Unicode>ον και αυτόν περιαιρησειν ο κς απειλει ι α</Unicode>
                </TextEquiv>
            </TextLine>
            <TextLine id="r1l30" custom="readingOrder {index:29;}">
                <Coords points="673,2737 834,2728 916,2784 1943,2706 2107,2739 2105,2647 672,2668"/>
                <Baseline points="683,2729 753,2730 824,2730 894,2732 965,2730 1036,2730 1106,2730 1177,2729 1248,2727 1318,2726 1389,2724 1460,2723 1530,2721 1601,2718 1672,2717 1742,2715 1813,2712 1884,2711 1954,2709 2025,2706 2096,2705"/>
                <TextEquiv>
                    <Unicode>μη κλεπτει και φησι νη σωφροσυνη των ανδρων  </Unicode>
                </TextEquiv>
            </TextLine>
            <TextEquiv>
                <Unicode>των εσθητος δι ων ενυβριζουσαι ιερα&#13;
τικοις ιδιωμασιν υακινθινου και κοκκινου&#13;
εν κομνωματα κροσσων απηρτη μεν αυτου λω&#13;
ματος περιφερουσιν&#13;
και τους μηνισκους και το καθεμα και τον κοσμον&#13;
τον προσωπον αυτων&#13;
κατειδος επεξερχεται τω γυναικι  ω κοσμω το πε&#13;
ριεργον του καλλωπισμου διασυρων αφελει γαρ&#13;
κς και τους μηνισκους και το καθεμα αφετερον&#13;
δε τους μηνισκους ετερος εξεδωκεν ειπων και&#13;
τους μανιακας και αντι του καθεματος ειπων&#13;
χαλατα μηνισκος τοινυν κοσμος εστι χρυσους&#13;
περι τραχηλιος κυκλοτερως απειργασμενος&#13;
ον περιτεθεμεναι αι γυναικες γυμνον επιτηδευουσι&#13;
προδεικνυναι τον τραχηλον και αναισχυντως α&#13;
πο γυμνοω αι συγκαλυπτειν ευσχημον ετερον και&#13;
το καθεμα κοσμος τις εστι και αυτος καθιε&#13;
μενος μεντοι και επικαταβαινων τω στηθει&#13;
χαλαρων τινων αμαστων απαιωρημενος ος ινα&#13;
προφαινηται παντως αναγκη μη δε τα πε&#13;
ρι το στηθος ευσχημονως ευσκιασθαι&#13;
και τον κοσμον του προσωπον αυτων &#13;
εστι τινα και χρωματα προς κοσμον ταις γυναι&#13;
ξιν επιτετηδευμενα του προσωπου λευκον τε&#13;
και ερυθρον και ετερον μελαν αον το μεν λευκο&#13;
τητα του σωματος καταψευδεται το δε ερυθρον&#13;
ταις παριαις επανθει το δε μελαν μην ο ει&#13;
δως τας οφρυς τοις οφθαλμοις περιγραφει &#13;
ον και αυτόν περιαιρησειν ο κς απειλει ι α&#13;
μη κλεπτει και φησι νη σωφροσυνη των ανδρων  </Unicode>
            </TextEquiv>
        </TextRegion>
    </Page>
</PcGts>
