<?xml version="1.0" encoding="UTF-8" standalone="yes"?>
<PcGts xmlns="http://schema.primaresearch.org/PAGE/gts/pagecontent/2013-07-15" xmlns:xsi="http://www.w3.org/2001/XMLSchema-instance" xsi:schemaLocation="http://schema.primaresearch.org/PAGE/gts/pagecontent/2013-07-15 http://schema.primaresearch.org/PAGE/gts/pagecontent/2013-07-15/pagecontent.xsd">
    <Metadata>
        <Creator>prov=University of Rostock/Institute of Mathematics/CITlab|PLANET AI GmbH/Gundram Leifert/gundram.leifert@planet-ai.de:name=HPGTR(htr_id=41125)::::v=2.6.7
prov=University of Rostock/Institute of Mathematics/CITlab|PLANET AI GmbH/Tobias Gruening/tobias.gruening@planet-ai.de:name=de.uros.citlab.module.baseline2polygon.B2PSeamMultiOriented:v=2.6.7
prov=University of Rostock/Institute of Mathematics/CITlab|PLANET AI GmbH/Tobias Gruening/tobias.gruening@planet-ai.de:name=/net_tf/LA73_249_0mod360.pb:de.uros.citlab.segmentation.CITlab_LA_ML:v=2.6.7
Transkribus</Creator>
        <Created>2021-09-19T17:37:04.390+03:00</Created>
        <LastChange>2023-06-03T18:23:33.999+02:00</LastChange>
        <TranskribusMetadata docId="1458633" pageId="56018876" pageNr="9" tsid="125459302" status="IN_PROGRESS" userId="99263" imgUrl="https://files.transkribus.eu/Get?id=UKOJEZKIEPDMMXKZLWNXRINN&amp;fileType=view" xmlUrl="https://files.transkribus.eu/Get?id=ZMZYAPHSEJQXKTPXLIEUODFK" imageId="23265773"/>
    </Metadata>
    <Page imageFilename="0009_9 Bodleian-Library-MS-Barocci-102_00165_fol-79r.jpg" imageWidth="2557" imageHeight="3409">
        <ReadingOrder>
            <OrderedGroup id="ro_1686139440545" caption="Regions reading order">
                <RegionRefIndexed index="0" regionRef="r1"/>
                <RegionRefIndexed index="1" regionRef="r2"/>
                <RegionRefIndexed index="2" regionRef="r3"/>
                <RegionRefIndexed index="3" regionRef="r4"/>
            </OrderedGroup>
        </ReadingOrder>
        <TextRegion orientation="0.0" id="r1" custom="readingOrder {index:0;}">
            <Coords points="353,569 353,2744 1881,2744 1881,569"/>
            <TextLine id="r1l1" custom="readingOrder {index:0;}">
                <Coords points="380,673 1457,614 1810,667 1808,581 1537,535 1199,586 939,547 713,593 521,541 378,579"/>
                <Baseline points="389,641 459,638 530,635 600,633 671,630 741,627 812,624 882,623 953,620 1023,618 1094,617 1164,614 1235,614 1305,612 1376,611 1446,611 1517,611 1587,611 1658,612 1728,614 1799,615"/>
                <TextEquiv>
                    <Unicode>μηδε ταις ζωγραφιαις ταυταις ελεειν οι μεσω</Unicode>
                </TextEquiv>
            </TextLine>
            <TextLine id="r1l2" custom="readingOrder {index:1;}">
                <Coords points="376,734 1035,709 1275,748 1439,698 1803,733 1801,667 1727,648 898,684 654,639 375,680"/>
                <Baseline points="386,731 456,728 526,725 597,722 667,719 737,717 808,714 878,713 948,711 1019,709 1089,707 1159,706 1230,705 1300,704 1370,702 1441,702 1511,701 1581,701 1652,701 1722,701 1793,702"/>
                <TextEquiv>
                    <Unicode>τερων οφθαλμοι συναρπαζωνται η τοτε αφαι</Unicode>
                </TextEquiv>
            </TextLine>
            <TextLine id="r1l3" custom="readingOrder {index:2;}">
                <Coords points="375,845 676,796 1774,837 1772,746 1700,742 678,774 587,731 374,773"/>
                <Baseline points="383,815 452,812 521,809 590,806 659,803 728,801 797,800 866,798 935,797 1004,795 1073,794 1142,794 1211,792 1280,792 1349,792 1418,792 1487,792 1556,792 1625,792 1694,792 1763,794"/>
                <TextEquiv>
                    <Unicode>ρεθησεται ταυτα όταν γυμνα παντα παρισταντ</Unicode>
                </TextEquiv>
            </TextLine>
            <TextLine id="r1l4" custom="readingOrder {index:3;}">
                <Coords points="374,931 1649,903 1770,888 1769,840 372,841"/>
                <Baseline points="383,894 451,894 520,893 589,891 658,890 727,890 796,888 864,887 933,887 1002,885 1071,884 1140,884 1209,882 1278,881 1346,881 1415,879 1484,879 1553,878 1622,878 1691,876 1760,875"/>
                <TextEquiv>
                    <Unicode>τω κριτη οτε ο φρυς συμπεπτω κυια παρεια</Unicode>
                </TextEquiv>
            </TextLine>
            <TextLine id="r1l5" custom="readingOrder {index:4;}">
                <Coords points="371,1004 1155,972 1593,1007 1788,980 1787,926 1591,891 1253,937 1194,884 1121,935 370,951"/>
                <Baseline points="380,981 449,980 519,978 589,977 659,975 729,975 799,974 869,973 939,972 1009,971 1079,971 1148,969 1218,969 1288,968 1358,966 1428,965 1498,963 1568,962 1638,960 1708,958 1778,956"/>
                <TextEquiv>
                    <Unicode>κατηφης χρωμα πεμδνον υπο του φοβου</Unicode>
                </TextEquiv>
            </TextLine>
            <TextLine id="r1l6" custom="readingOrder {index:5;}">
                <Coords points="1516,1098 1543,1092 1563,1075 1585,1080 1619,1051 1651,1050 1664,1059 1691,1049 1732,1080 1762,1081 1760,1011 1711,1016 1692,1000 1666,1000 1627,979 1596,1010 1545,1005 1535,996 1513,1004"/>
                <Baseline points="1523,1056 1548,1051 1573,1049 1599,1047 1624,1047 1649,1047 1675,1047 1700,1047 1725,1047 1751,1046"/>
                <TextEquiv>
                    <Unicode>και την</Unicode>
                </TextEquiv>
            </TextLine>
            <TextLine id="r1l7" custom="readingOrder {index:6;}">
                <Coords points="361,1095 441,1120 505,1071 566,1113 652,1073 1362,1072 1361,987 1295,1027 1218,995 955,1030 807,999 771,1029 526,1036 360,992"/>
                <Baseline points="371,1070 420,1070 469,1070 518,1068 567,1068 616,1067 665,1067 714,1065 763,1065 812,1064 862,1064 911,1062 960,1062 1009,1061 1058,1061 1107,1059 1156,1059 1205,1059 1254,1058 1303,1058 1353,1058"/>
                <TextEquiv>
                    <Unicode>αφαιρειν ουν και τον κοσμον ο κς </Unicode>
                </TextEquiv>
            </TextLine>
            <TextLine id="r1l8" custom="readingOrder {index:7;}">
                <Coords points="365,1172 1244,1156 1309,1190 1564,1162 1563,1101 364,1126"/>
                <Baseline points="374,1160 433,1158 492,1158 551,1157 610,1155 669,1154 728,1152 787,1151 846,1151 905,1149 964,1148 1023,1146 1082,1146 1141,1145 1200,1143 1259,1143 1318,1143 1377,1143 1436,1143 1495,1143 1554,1143"/>
                <TextEquiv>
                    <Unicode>συνθεσιν του κοσμου της δοξης</Unicode>
                </TextEquiv>
            </TextLine>
            <TextLine id="r1l9" custom="readingOrder {index:8;}">
                <Coords points="344,1288 1788,1237 1717,1196 1105,1218 1012,1177 455,1223 342,1179"/>
                <Baseline points="353,1263 424,1261 495,1259 566,1257 638,1254 709,1253 780,1251 851,1250 923,1248 994,1247 1065,1245 1136,1244 1208,1244 1279,1242 1350,1242 1421,1241 1493,1241 1564,1239 1635,1239 1706,1239 1778,1239"/>
                <TextEquiv>
                    <Unicode>οιονει και την υλην την κοσμουσαν και αυτην</Unicode>
                </TextEquiv>
            </TextLine>
            <TextLine id="r1l10" custom="readingOrder {index:9;}">
                <Coords points="373,1349 1307,1372 1648,1315 1742,1347 1765,1246 1467,1289 1126,1249 954,1298 372,1296"/>
                <Baseline points="383,1332 451,1331 520,1331 589,1331 657,1329 726,1329 795,1329 863,1329 932,1328 1001,1328 1070,1328 1138,1326 1207,1325 1276,1325 1344,1323 1413,1322 1482,1319 1550,1317 1619,1314 1688,1311 1757,1307"/>
                <TextEquiv>
                    <Unicode>την εκ της τεχνης επινοιαν και επειδη ε</Unicode>
                </TextEquiv>
            </TextLine>
            <TextLine id="r1l11" custom="readingOrder {index:10;}">
                <Coords points="381,1428 1772,1408 1771,1358 1707,1335 1589,1376 380,1354"/>
                <Baseline points="389,1413 457,1412 526,1412 595,1410 663,1410 732,1410 801,1409 869,1409 938,1409 1007,1409 1076,1409 1144,1409 1213,1409 1282,1409 1350,1407 1419,1407 1488,1407 1556,1407 1625,1406 1694,1404 1763,1404"/>
                <TextEquiv>
                    <Unicode>νι μεν ουκ εστιν επαρθηναι τοσουτον ουδε</Unicode>
                </TextEquiv>
            </TextLine>
            <TextLine id="r1l12" custom="readingOrder {index:11;}">
                <Coords points="374,1519 1809,1521 1809,1432 374,1438"/>
                <Baseline points="384,1491 454,1490 525,1490 596,1490 667,1488 738,1488 808,1488 879,1487 950,1487 1021,1487 1092,1487 1162,1487 1233,1487 1304,1487 1375,1487 1446,1487 1516,1487 1587,1488 1658,1488 1729,1488 1800,1488"/>
                <TextEquiv>
                    <Unicode>φισιωθηναι επ αυτω ομου δε πασι συγκει</Unicode>
                </TextEquiv>
            </TextLine>
            <TextLine id="r1l13" custom="readingOrder {index:12;}">
                <Coords points="379,1587 1803,1592 1803,1542 1724,1518 379,1526"/>
                <Baseline points="387,1580 457,1580 527,1580 598,1580 668,1580 738,1580 809,1580 879,1580 949,1580 1020,1580 1090,1580 1160,1580 1231,1578 1301,1578 1371,1578 1442,1578 1512,1578 1582,1578 1653,1578 1723,1578 1794,1578"/>
                <TextEquiv>
                    <Unicode>μενοις το αλαζονικον επιγινεται φρονημα</Unicode>
                </TextEquiv>
            </TextLine>
            <TextLine id="r1l14" custom="readingOrder {index:13;}">
                <Coords points="394,1721 664,1673 1836,1696 1836,1630 393,1599"/>
                <Baseline points="402,1674 473,1674 544,1674 615,1674 687,1673 758,1673 829,1671 900,1671 972,1670 1043,1668 1114,1668 1185,1667 1257,1667 1328,1667 1399,1667 1470,1667 1542,1667 1613,1668 1684,1670 1755,1671 1827,1674"/>
                <TextEquiv>
                    <Unicode>και την συνθεσιν του κοσμου αφαιρησειν ο κς</Unicode>
                </TextEquiv>
            </TextLine>
            <TextLine id="r1l15" custom="readingOrder {index:14;}">
                <Coords points="374,1768 553,1805 703,1745 1099,1809 1213,1760 1752,1764 1802,1756 1802,1703 374,1733"/>
                <Baseline points="383,1760 453,1760 524,1760 594,1760 665,1758 735,1758 806,1758 876,1758 947,1758 1017,1758 1088,1757 1158,1757 1229,1757 1299,1755 1370,1755 1440,1754 1511,1754 1581,1752 1652,1752 1722,1751 1793,1751"/>
                <TextEquiv>
                    <Unicode>απειλει οποιος δε και ο κοσμος τοιαυτη</Unicode>
                </TextEquiv>
            </TextLine>
            <TextLine id="r1l16" custom="readingOrder {index:15;}">
                <Coords points="387,1883 1257,1846 1412,1899 1527,1843 1776,1857 1776,1790 1284,1813 1211,1761 1102,1812 944,1759 839,1813 386,1769"/>
                <Baseline points="395,1845 463,1845 532,1845 600,1845 669,1845 737,1845 806,1845 874,1845 943,1844 1011,1844 1080,1844 1149,1842 1217,1842 1286,1842 1354,1842 1423,1841 1491,1841 1560,1841 1628,1841 1697,1841 1766,1841"/>
                <TextEquiv>
                    <Unicode>δηλονοτι και η επ αυτω δοξα και ανυπο</Unicode>
                </TextEquiv>
            </TextLine>
            <TextLine id="r1l17" custom="readingOrder {index:16;}">
                <Coords points="393,1971 640,1927 883,1967 1860,1933 1859,1843 1409,1900 849,1849 393,1890"/>
                <Baseline points="402,1926 474,1929 546,1932 619,1934 691,1934 764,1935 836,1935 909,1934 981,1934 1054,1932 1126,1932 1198,1931 1271,1929 1343,1928 1416,1928 1488,1926 1561,1926 1633,1926 1706,1928 1778,1929 1851,1931"/>
                <TextEquiv>
                    <Unicode>στατος και τους χλιδων  και τα εμπλοκια και τα ψε</Unicode>
                </TextEquiv>
            </TextLine>
            <TextLine id="r1l18" custom="readingOrder {index:17;}">
                <Coords points="357,2056 1818,2019 1749,1937 1540,1984 1422,1938 1295,1981 356,1944"/>
                <Baseline points="365,2024 437,2024 509,2024 581,2022 653,2022 725,2022 797,2021 870,2021 942,2021 1014,2021 1086,2021 1158,2021 1230,2021 1302,2021 1375,2021 1447,2019 1519,2019 1591,2019 1663,2019 1735,2019 1808,2018"/>
                <TextEquiv>
                    <Unicode>ολος μεν ο κατηριθμημενος κοσμος χλιδω</Unicode>
                </TextEquiv>
            </TextLine>
            <TextLine id="r1l19" custom="readingOrder {index:18;}">
                <Coords points="386,2119 1669,2104 1720,2144 1812,2067 1339,2075 1278,2029 951,2080 877,2043 386,2068"/>
                <Baseline points="395,2105 465,2106 535,2106 606,2108 676,2108 747,2108 817,2108 887,2109 958,2109 1028,2109 1099,2109 1169,2109 1239,2109 1310,2109 1380,2108 1451,2108 1521,2106 1591,2106 1662,2105 1732,2103 1803,2102"/>
                <TextEquiv>
                    <Unicode>σης γυναικος εστι επιτηδευμα τουτεστι τρυ</Unicode>
                </TextEquiv>
            </TextLine>
            <TextLine id="r1l20" custom="readingOrder {index:19;}">
                <Coords points="383,2223 806,2195 970,2241 1301,2200 1388,2239 1772,2184 1700,2127 1491,2163 1342,2116 1277,2160 1178,2127 873,2160 790,2114 674,2161 383,2144"/>
                <Baseline points="392,2195 460,2195 529,2196 597,2196 666,2196 735,2196 803,2198 872,2198 940,2198 1009,2198 1078,2198 1146,2198 1215,2196 1283,2196 1352,2196 1421,2195 1489,2193 1558,2193 1626,2190 1695,2189 1764,2187"/>
                <TextEquiv>
                    <Unicode>φωσης και διακεχυμενης εξαιρετως δε </Unicode>
                </TextEquiv>
            </TextLine>
            <TextLine id="r1l21" custom="readingOrder {index:20;}">
                <Coords points="401,2294 1879,2304 1890,2219 401,2241"/>
                <Baseline points="410,2277 483,2279 557,2279 630,2280 704,2280 777,2280 851,2280 924,2280 998,2280 1071,2279 1145,2279 1219,2279 1292,2279 1366,2279 1439,2279 1513,2279 1586,2279 1660,2279 1733,2279 1807,2280 1881,2280"/>
                <TextEquiv>
                    <Unicode>οι χλιδωνες παρωνυμοι οντες της τρυφης</Unicode>
                </TextEquiv>
            </TextLine>
            <TextLine id="r1l22" custom="readingOrder {index:21;}">
                <Coords points="389,2387 1641,2394 1799,2380 1817,2310 389,2331"/>
                <Baseline points="398,2363 468,2363 539,2363 609,2363 680,2363 750,2364 821,2364 891,2366 962,2366 1032,2366 1103,2367 1173,2367 1244,2367 1314,2367 1385,2367 1455,2367 1526,2366 1596,2364 1667,2363 1737,2361 1808,2358"/>
                <TextEquiv>
                    <Unicode>ταχα τοις βραχιοσι περικειμενοι ψεμα δε</Unicode>
                </TextEquiv>
            </TextLine>
            <TextLine id="r1l23" custom="readingOrder {index:22;}">
                <Coords points="372,2450 1791,2479 1791,2413 1636,2390 1353,2421 1079,2375 823,2423 372,2385"/>
                <Baseline points="381,2453 451,2454 521,2456 591,2456 661,2457 731,2457 801,2457 871,2457 941,2457 1011,2457 1081,2457 1151,2457 1221,2457 1291,2457 1361,2457 1431,2457 1501,2457 1571,2457 1641,2457 1711,2457 1782,2457"/>
                <TextEquiv>
                    <Unicode>εστι τα τοις ακροις των χειρων κατά το προ</Unicode>
                </TextEquiv>
            </TextLine>
            <TextLine id="r1l24" custom="readingOrder {index:23;}">
                <Coords points="382,2577 1797,2551 1797,2501 1709,2518 1624,2464 1508,2513 1240,2472 1107,2516 382,2500"/>
                <Baseline points="392,2541 461,2543 531,2544 601,2546 671,2546 740,2547 810,2547 880,2547 950,2547 1019,2547 1089,2547 1159,2547 1229,2546 1298,2546 1368,2546 1438,2546 1508,2546 1577,2547 1647,2547 1717,2549 1787,2550"/>
                <TextEquiv>
                    <Unicode>φανες προβαλλομενα εστι δε ποτε και ότι κα</Unicode>
                </TextEquiv>
            </TextLine>
            <TextLine id="r1l25" custom="readingOrder {index:24;}">
                <Coords points="388,2626 708,2663 932,2634 1030,2675 1779,2637 1779,2588 1212,2602 1076,2552 951,2601 388,2573"/>
                <Baseline points="396,2621 464,2624 533,2625 601,2628 670,2628 739,2630 807,2631 876,2631 945,2631 1013,2631 1082,2631 1151,2631 1219,2631 1288,2631 1357,2631 1425,2631 1494,2631 1563,2633 1631,2633 1700,2635 1769,2637"/>
                <TextEquiv>
                    <Unicode>λου παρειλημμενα τα ψεμα ως οτε την αγιαν</Unicode>
                </TextEquiv>
            </TextLine>
            <TextLine id="r1l26" custom="readingOrder {index:25;}">
                <Coords points="386,2735 1492,2723 1558,2761 1669,2727 1781,2768 1800,2696 1423,2653 387,2664"/>
                <Baseline points="396,2711 465,2712 535,2715 605,2716 675,2718 744,2718 814,2720 884,2720 954,2721 1023,2721 1093,2721 1163,2721 1233,2723 1302,2723 1372,2723 1442,2723 1512,2723 1581,2723 1651,2723 1721,2723 1791,2723"/>
                <TextEquiv>
                    <Unicode>ρεββεκαν ο πρεσβυτερος της οικιας κατεκοσμ 	 </Unicode>
                </TextEquiv>
            </TextLine>
            <TextEquiv>
                <Unicode>μηδε ταις ζωγραφιαις ταυταις ελεειν οι μεσω&#13;
τερων οφθαλμοι συναρπαζωνται η τοτε αφαι&#13;
ρεθησεται ταυτα όταν γυμνα παντα παρισταντ&#13;
τω κριτη οτε ο φρυς συμπεπτω κυια παρεια&#13;
κατηφης χρωμα πεμδνον υπο του φοβου&#13;
και την&#13;
αφαιρειν ουν και τον κοσμον ο κς &#13;
συνθεσιν του κοσμου της δοξης&#13;
οιονει και την υλην την κοσμουσαν και αυτην&#13;
την εκ της τεχνης επινοιαν και επειδη ε&#13;
νι μεν ουκ εστιν επαρθηναι τοσουτον ουδε&#13;
φισιωθηναι επ αυτω ομου δε πασι συγκει&#13;
μενοις το αλαζονικον επιγινεται φρονημα&#13;
και την συνθεσιν του κοσμου αφαιρησειν ο κς&#13;
απειλει οποιος δε και ο κοσμος τοιαυτη&#13;
δηλονοτι και η επ αυτω δοξα και ανυπο&#13;
στατος και τους χλιδων  και τα εμπλοκια και τα ψε&#13;
ολος μεν ο κατηριθμημενος κοσμος χλιδω&#13;
σης γυναικος εστι επιτηδευμα τουτεστι τρυ&#13;
φωσης και διακεχυμενης εξαιρετως δε &#13;
οι χλιδωνες παρωνυμοι οντες της τρυφης&#13;
ταχα τοις βραχιοσι περικειμενοι ψεμα δε&#13;
εστι τα τοις ακροις των χειρων κατά το προ&#13;
φανες προβαλλομενα εστι δε ποτε και ότι κα&#13;
λου παρειλημμενα τα ψεμα ως οτε την αγιαν&#13;
ρεββεκαν ο πρεσβυτερος της οικιας κατεκοσμ 	 </Unicode>
            </TextEquiv>
        </TextRegion>
        <TextRegion orientation="0.0" id="r2" custom="readingOrder {index:1;}">
            <Coords points="2052,2781 2052,2936 2103,2936 2103,2781"/>
            <TextEquiv>
                <Unicode></Unicode>
            </TextEquiv>
        </TextRegion>
        <TextRegion orientation="0.0" id="r3" custom="readingOrder {index:2;}">
            <Coords points="2069,394 2069,547 2114,547 2114,394"/>
            <TextEquiv>
                <Unicode></Unicode>
            </TextEquiv>
        </TextRegion>
        <TextRegion orientation="0.0" id="r4" custom="readingOrder {index:3;}">
            <Coords points="2186,370 2186,520 2273,520 2273,370"/>
            <TextEquiv>
                <Unicode></Unicode>
            </TextEquiv>
        </TextRegion>
    </Page>
</PcGts>
