<?xml version="1.0" encoding="UTF-8" standalone="yes"?>
<PcGts xmlns="http://schema.primaresearch.org/PAGE/gts/pagecontent/2013-07-15" xmlns:xsi="http://www.w3.org/2001/XMLSchema-instance" xsi:schemaLocation="http://schema.primaresearch.org/PAGE/gts/pagecontent/2013-07-15 http://schema.primaresearch.org/PAGE/gts/pagecontent/2013-07-15/pagecontent.xsd">
    <Metadata>
        <Creator>prov=University of Rostock/Institute of Mathematics/CITlab|PLANET AI GmbH/Gundram Leifert/gundram.leifert@planet-ai.de:name=HPGTR(htr_id=41125)::::v=2.6.7
prov=University of Rostock/Institute of Mathematics/CITlab|PLANET AI GmbH/Tobias Gruening/tobias.gruening@planet-ai.de:name=de.uros.citlab.module.baseline2polygon.B2PSeamMultiOriented:v=2.6.7
prov=University of Rostock/Institute of Mathematics/CITlab|PLANET AI GmbH/Tobias Gruening/tobias.gruening@planet-ai.de:name=/net_tf/LA73_249_0mod360.pb:de.uros.citlab.segmentation.CITlab_LA_ML:v=2.6.7
Transkribus</Creator>
        <Created>2021-09-19T17:37:04.760+03:00</Created>
        <LastChange>2023-06-03T18:33:27.063+02:00</LastChange>
        <TranskribusMetadata docId="1458633" pageId="56018877" pageNr="10" tsid="125461356" status="IN_PROGRESS" userId="99263" imgUrl="https://files.transkribus.eu/Get?id=IUAJGMPYTBGUIRXOSSPIGEFO&amp;fileType=view" xmlUrl="https://files.transkribus.eu/Get?id=DWYLLOVRHQKGEBMEXROYNQEO" imageId="23265774"/>
    </Metadata>
    <Page imageFilename="0010_10 Bodleian-Library-MS-Barocci-102_00166_fol-79v.jpg" imageWidth="2557" imageHeight="3409">
        <ReadingOrder>
            <OrderedGroup id="ro_1686139440726" caption="Regions reading order">
                <RegionRefIndexed index="0" regionRef="r1"/>
            </OrderedGroup>
        </ReadingOrder>
        <TextRegion orientation="0.0" id="r1" custom="readingOrder {index:0;}">
            <Coords points="792,598 792,2764 2265,2764 2265,598"/>
            <TextLine id="r1l1" custom="readingOrder {index:0;}">
                <Coords points="789,665 1277,684 1691,634 2210,679 2210,621 1342,571 1029,612 788,555"/>
                <Baseline points="797,648 867,650 937,650 1007,650 1077,648 1148,647 1218,647 1288,645 1358,644 1428,642 1499,642 1569,641 1639,641 1709,641 1779,641 1850,641 1920,642 1990,644 2060,647 2130,651 2201,654"/>
                <TextEquiv>
                    <Unicode>εδει γαρ την μελλουσαν συνοικειν τω πρι</Unicode>
                </TextEquiv>
            </TextLine>
            <TextLine id="r1l2" custom="readingOrder {index:1;}">
                <Coords points="808,760 2170,756 2195,689 1417,701 1341,667 808,706"/>
                <Baseline points="818,737 886,738 954,738 1023,738 1091,738 1160,737 1228,737 1297,735 1365,734 1434,733 1502,732 1570,731 1639,731 1707,729 1776,729 1844,730 1913,731 1981,732 2050,734 2118,737 2187,741"/>
                <TextEquiv>
                    <Unicode>υπο του μνηστευομενου αυτην το πρακτι</Unicode>
                </TextEquiv>
            </TextLine>
            <TextLine id="r1l3" custom="readingOrder {index:2;}">
                <Coords points="810,846 958,877 1048,824 1931,811 2212,845 2227,751 809,777"/>
                <Baseline points="818,824 888,824 958,824 1028,824 1098,824 1168,822 1238,821 1308,819 1378,818 1448,816 1518,816 1588,815 1658,813 1728,813 1798,812 1868,812 1938,813 2008,815 2078,816 2148,818 2219,822"/>
                <TextEquiv>
                    <Unicode>κον της ψυχης προπαιδευθηναι δια τουτο </Unicode>
                </TextEquiv>
            </TextLine>
            <TextLine id="r1l4" custom="readingOrder {index:3;}">
                <Coords points="810,947 2217,926 2216,862 2169,848 809,851"/>
                <Baseline points="818,912 887,914 956,912 1026,912 1095,912 1165,911 1234,911 1304,909 1373,909 1443,908 1512,907 1581,906 1651,906 1720,905 1790,905 1859,905 1929,906 1998,906 2068,908 2137,909 2207,911"/>
                <TextEquiv>
                    <Unicode>ψεμοις χρυσοις κατεκοσμει τας χειρας του</Unicode>
                </TextEquiv>
            </TextLine>
            <TextLine id="r1l5" custom="readingOrder {index:4;}">
                <Coords points="829,1006 2200,1022 2245,1018 2245,928 829,944"/>
                <Baseline points="837,992 906,993 976,993 1046,993 1116,993 1186,993 1256,992 1326,992 1396,992 1466,990 1536,990 1605,990 1675,989 1745,989 1815,989 1885,990 1955,990 2025,992 2095,993 2165,996 2235,999"/>
                <TextEquiv>
                    <Unicode>τεστιν πραξεσι τιμιαις δεκα δε χρυσιων η ολ</Unicode>
                </TextEquiv>
            </TextLine>
            <TextLine id="r1l6" custom="readingOrder {index:5;}">
                <Coords points="819,1095 2213,1092 2190,1016 2059,1007 1889,1049 1730,1016 1586,1047 1492,1004 1374,1042 1217,1001 1077,1052 819,1016"/>
                <Baseline points="827,1076 895,1077 964,1077 1033,1079 1102,1079 1171,1080 1240,1080 1308,1080 1377,1080 1446,1080 1515,1080 1584,1080 1653,1080 1722,1080 1790,1079 1859,1079 1928,1079 1997,1077 2066,1076 2135,1076 2204,1074"/>
                <TextEquiv>
                    <Unicode>βη αυτων διοτι εν δεκα κεφαλαιοις η πα</Unicode>
                </TextEquiv>
            </TextLine>
            <TextLine id="r1l7" custom="readingOrder {index:6;}">
                <Coords points="814,1189 2240,1184 2227,1085 1966,1133 814,1124"/>
                <Baseline points="824,1163 894,1164 964,1164 1035,1166 1105,1166 1175,1167 1246,1167 1316,1167 1386,1167 1457,1166 1527,1166 1597,1166 1668,1165 1738,1164 1808,1164 1879,1163 1949,1163 2019,1161 2090,1161 2160,1161 2231,1160"/>
                <TextEquiv>
                    <Unicode>σα τηρησις του νομου συμπεραιουται και ε</Unicode>
                </TextEquiv>
            </TextLine>
            <TextLine id="r1l8" custom="readingOrder {index:7;}">
                <Coords points="813,1287 2069,1287 2235,1254 2235,1194 1712,1231 1489,1174 1347,1234 1224,1182 1117,1233 813,1223"/>
                <Baseline points="822,1263 892,1265 962,1265 1032,1265 1102,1265 1173,1266 1243,1266 1313,1266 1383,1266 1453,1266 1524,1265 1594,1265 1664,1265 1734,1265 1804,1263 1875,1263 1945,1262 2015,1262 2085,1260 2155,1260 2226,1259"/>
                <TextEquiv>
                    <Unicode>νωτια ανα δραχμην ολβης εχοντα ότι τ</Unicode>
                </TextEquiv>
            </TextLine>
            <TextLine id="r1l9" custom="readingOrder {index:8;}">
                <Coords points="819,1356 2034,1376 2221,1349 2221,1279 819,1296"/>
                <Baseline points="828,1341 897,1340 966,1340 1035,1340 1104,1338 1173,1338 1242,1338 1312,1340 1381,1340 1450,1340 1519,1340 1588,1340 1657,1341 1726,1341 1796,1341 1865,1341 1934,1341 2003,1341 2072,1341 2141,1341 2211,1341"/>
                <TextEquiv>
                    <Unicode>την υπακοην την εις ένα θν πιστει προση</Unicode>
                </TextEquiv>
            </TextLine>
            <TextLine id="r1l10" custom="readingOrder {index:9;}">
                <Coords points="807,1452 2205,1428 2204,1354 807,1392"/>
                <Baseline points="815,1434 884,1434 953,1433 1022,1431 1091,1430 1160,1430 1229,1428 1298,1428 1367,1428 1436,1427 1505,1427 1574,1427 1643,1425 1712,1425 1781,1425 1850,1425 1919,1425 1988,1424 2057,1424 2126,1424 2195,1422"/>
                <TextEquiv>
                    <Unicode>κε κεκοσμησθαι ενταυθα μεντοι περι</Unicode>
                </TextEquiv>
            </TextLine>
            <TextLine id="r1l11" custom="readingOrder {index:10;}">
                <Coords points="824,1528 2056,1536 2217,1510 2217,1470 2034,1430 1524,1475 1335,1427 1198,1475 824,1472"/>
                <Baseline points="834,1514 902,1512 971,1511 1040,1511 1108,1509 1177,1509 1246,1509 1314,1508 1383,1508 1452,1508 1521,1508 1589,1507 1658,1506 1727,1506 1795,1506 1864,1506 1933,1505 2001,1505 2070,1503 2139,1503 2208,1502"/>
                <TextEquiv>
                    <Unicode>αιρειται τα ψεμα δια τας επαιρομενας τω</Unicode>
                </TextEquiv>
            </TextLine>
            <TextLine id="r1l12" custom="readingOrder {index:11;}">
                <Coords points="820,1628 2223,1604 2223,1546 2095,1563 2024,1520 1664,1571 1339,1521 1165,1569 820,1543"/>
                <Baseline points="828,1601 897,1601 966,1601 1035,1601 1105,1601 1174,1601 1243,1601 1313,1601 1382,1601 1451,1601 1521,1601 1590,1601 1659,1601 1728,1599 1798,1599 1867,1599 1936,1599 2006,1599 2075,1598 2144,1598 2214,1598"/>
                <TextEquiv>
                    <Unicode>κοσμω των ψελλιων καθολου ημιν ενδεικνυ</Unicode>
                </TextEquiv>
            </TextLine>
            <TextLine id="r1l13" custom="readingOrder {index:12;}">
                <Coords points="783,1701 2246,1695 2246,1655 1790,1601 1615,1657 1506,1607 1347,1660 783,1649"/>
                <Baseline points="792,1691 864,1692 936,1694 1008,1694 1081,1694 1153,1694 1225,1694 1298,1692 1370,1692 1442,1691 1515,1690 1587,1689 1659,1689 1731,1688 1804,1688 1876,1688 1948,1688 2021,1689 2093,1691 2165,1692 2238,1695"/>
                <TextEquiv>
                    <Unicode>μενου του λογου ότι ο επι τω δεδυνησθαι τα</Unicode>
                </TextEquiv>
            </TextLine>
            <TextLine id="r1l14" custom="readingOrder {index:13;}">
                <Coords points="818,1803 2226,1795 2209,1737 1827,1717 818,1735"/>
                <Baseline points="828,1782 897,1784 966,1782 1036,1782 1105,1782 1175,1782 1244,1782 1313,1782 1383,1781 1452,1781 1522,1781 1591,1781 1660,1779 1730,1779 1799,1779 1869,1779 1938,1778 2007,1778 2077,1778 2146,1778 2216,1776"/>
                <TextEquiv>
                    <Unicode>κρειττονα υψηλοφρονησας εγκαταλειπε</Unicode>
                </TextEquiv>
            </TextLine>
            <TextLine id="r1l15" custom="readingOrder {index:14;}">
                <Coords points="815,1874 1258,1871 1372,1912 1486,1869 2157,1872 2195,1823 814,1821"/>
                <Baseline points="824,1868 892,1868 960,1868 1028,1868 1096,1868 1164,1868 1232,1867 1300,1866 1368,1866 1436,1865 1505,1865 1573,1863 1641,1863 1709,1862 1777,1862 1845,1860 1913,1860 1981,1859 2049,1859 2117,1857 2186,1857"/>
                <TextEquiv>
                    <Unicode>ται υπο της συνεχουσης αυτόν επισκοπης </Unicode>
                </TextEquiv>
            </TextLine>
            <TextLine id="r1l16" custom="readingOrder {index:15;}">
                <Coords points="828,1967 2041,1974 2184,1907 827,1905"/>
                <Baseline points="836,1953 902,1955 969,1955 1036,1955 1103,1955 1170,1953 1237,1953 1304,1953 1371,1952 1438,1952 1505,1950 1571,1950 1638,1949 1705,1949 1772,1947 1839,1946 1906,1946 1973,1944 2040,1943 2107,1943 2174,1941"/>
                <TextEquiv>
                    <Unicode>το δε εμπλοκιον εοικε τι ειναι συγκα</Unicode>
                </TextEquiv>
            </TextLine>
            <TextLine id="r1l17" custom="readingOrder {index:16;}">
                <Coords points="833,2078 2253,2046 2251,1967 1969,1954 1727,1997 832,2000"/>
                <Baseline points="842,2042 912,2043 982,2043 1052,2043 1122,2043 1192,2043 1262,2043 1332,2042 1402,2042 1472,2042 1542,2040 1612,2039 1682,2038 1752,2037 1822,2036 1892,2034 1962,2033 2032,2030 2102,2028 2172,2025 2243,2022"/>
                <TextEquiv>
                    <Unicode>ταπλεκομενον ταις θριξιν εις το τη πα</Unicode>
                </TextEquiv>
            </TextLine>
            <TextLine id="r1l18" custom="readingOrder {index:17;}">
                <Coords points="818,2164 2274,2134 2248,2069 817,2087"/>
                <Baseline points="827,2132 898,2133 970,2135 1042,2135 1114,2135 1186,2135 1258,2135 1330,2133 1402,2132 1474,2132 1546,2130 1617,2129 1689,2127 1761,2126 1833,2124 1905,2124 1977,2123 2049,2121 2121,2121 2193,2121 2265,2121"/>
                <TextEquiv>
                    <Unicode>ρ εαυτου ευχροια διεγειραι την χροι</Unicode>
                </TextEquiv>
            </TextLine>
            <TextLine id="r1l19" custom="readingOrder {index:18;}">
                <Coords points="800,2238 1617,2214 1821,2255 2207,2212 2206,2145 799,2180"/>
                <Baseline points="809,2222 878,2221 947,2220 1017,2219 1086,2219 1156,2217 1225,2216 1295,2216 1364,2214 1434,2214 1503,2213 1572,2213 1642,2211 1711,2211 1781,2210 1850,2208 1920,2208 1989,2207 2059,2205 2128,2204 2198,2202"/>
                <TextEquiv>
                    <Unicode>αν και μηδενι ταυτα μικροπρεπη νομιζε</Unicode>
                </TextEquiv>
            </TextLine>
            <TextLine id="r1l20" custom="readingOrder {index:19;}">
                <Coords points="812,2325 2195,2282 2194,2236 2013,2225 811,2249"/>
                <Baseline points="821,2298 889,2300 957,2301 1025,2303 1094,2303 1162,2303 1230,2303 1298,2301 1367,2301 1435,2300 1503,2298 1571,2297 1640,2295 1708,2294 1776,2292 1844,2291 1913,2289 1981,2287 2049,2286 2117,2285 2186,2283"/>
                <TextEquiv>
                    <Unicode>σθω ου γαρ σεμνοτεροι του πνς ημεις  ως</Unicode>
                </TextEquiv>
            </TextLine>
            <TextLine id="r1l21" custom="readingOrder {index:20;}">
                <Coords points="818,2401 1811,2420 1876,2381 2129,2396 2201,2372 2201,2305 1977,2346 1754,2298 1530,2346 1334,2314 1235,2356 817,2351"/>
                <Baseline points="827,2379 895,2382 963,2383 1031,2384 1100,2385 1168,2385 1236,2385 1304,2385 1373,2385 1441,2384 1509,2383 1577,2382 1646,2381 1714,2379 1782,2378 1850,2376 1919,2374 1987,2372 2055,2370 2123,2367 2192,2366"/>
                <TextEquiv>
                    <Unicode>απαξιουντας εν τη γραφη λεξεις διερευνου</Unicode>
                </TextEquiv>
            </TextLine>
            <TextLine id="r1l22" custom="readingOrder {index:21;}">
                <Coords points="817,2481 2106,2492 2214,2453 2175,2390 1750,2433 1678,2398 1591,2439 817,2408"/>
                <Baseline points="827,2468 895,2468 964,2469 1033,2469 1102,2471 1171,2471 1240,2471 1308,2471 1377,2471 1446,2471 1515,2471 1584,2471 1653,2469 1722,2468 1790,2466 1859,2464 1928,2462 1997,2458 2066,2455 2135,2451 2204,2447"/>
                <TextEquiv>
                    <Unicode>σθαι μεμαθηκαμεν γαρ εν τοις ασμασι τ</Unicode>
                </TextEquiv>
            </TextLine>
            <TextLine id="r1l23" custom="readingOrder {index:22;}">
                <Coords points="800,2582 2202,2547 2201,2485 1586,2532 799,2497"/>
                <Baseline points="809,2564 878,2564 947,2565 1016,2565 1085,2565 1154,2565 1223,2565 1293,2564 1362,2564 1431,2562 1500,2561 1569,2559 1638,2558 1707,2556 1777,2555 1846,2553 1915,2552 1984,2550 2053,2549 2122,2547 2192,2546"/>
                <TextEquiv>
                    <Unicode>επαινουμενη σνυμφης και το εμπλοκιον σε</Unicode>
                </TextEquiv>
            </TextLine>
            <TextLine id="r1l24" custom="readingOrder {index:23;}">
                <Coords points="807,2668 2229,2661 2240,2559 2123,2603 1801,2570 806,2617"/>
                <Baseline points="816,2651 886,2649 957,2649 1028,2648 1099,2646 1170,2645 1240,2645 1311,2643 1382,2643 1453,2642 1524,2642 1594,2640 1665,2639 1736,2637 1807,2636 1878,2636 1948,2634 2019,2631 2090,2630 2161,2627 2232,2625"/>
                <TextEquiv>
                    <Unicode>μνυομενον κεφαλη γαρ σου φησι ως ο καρ</Unicode>
                </TextEquiv>
            </TextLine>
            <TextLine id="r1l25" custom="readingOrder {index:24;}">
                <Coords points="794,2790 1058,2743 1674,2782 1922,2725 2210,2744 2209,2668 793,2683"/>
                <Baseline points="803,2738 872,2740 942,2741 1012,2742 1082,2741 1152,2741 1222,2739 1292,2738 1362,2736 1432,2735 1502,2733 1571,2730 1641,2729 1711,2727 1781,2725 1851,2724 1921,2723 1991,2721 2061,2721 2131,2721 2201,2723"/>
                <TextEquiv>
                    <Unicode>μηλος και εμπλοκιον κεφαλης σου ως πορ  </Unicode>
                </TextEquiv>
            </TextLine>
            <TextEquiv>
                <Unicode>εδει γαρ την μελλουσαν συνοικειν τω πρι&#13;
υπο του μνηστευομενου αυτην το πρακτι&#13;
κον της ψυχης προπαιδευθηναι δια τουτο &#13;
ψεμοις χρυσοις κατεκοσμει τας χειρας του&#13;
τεστιν πραξεσι τιμιαις δεκα δε χρυσιων η ολ&#13;
βη αυτων διοτι εν δεκα κεφαλαιοις η πα&#13;
σα τηρησις του νομου συμπεραιουται και ε&#13;
νωτια ανα δραχμην ολβης εχοντα ότι τ&#13;
την υπακοην την εις ένα θν πιστει προση&#13;
κε κεκοσμησθαι ενταυθα μεντοι περι&#13;
αιρειται τα ψεμα δια τας επαιρομενας τω&#13;
κοσμω των ψελλιων καθολου ημιν ενδεικνυ&#13;
μενου του λογου ότι ο επι τω δεδυνησθαι τα&#13;
κρειττονα υψηλοφρονησας εγκαταλειπε&#13;
ται υπο της συνεχουσης αυτόν επισκοπης &#13;
το δε εμπλοκιον εοικε τι ειναι συγκα&#13;
ταπλεκομενον ταις θριξιν εις το τη πα&#13;
ρ εαυτου ευχροια διεγειραι την χροι&#13;
αν και μηδενι ταυτα μικροπρεπη νομιζε&#13;
σθω ου γαρ σεμνοτεροι του πνς ημεις  ως&#13;
απαξιουντας εν τη γραφη λεξεις διερευνου&#13;
σθαι μεμαθηκαμεν γαρ εν τοις ασμασι τ&#13;
επαινουμενη σνυμφης και το εμπλοκιον σε&#13;
μνυομενον κεφαλη γαρ σου φησι ως ο καρ&#13;
μηλος και εμπλοκιον κεφαλης σου ως πορ  </Unicode>
            </TextEquiv>
        </TextRegion>
    </Page>
</PcGts>
