<?xml version="1.0" encoding="UTF-8" standalone="yes"?>
<PcGts xmlns="http://schema.primaresearch.org/PAGE/gts/pagecontent/2013-07-15" xmlns:xsi="http://www.w3.org/2001/XMLSchema-instance" xsi:schemaLocation="http://schema.primaresearch.org/PAGE/gts/pagecontent/2013-07-15 http://schema.primaresearch.org/PAGE/gts/pagecontent/2013-07-15/pagecontent.xsd">
    <Metadata>
        <Creator>prov=University of Rostock/Institute of Mathematics/CITlab|PLANET AI GmbH/Gundram Leifert/gundram.leifert@planet-ai.de:name=HPGTR(htr_id=41125)::::v=2.6.7
prov=University of Rostock/Institute of Mathematics/CITlab|PLANET AI GmbH/Tobias Gruening/tobias.gruening@planet-ai.de:name=de.uros.citlab.module.baseline2polygon.B2PSeamMultiOriented:v=2.6.7
prov=University of Rostock/Institute of Mathematics/CITlab|PLANET AI GmbH/Tobias Gruening/tobias.gruening@planet-ai.de:name=/net_tf/LA73_249_0mod360.pb:de.uros.citlab.segmentation.CITlab_LA_ML:v=2.6.7
Transkribus</Creator>
        <Created>2021-09-19T17:37:06.026+03:00</Created>
        <LastChange>2023-06-03T18:35:13.018+02:00</LastChange>
        <TranskribusMetadata docId="1458633" pageId="56018878" pageNr="11" tsid="125461768" status="IN_PROGRESS" userId="99263" imgUrl="https://files.transkribus.eu/Get?id=DOAMIWYTWBYDYAJEHSJFJHGC&amp;fileType=view" xmlUrl="https://files.transkribus.eu/Get?id=LMSQYZIBFICWXOCSFHMODTVB" imageId="23265775"/>
    </Metadata>
    <Page imageFilename="0011_11 Bodleian-Library-MS-Barocci-37_00095_fol-45r.jpg" imageWidth="4193" imageHeight="5590">
        <ReadingOrder>
            <OrderedGroup id="ro_1686139440932" caption="Regions reading order">
                <RegionRefIndexed index="0" regionRef="r1"/>
                <RegionRefIndexed index="1" regionRef="r2"/>
                <RegionRefIndexed index="2" regionRef="r3"/>
                <RegionRefIndexed index="3" regionRef="r4"/>
                <RegionRefIndexed index="4" regionRef="r5"/>
                <RegionRefIndexed index="5" regionRef="r6"/>
                <RegionRefIndexed index="6" regionRef="r7"/>
            </OrderedGroup>
        </ReadingOrder>
        <TextRegion orientation="0.0" id="r1" custom="readingOrder {index:0;}">
            <Coords points="36,892 36,1042 116,1042 116,892"/>
            <TextEquiv>
                <Unicode></Unicode>
            </TextEquiv>
        </TextRegion>
        <TextRegion orientation="0.0" id="r2" custom="readingOrder {index:1;}">
            <Coords points="36,3404 36,3932 132,3932 132,3404"/>
            <TextEquiv>
                <Unicode></Unicode>
            </TextEquiv>
        </TextRegion>
        <TextRegion orientation="0.0" id="r3" custom="readingOrder {index:2;}">
            <Coords points="210,894 210,1265 296,1265 296,894"/>
            <TextEquiv>
                <Unicode></Unicode>
            </TextEquiv>
        </TextRegion>
        <TextRegion orientation="0.0" id="r4" custom="readingOrder {index:3;}">
            <Coords points="202,3794 202,4081 290,4081 290,3794"/>
            <TextEquiv>
                <Unicode></Unicode>
            </TextEquiv>
        </TextRegion>
        <TextRegion orientation="0.0" id="r5" custom="readingOrder {index:4;}">
            <Coords points="372,1004 372,3945 2864,3945 2864,1004"/>
            <TextLine id="r5l2" custom="readingOrder {index:0;}">
                <Coords points="389,1238 2582,1295 2877,1276 2880,1131 2245,1181 1856,961 1718,1082 808,1024 392,1094"/>
                <Baseline points="404,1202 527,1198 650,1198 773,1198 896,1200 1019,1202 1142,1206 1265,1210 1388,1215 1511,1220 1634,1224 1757,1229 1880,1233 2003,1236 2126,1238 2249,1240 2372,1238 2495,1236 2618,1233 2741,1227 2864,1218"/>
                <TextEquiv>
                    <Unicode>τίνος γ᾽ ὑπ᾽ ἄλλου; Θρῄξ νιν ὤλεσε ξένος.</Unicode>
                </TextEquiv>
            </TextLine>
            <TextLine id="r5l4" custom="readingOrder {index:1;}">
                <Coords points="498,1574 1583,1613 1913,1555 2429,1637 2694,1584 2695,1464 2210,1416 2083,1489 1597,1481 1223,1372 932,1483 499,1469"/>
                <Baseline points="514,1552 622,1548 730,1542 838,1540 946,1538 1055,1536 1163,1536 1271,1534 1379,1536 1487,1536 1596,1538 1704,1540 1812,1542 1920,1544 2028,1546 2137,1550 2245,1554 2353,1557 2461,1560 2569,1564 2678,1568"/>
                <TextEquiv>
                    <Unicode>ὦ τλῆμον· ἦ που χρυσὸν ἠράσθη λαβεῖν;</Unicode>
                </TextEquiv>
            </TextLine>
            <TextLine id="r5l9" custom="readingOrder {index:2;}">
                <Coords points="385,1909 517,1968 1394,1880 1526,1960 2034,1904 2446,1977 2745,1889 2136,1736 1979,1824 1463,1726 1127,1820 700,1723 385,1826"/>
                <Baseline points="402,1890 518,1886 634,1882 750,1880 867,1878 983,1877 1099,1876 1216,1876 1332,1876 1448,1878 1565,1878 1681,1880 1797,1882 1913,1884 2030,1884 2146,1886 2262,1888 2379,1890 2495,1890 2611,1890 2728,1892"/>
                <TextEquiv>
                    <Unicode>τοιαῦτ᾽, ἐπειδὴ συμφορὰν ἔγνω Φρυγῶν.</Unicode>
                </TextEquiv>
            </TextLine>
            <TextLine id="r5l11" custom="readingOrder {index:3;}">
                <Coords points="421,2270 911,2221 1229,2288 1363,2226 2475,2297 2577,2284 2580,2158 2110,2072 1847,2153 1197,2075 1008,2146 895,2088 423,2128"/>
                <Baseline points="436,2186 542,2191 648,2197 754,2201 861,2204 967,2208 1073,2210 1180,2212 1286,2212 1392,2214 1499,2214 1605,2216 1711,2216 1817,2218 1924,2220 2030,2221 2136,2224 2243,2226 2349,2231 2455,2236 2562,2242"/>
                <TextEquiv>
                    <Unicode>ηὗρες δὲ ποῦ νιν; ἢ τίς ἤνεγκεν νεκρόν;</Unicode>
                </TextEquiv>
            </TextLine>
            <TextLine id="r5l14" custom="readingOrder {index:4;}">
                <Coords points="423,2504 954,2619 1272,2550 2249,2619 2423,2535 2424,2452 2185,2384 1892,2398 1781,2480 1597,2382 1319,2470 1136,2363 853,2378 747,2466 557,2407 424,2458"/>
                <Baseline points="440,2528 538,2530 636,2532 735,2533 833,2534 932,2536 1030,2538 1128,2538 1227,2539 1325,2540 1424,2542 1522,2542 1620,2544 1719,2544 1817,2546 1916,2548 2014,2550 2112,2552 2211,2554 2309,2556 2408,2560"/>
                <TextEquiv>
                    <Unicode>ἥδ᾽, ἐντυχοῦσα ποντίας ἀκτῆς ἔπι.</Unicode>
                </TextEquiv>
            </TextLine>
            <TextLine id="r5l16" custom="readingOrder {index:5;}">
                <Coords points="524,2892 1887,2903 2254,3007 2382,2908 2693,2912 2694,2841 2211,2846 2093,2776 968,2821 527,2747"/>
                <Baseline points="540,2866 646,2868 753,2868 860,2870 967,2872 1074,2874 1181,2878 1288,2880 1395,2883 1502,2886 1609,2889 1715,2892 1822,2894 1929,2897 2036,2900 2143,2902 2250,2904 2357,2904 2464,2906 2571,2906 2678,2906"/>
                <TextEquiv>
                    <Unicode>τοῦτον ματεύουσ᾽ ἢ πονοῦσ᾽ ἄλλον πόνον;</Unicode>
                </TextEquiv>
            </TextLine>
            <TextLine id="r5l20" custom="readingOrder {index:6;}">
                <Coords points="528,3282 1318,3200 1622,3227 1761,3335 2120,3252 2367,3344 2573,3220 2575,3146 2432,3075 2227,3165 1700,3084 1544,3148 1332,3025 534,3063"/>
                <Baseline points="546,3194 646,3189 747,3186 847,3184 948,3184 1049,3186 1149,3188 1250,3192 1350,3196 1451,3201 1552,3206 1652,3212 1753,3216 1853,3220 1954,3223 2055,3226 2155,3226 2256,3226 2356,3224 2457,3221 2558,3216"/>
                <TextEquiv>
                    <Unicode>λούτρ᾽ ᾤχετ᾽ οἴσουσ᾽ ἐξ ἁλὸς Πολυξένῃ.</Unicode>
                </TextEquiv>
            </TextLine>
            <TextLine id="r5l24" custom="readingOrder {index:7;}">
                <Coords points="497,3502 881,3594 1604,3546 1966,3634 2404,3585 2464,3487 2268,3404 1174,3484 957,3410 677,3449 499,3367"/>
                <Baseline points="514,3504 610,3511 707,3517 804,3522 900,3526 997,3528 1094,3528 1190,3530 1287,3530 1384,3530 1481,3530 1577,3530 1674,3530 1771,3530 1867,3531 1964,3532 2061,3534 2157,3537 2254,3541 2351,3546 2448,3552"/>
                <TextEquiv>
                    <Unicode>κτανών νιν, ὡς ἔοικεν, ἐκβάλλει ξένος.</Unicode>
                </TextEquiv>
            </TextLine>
            <TextLine id="r5l27" custom="readingOrder {index:8;}">
                <Coords points="354,3964 1939,3916 2298,3994 2610,3939 2612,3843 1666,3744 1480,3824 1343,3747 357,3792"/>
                <Baseline points="372,3866 483,3868 594,3870 705,3872 816,3873 928,3874 1039,3876 1150,3878 1261,3880 1372,3882 1484,3884 1595,3886 1706,3888 1817,3891 1928,3894 2040,3896 2151,3899 2262,3902 2373,3906 2484,3910 2596,3912"/>
                <TextEquiv>
                    <Unicode>θαλασσόπλαγκτον, ὦδε διατεμὼν χρόα. </Unicode>
                </TextEquiv>
            </TextLine>
            <TextEquiv>
                <Unicode>τίνος γ᾽ ὑπ᾽ ἄλλου; Θρῄξ νιν ὤλεσε ξένος.&#13;
ὦ τλῆμον· ἦ που χρυσὸν ἠράσθη λαβεῖν;&#13;
τοιαῦτ᾽, ἐπειδὴ συμφορὰν ἔγνω Φρυγῶν.&#13;
ηὗρες δὲ ποῦ νιν; ἢ τίς ἤνεγκεν νεκρόν;&#13;
ἥδ᾽, ἐντυχοῦσα ποντίας ἀκτῆς ἔπι.&#13;
τοῦτον ματεύουσ᾽ ἢ πονοῦσ᾽ ἄλλον πόνον;&#13;
λούτρ᾽ ᾤχετ᾽ οἴσουσ᾽ ἐξ ἁλὸς Πολυξένῃ.&#13;
κτανών νιν, ὡς ἔοικεν, ἐκβάλλει ξένος.&#13;
θαλασσόπλαγκτον, ὦδε διατεμὼν χρόα. </Unicode>
            </TextEquiv>
        </TextRegion>
        <TextRegion orientation="0.0" id="r6" custom="readingOrder {index:5;}">
            <Coords points="3448,358 3448,512 3528,512 3528,358"/>
            <TextEquiv>
                <Unicode></Unicode>
            </TextEquiv>
        </TextRegion>
        <TextRegion orientation="0.0" id="r7" custom="readingOrder {index:6;}">
            <Coords points="4010,364 4010,516 4032,516 4032,364"/>
            <TextEquiv>
                <Unicode></Unicode>
            </TextEquiv>
        </TextRegion>
    </Page>
</PcGts>
