<?xml version="1.0" encoding="UTF-8" standalone="yes"?>
<PcGts xmlns="http://schema.primaresearch.org/PAGE/gts/pagecontent/2013-07-15" xmlns:xsi="http://www.w3.org/2001/XMLSchema-instance" xsi:schemaLocation="http://schema.primaresearch.org/PAGE/gts/pagecontent/2013-07-15 http://schema.primaresearch.org/PAGE/gts/pagecontent/2013-07-15/pagecontent.xsd">
    <Metadata>
        <Creator>prov=University of Rostock/Institute of Mathematics/CITlab|PLANET AI GmbH/Gundram Leifert/gundram.leifert@planet-ai.de:name=HPGTR(htr_id=41125)::::v=2.6.7
prov=University of Rostock/Institute of Mathematics/CITlab|PLANET AI GmbH/Tobias Gruening/tobias.gruening@planet-ai.de:name=de.uros.citlab.module.baseline2polygon.B2PSeamMultiOriented:v=2.6.7
prov=University of Rostock/Institute of Mathematics/CITlab|PLANET AI GmbH/Tobias Gruening/tobias.gruening@planet-ai.de:name=/net_tf/LA73_249_0mod360.pb:de.uros.citlab.segmentation.CITlab_LA_ML:v=2.6.7
Transkribus</Creator>
        <Created>2021-09-19T17:37:06.388+03:00</Created>
        <LastChange>2023-06-03T18:37:40.726+02:00</LastChange>
        <TranskribusMetadata docId="1458633" pageId="56018879" pageNr="12" tsid="125462154" status="IN_PROGRESS" userId="99263" imgUrl="https://files.transkribus.eu/Get?id=CBJADZDHZZGKNFRXQRTUGLCA&amp;fileType=view" xmlUrl="https://files.transkribus.eu/Get?id=FGFOCASIBDUBSTCEJYIWLRBA" imageId="23265776"/>
    </Metadata>
    <Page imageFilename="0012_12 Bodleian-Library-MS-Barocci-37_00096_fol-45v.jpg" imageWidth="4193" imageHeight="5590">
        <ReadingOrder>
            <OrderedGroup id="ro_1686139441129" caption="Regions reading order">
                <RegionRefIndexed index="0" regionRef="r1"/>
                <RegionRefIndexed index="1" regionRef="r2"/>
                <RegionRefIndexed index="2" regionRef="r3"/>
            </OrderedGroup>
        </ReadingOrder>
        <TextRegion orientation="0.0" id="r1" custom="readingOrder {index:0;}">
            <Coords points="144,4924 144,5425 228,5425 228,4924"/>
            <TextEquiv>
                <Unicode></Unicode>
            </TextEquiv>
        </TextRegion>
        <TextRegion orientation="0.0" id="r2" custom="readingOrder {index:1;}">
            <Coords points="304,5286 304,5440 322,5440 322,5286"/>
            <TextEquiv>
                <Unicode></Unicode>
            </TextEquiv>
        </TextRegion>
        <TextRegion orientation="0.0" id="r3" custom="readingOrder {index:2;}">
            <Coords points="1072,1032 1072,3960 3836,3960 3836,1032"/>
            <TextLine id="r3l2" custom="readingOrder {index:0;}">
                <Coords points="1686,1298 1879,1302 2021,1405 2789,1312 3041,1399 3225,1309 3755,1307 3754,1231 3258,1136 2785,1151 2578,1035 2275,1249 2167,1184 1685,1264"/>
                <Baseline points="1698,1310 1800,1311 1902,1312 2004,1312 2106,1312 2209,1312 2311,1312 2413,1312 2515,1312 2617,1310 2720,1310 2822,1310 2924,1308 3026,1308 3128,1306 3231,1304 3333,1302 3435,1300 3537,1298 3639,1295 3742,1292"/>
                <TextEquiv>
                    <Unicode>ὦ σχετλία σὺ τῶν ἀμετρήτων πόνων.</Unicode>
                </TextEquiv>
            </TextLine>
            <TextLine id="r3l5" custom="readingOrder {index:1;}">
                <Coords points="1700,1652 3101,1629 3315,1693 3810,1647 3810,1543 3455,1561 3345,1491 2952,1567 2813,1485 2568,1573 2192,1536 1700,1608"/>
                <Baseline points="1712,1650 1816,1644 1920,1639 2024,1635 2129,1632 2233,1630 2337,1628 2442,1628 2546,1628 2650,1628 2755,1628 2859,1628 2963,1629 3067,1630 3172,1630 3276,1630 3380,1628 3485,1628 3589,1626 3693,1623 3798,1618"/>
                <TextEquiv>
                    <Unicode>ὄλωλα. οὐδὲν Ἀγάμεμνον λοιπόν κακῶν.</Unicode>
                </TextEquiv>
            </TextLine>
            <TextLine id="r3l7" custom="readingOrder {index:2;}">
                <Coords points="1909,2050 2397,1940 2664,1989 2885,1945 3126,2018 3247,1937 3694,1951 3692,1875 3507,1788 3184,1787 3094,1873 2971,1836 2824,1894 2660,1807 2478,1829 2328,1767 2209,1848 2109,1806 1905,1891"/>
                <Baseline points="1920,1964 2008,1960 2096,1957 2184,1954 2272,1952 2360,1950 2448,1948 2536,1947 2624,1946 2712,1944 2800,1944 2888,1942 2976,1940 3064,1938 3152,1936 3240,1934 3328,1931 3416,1928 3504,1926 3592,1922 3680,1916"/>
                <TextEquiv>
                    <Unicode>φεῦ φεῦ· τίς οὕτω δυστυχὴς ἔφυ γυνή;</Unicode>
                </TextEquiv>
            </TextLine>
            <TextLine id="r3l10" custom="readingOrder {index:3;}">
                <Coords points="1675,2306 1801,2365 2121,2279 2783,2279 3016,2361 3235,2278 3548,2351 3762,2308 3761,2193 3362,2146 3127,2206 2962,2118 2598,2215 1674,2209"/>
                <Baseline points="1688,2286 1791,2286 1894,2285 1997,2284 2100,2282 2203,2280 2306,2278 2409,2276 2512,2274 2615,2272 2718,2270 2821,2268 2924,2266 3027,2266 3130,2266 3233,2266 3336,2268 3439,2270 3542,2272 3645,2278 3748,2282"/>
                <TextEquiv>
                    <Unicode>οὐκ ἔστιν, εἰ μὴ τὴν Τύχην αὐτὴν λέγεις.</Unicode>
                </TextEquiv>
            </TextLine>
            <TextLine id="r3l12" custom="readingOrder {index:4;}">
                <Coords points="1933,2677 2046,2730 2344,2612 2452,2668 2855,2609 3769,2652 3850,2622 3847,2460 3435,2495 3324,2411 2797,2537 1930,2523"/>
                <Baseline points="1944,2612 2038,2612 2133,2612 2227,2612 2322,2612 2417,2610 2511,2610 2606,2608 2700,2607 2795,2606 2890,2604 2984,2602 3079,2601 3173,2599 3268,2596 3363,2594 3457,2592 3552,2590 3646,2588 3741,2585 3836,2582"/>
                <TextEquiv>
                    <Unicode>ἀλλ᾽ ὧνπερ οὕνεκ᾽ ἀμφὶ σὸν πίπτω γόνυ</Unicode>
                </TextEquiv>
            </TextLine>
            <TextLine id="r3l16" custom="readingOrder {index:5;}">
                <Coords points="1911,2957 2876,2919 3499,2969 3737,2941 3817,2808 3686,2845 3493,2758 3298,2869 1910,2879"/>
                <Baseline points="1924,2942 2018,2937 2112,2931 2206,2928 2300,2926 2394,2924 2488,2922 2582,2922 2676,2920 2770,2920 2864,2922 2958,2922 3052,2922 3146,2922 3240,2922 3334,2922 3428,2922 3522,2921 3616,2920 3710,2918 3804,2916"/>
                <TextEquiv>
                    <Unicode>ἄκουσον. εἰ μὲν ὅσιά σοι παθεῖν δοκῶ,</Unicode>
                </TextEquiv>
            </TextLine>
            <TextLine id="r3l20" custom="readingOrder {index:6;}">
                <Coords points="1953,3344 2580,3256 3766,3294 3845,3232 3842,3084 3674,3080 3502,3186 3315,3125 2480,3211 2177,3117 1949,3183"/>
                <Baseline points="1964,3282 2057,3277 2150,3272 2244,3268 2337,3265 2431,3260 2524,3258 2617,3255 2711,3252 2804,3250 2898,3248 2991,3246 3084,3244 3178,3242 3271,3240 3365,3240 3458,3238 3551,3236 3645,3236 3738,3234 3832,3232"/>
                <TextEquiv>
                    <Unicode>στέργοιμ᾽ ἄν· εἰ δὲ τοὔμπαλιν, σύ μοι γενοῦ</Unicode>
                </TextEquiv>
            </TextLine>
            <TextLine id="r3l23" custom="readingOrder {index:7;}">
                <Coords points="1935,3596 3250,3616 3497,3559 3595,3623 3804,3520 3803,3434 3685,3399 3337,3489 3242,3433 3040,3523 2679,3471 2495,3534 1933,3471"/>
                <Baseline points="1948,3572 2040,3569 2132,3568 2224,3566 2316,3566 2409,3566 2501,3567 2593,3568 2685,3568 2777,3568 2870,3568 2962,3568 3054,3568 3146,3566 3238,3562 3331,3560 3423,3554 3515,3549 3607,3541 3699,3532 3792,3520"/>
                <TextEquiv>
                    <Unicode>τιμωρὸς ἀνδρός, ἀνοσιωτάτου ξένου,</Unicode>
                </TextEquiv>
            </TextLine>
            <TextLine id="r3l25" custom="readingOrder {index:8;}">
                <Coords points="1919,3967 2325,3912 2926,4012 3434,3919 3696,3978 3831,3943 3830,3833 3618,3854 3349,3771 2901,3853 2668,3767 2494,3858 2203,3776 1918,3876"/>
                <Baseline points="1932,3930 2026,3926 2120,3922 2214,3920 2309,3918 2403,3918 2497,3918 2592,3918 2686,3918 2780,3918 2875,3920 2969,3920 3063,3919 3157,3918 3252,3916 3346,3914 3440,3912 3535,3907 3629,3903 3723,3894 3818,3886"/>
                <TextEquiv>
                    <Unicode>ὃς, οὔτε τοὺς γῆς νέρθεν, οὔτε τοὺς ἄνω </Unicode>
                </TextEquiv>
            </TextLine>
            <TextEquiv>
                <Unicode>ὦ σχετλία σὺ τῶν ἀμετρήτων πόνων.&#13;
ὄλωλα. οὐδὲν Ἀγάμεμνον λοιπόν κακῶν.&#13;
φεῦ φεῦ· τίς οὕτω δυστυχὴς ἔφυ γυνή;&#13;
οὐκ ἔστιν, εἰ μὴ τὴν Τύχην αὐτὴν λέγεις.&#13;
ἀλλ᾽ ὧνπερ οὕνεκ᾽ ἀμφὶ σὸν πίπτω γόνυ&#13;
ἄκουσον. εἰ μὲν ὅσιά σοι παθεῖν δοκῶ,&#13;
στέργοιμ᾽ ἄν· εἰ δὲ τοὔμπαλιν, σύ μοι γενοῦ&#13;
τιμωρὸς ἀνδρός, ἀνοσιωτάτου ξένου,&#13;
ὃς, οὔτε τοὺς γῆς νέρθεν, οὔτε τοὺς ἄνω </Unicode>
            </TextEquiv>
        </TextRegion>
    </Page>
</PcGts>
