<?xml version="1.0" encoding="UTF-8" standalone="yes"?>
<PcGts xmlns="http://schema.primaresearch.org/PAGE/gts/pagecontent/2013-07-15" xmlns:xsi="http://www.w3.org/2001/XMLSchema-instance" xsi:schemaLocation="http://schema.primaresearch.org/PAGE/gts/pagecontent/2013-07-15 http://schema.primaresearch.org/PAGE/gts/pagecontent/2013-07-15/pagecontent.xsd">
    <Metadata>
        <Creator>prov=University of Rostock/Institute of Mathematics/CITlab|PLANET AI GmbH/Gundram Leifert/gundram.leifert@planet-ai.de:name=HPGTR(htr_id=41125)::::v=2.6.7
prov=University of Rostock/Institute of Mathematics/CITlab|PLANET AI GmbH/Tobias Gruening/tobias.gruening@planet-ai.de:name=de.uros.citlab.module.baseline2polygon.B2PSeamMultiOriented:v=2.6.7
prov=University of Rostock/Institute of Mathematics/CITlab|PLANET AI GmbH/Tobias Gruening/tobias.gruening@planet-ai.de:name=/net_tf/LA73_249_0mod360.pb:de.uros.citlab.segmentation.CITlab_LA_ML:v=2.6.7
Transkribus</Creator>
        <Created>2021-09-19T17:37:06.836+03:00</Created>
        <LastChange>2023-06-03T18:40:29.572+02:00</LastChange>
        <TranskribusMetadata docId="1458633" pageId="56018880" pageNr="13" tsid="125462779" status="IN_PROGRESS" userId="99263" imgUrl="https://files.transkribus.eu/Get?id=SFANHLCPKLKXJNOVOXDYSYWS&amp;fileType=view" xmlUrl="https://files.transkribus.eu/Get?id=LKYAPXKEXSDTMPMEMJWZXISV" imageId="23265777"/>
    </Metadata>
    <Page imageFilename="0013_13 Bodleian-Library-MS-Barocci-37_00097_fol-46r.jpg" imageWidth="4193" imageHeight="5590">
        <ReadingOrder>
            <OrderedGroup id="ro_1686139441319" caption="Regions reading order">
                <RegionRefIndexed index="0" regionRef="r1"/>
                <RegionRefIndexed index="1" regionRef="r2"/>
                <RegionRefIndexed index="2" regionRef="r3"/>
                <RegionRefIndexed index="3" regionRef="r4"/>
                <RegionRefIndexed index="4" regionRef="r5"/>
            </OrderedGroup>
        </ReadingOrder>
        <TextRegion orientation="0.0" id="r1" custom="readingOrder {index:0;}">
            <Coords points="36,1728 36,1890 68,1890 68,1728"/>
            <TextEquiv>
                <Unicode></Unicode>
            </TextEquiv>
        </TextRegion>
        <TextRegion orientation="0.0" id="r2" custom="readingOrder {index:1;}">
            <Coords points="34,1132 34,3899 300,3899 300,1132"/>
            <TextEquiv>
                <Unicode></Unicode>
            </TextEquiv>
        </TextRegion>
        <TextRegion orientation="0.0" id="r3" custom="readingOrder {index:2;}">
            <Coords points="420,1132 420,3947 2782,3947 2782,1132"/>
            <TextLine id="r3l1" custom="readingOrder {index:0;}">
                <Coords points="509,1246 1035,1290 1295,1230 1543,1324 1670,1247 2151,1314 2456,1249 2458,1169 2053,1074 1736,1174 1513,1035 922,1112 514,1025"/>
                <Baseline points="524,1202 620,1202 716,1202 812,1202 908,1204 1004,1206 1100,1208 1196,1210 1292,1214 1388,1216 1484,1220 1580,1224 1676,1226 1772,1230 1868,1232 1964,1234 2060,1236 2156,1236 2252,1238 2348,1236 2444,1236"/>
                <TextEquiv>
                    <Unicode>δείσας δέδρακεν ἔργον ἀνοσιώτατον·</Unicode>
                </TextEquiv>
            </TextLine>
            <TextLine id="r3l3" custom="readingOrder {index:1;}">
                <Coords points="495,1581 789,1537 952,1627 1055,1558 1208,1621 1300,1557 1477,1616 1697,1561 1937,1661 2472,1592 2389,1512 2026,1515 1916,1453 1398,1483 1142,1393 1028,1467 939,1405 500,1390"/>
                <Baseline points="510,1528 607,1528 704,1528 802,1528 899,1530 997,1532 1094,1533 1191,1536 1289,1538 1386,1542 1484,1545 1581,1548 1678,1551 1776,1555 1873,1559 1971,1562 2068,1566 2165,1570 2263,1573 2360,1577 2458,1580"/>
                <TextEquiv>
                    <Unicode>κοινῆς τραπέζης πολλάκις τυχὼν ἐμοὶ</Unicode>
                </TextEquiv>
            </TextLine>
            <TextLine id="r3l7" custom="readingOrder {index:2;}">
                <Coords points="486,1918 1832,1888 2305,1976 2644,1922 2646,1831 2200,1758 2004,1834 1514,1823 1407,1735 1320,1803 490,1756"/>
                <Baseline points="500,1868 606,1868 713,1868 819,1869 926,1870 1032,1872 1139,1872 1245,1874 1352,1876 1458,1878 1565,1881 1671,1884 1778,1886 1884,1889 1991,1892 2097,1895 2204,1898 2310,1902 2417,1904 2523,1908 2630,1912"/>
                <TextEquiv>
                    <Unicode>ξενίας τ᾽ ἀριθμῷ πρῶτα τῶν ἐμῶν ξένων·</Unicode>
                </TextEquiv>
            </TextLine>
            <TextLine id="r3l10" custom="readingOrder {index:3;}">
                <Coords points="492,2226 2209,2289 2461,2238 2463,2142 2268,2165 2192,2097 2129,2157 1770,2155 1420,2055 1160,2133 1023,2047 750,2133 495,2061"/>
                <Baseline points="506,2180 603,2185 700,2190 797,2194 894,2198 991,2202 1088,2206 1185,2208 1282,2210 1379,2212 1477,2215 1574,2216 1671,2218 1768,2218 1865,2220 1962,2220 2059,2220 2156,2220 2253,2220 2350,2220 2448,2220"/>
                <TextEquiv>
                    <Unicode>τυχὼν δ᾽ ὅσων δεῖ καὶ λαβὼν προμηθίαν</Unicode>
                </TextEquiv>
            </TextLine>
            <TextLine id="r3l15" custom="readingOrder {index:4;}">
                <Coords points="471,2579 2298,2621 2413,2607 2420,2426 2265,2500 2135,2434 1623,2495 1156,2361 877,2479 583,2356 478,2400"/>
                <Baseline points="488,2508 583,2514 679,2519 775,2524 870,2528 966,2532 1062,2536 1157,2538 1253,2542 1349,2544 1445,2548 1540,2550 1636,2552 1732,2556 1827,2560 1923,2562 2019,2567 2114,2570 2210,2576 2306,2580 2402,2588"/>
                <TextEquiv>
                    <Unicode>ἔκτεινε, τύμβου δ᾽, εἰ κτανεῖν ἐβούλετο,</Unicode>
                </TextEquiv>
            </TextLine>
            <TextLine id="r3l18" custom="readingOrder {index:5;}">
                <Coords points="467,2872 788,2940 1048,2885 1400,2983 1692,2911 2203,2946 2206,2827 1987,2757 1905,2834 1686,2740 1401,2831 1106,2802 971,2686 713,2748 472,2699"/>
                <Baseline points="482,2848 567,2853 652,2856 738,2860 823,2864 909,2867 994,2870 1079,2872 1165,2874 1250,2876 1336,2878 1421,2878 1506,2880 1592,2882 1677,2884 1763,2886 1848,2889 1933,2892 2019,2896 2104,2898 2190,2904"/>
                <TextEquiv>
                    <Unicode>οὐκ ἠξίωσεν ἀλλ᾽ ἀφῆκε πόντιον.</Unicode>
                </TextEquiv>
            </TextLine>
            <TextLine id="r3l20" custom="readingOrder {index:6;}">
                <Coords points="465,3203 1306,3285 2388,3252 2389,3175 2168,3056 1556,3170 1264,3069 1045,3145 719,3053 600,3131 467,3110"/>
                <Baseline points="480,3186 574,3190 669,3192 764,3194 859,3197 954,3200 1048,3202 1143,3205 1238,3208 1333,3210 1428,3212 1522,3214 1617,3216 1712,3218 1807,3218 1902,3220 1996,3220 2091,3220 2186,3220 2281,3218 2376,3218"/>
                <TextEquiv>
                    <Unicode>ἡμεῖς μὲν οὖν δοῦλοί τε κἀσθενεῖς ἴσως·</Unicode>
                </TextEquiv>
            </TextLine>
            <TextLine id="r3l22" custom="readingOrder {index:7;}">
                <Coords points="443,3547 640,3622 707,3564 1248,3558 1421,3660 1538,3599 1631,3658 1847,3557 2159,3609 2542,3554 2543,3472 2335,3407 2122,3467 1962,3374 1690,3474 1227,3392 1096,3469 670,3393 444,3462"/>
                <Baseline points="458,3522 561,3524 665,3525 768,3526 872,3528 975,3530 1079,3530 1182,3532 1286,3534 1389,3534 1493,3536 1596,3536 1700,3536 1803,3536 1907,3536 2010,3536 2114,3534 2217,3532 2321,3530 2424,3528 2528,3524"/>
                <TextEquiv>
                    <Unicode>ἀλλ᾽ οἱ θεοὶ σθένουσι χὠ κείνων κρατῶν</Unicode>
                </TextEquiv>
            </TextLine>
            <TextLine id="r3l24" custom="readingOrder {index:8;}">
                <Coords points="471,3964 1221,3906 1398,4003 1562,3910 2600,3965 2603,3826 2281,3833 2200,3754 2014,3835 1729,3831 1444,3700 1199,3831 475,3794"/>
                <Baseline points="486,3874 591,3874 696,3874 801,3876 906,3878 1011,3880 1116,3882 1221,3884 1326,3887 1431,3889 1537,3892 1642,3894 1747,3898 1852,3900 1957,3902 2062,3906 2167,3908 2272,3909 2377,3910 2482,3912 2588,3912"/>
                <TextEquiv>
                    <Unicode>Νόμος· νόμῳ γὰρ τοὺς θεοὺς ἡγούμεθα </Unicode>
                </TextEquiv>
            </TextLine>
            <TextEquiv>
                <Unicode>δείσας δέδρακεν ἔργον ἀνοσιώτατον·&#13;
κοινῆς τραπέζης πολλάκις τυχὼν ἐμοὶ&#13;
ξενίας τ᾽ ἀριθμῷ πρῶτα τῶν ἐμῶν ξένων·&#13;
τυχὼν δ᾽ ὅσων δεῖ καὶ λαβὼν προμηθίαν&#13;
ἔκτεινε, τύμβου δ᾽, εἰ κτανεῖν ἐβούλετο,&#13;
οὐκ ἠξίωσεν ἀλλ᾽ ἀφῆκε πόντιον.&#13;
ἡμεῖς μὲν οὖν δοῦλοί τε κἀσθενεῖς ἴσως·&#13;
ἀλλ᾽ οἱ θεοὶ σθένουσι χὠ κείνων κρατῶν&#13;
Νόμος· νόμῳ γὰρ τοὺς θεοὺς ἡγούμεθα </Unicode>
            </TextEquiv>
        </TextRegion>
        <TextRegion orientation="0.0" id="r4" custom="readingOrder {index:3;}">
            <Coords points="3406,352 3406,510 3542,510 3542,352"/>
            <TextEquiv>
                <Unicode></Unicode>
            </TextEquiv>
        </TextRegion>
        <TextRegion orientation="0.0" id="r5" custom="readingOrder {index:4;}">
            <Coords points="3940,4566 3940,4725 4028,4725 4028,4566"/>
            <TextEquiv>
                <Unicode></Unicode>
            </TextEquiv>
        </TextRegion>
    </Page>
</PcGts>
