<?xml version="1.0" encoding="UTF-8" standalone="yes"?>
<PcGts xmlns="http://schema.primaresearch.org/PAGE/gts/pagecontent/2013-07-15" xmlns:xsi="http://www.w3.org/2001/XMLSchema-instance" xsi:schemaLocation="http://schema.primaresearch.org/PAGE/gts/pagecontent/2013-07-15 http://schema.primaresearch.org/PAGE/gts/pagecontent/2013-07-15/pagecontent.xsd">
    <Metadata>
        <Creator>prov=University of Rostock/Institute of Mathematics/CITlab|PLANET AI GmbH/Gundram Leifert/gundram.leifert@planet-ai.de:name=HPGTR(htr_id=41125)::::v=2.6.7
prov=University of Rostock/Institute of Mathematics/CITlab|PLANET AI GmbH/Tobias Gruening/tobias.gruening@planet-ai.de:name=de.uros.citlab.module.baseline2polygon.B2PSeamMultiOriented:v=2.6.7
prov=University of Rostock/Institute of Mathematics/CITlab|PLANET AI GmbH/Tobias Gruening/tobias.gruening@planet-ai.de:name=/net_tf/LA73_249_0mod360.pb:de.uros.citlab.segmentation.CITlab_LA_ML:v=2.6.7
Transkribus</Creator>
        <Created>2021-09-19T17:37:08.347+03:00</Created>
        <LastChange>2023-06-03T18:43:00.479+02:00</LastChange>
        <TranskribusMetadata docId="1458633" pageId="56018881" pageNr="14" tsid="125463353" status="IN_PROGRESS" userId="99263" imgUrl="https://files.transkribus.eu/Get?id=ANHEXMGTGBXWZDFBYOQWBFDG&amp;fileType=view" xmlUrl="https://files.transkribus.eu/Get?id=BPAMNWZMARULRUJNFCOMPLMA" imageId="23265778"/>
    </Metadata>
    <Page imageFilename="0014_14 Bodleian-Library-MS-Barocci-37_00098_fol-46v.jpg" imageWidth="4193" imageHeight="5590">
        <ReadingOrder>
            <OrderedGroup id="ro_1686139441569" caption="Regions reading order">
                <RegionRefIndexed index="0" regionRef="r1"/>
                <RegionRefIndexed index="1" regionRef="r2"/>
                <RegionRefIndexed index="2" regionRef="r3"/>
                <RegionRefIndexed index="3" regionRef="r4"/>
                <RegionRefIndexed index="4" regionRef="r8"/>
                <RegionRefIndexed index="5" regionRef="r9"/>
                <RegionRefIndexed index="6" regionRef="r10"/>
                <RegionRefIndexed index="7" regionRef="r11"/>
            </OrderedGroup>
        </ReadingOrder>
        <TextRegion orientation="0.0" id="r1" custom="readingOrder {index:0;}">
            <Coords points="100,894 100,1044 120,1044 120,894"/>
            <TextEquiv>
                <Unicode></Unicode>
            </TextEquiv>
        </TextRegion>
        <TextRegion orientation="0.0" id="r2" custom="readingOrder {index:1;}">
            <Coords points="92,4640 92,5418 164,5418 164,4640"/>
            <TextEquiv>
                <Unicode></Unicode>
            </TextEquiv>
        </TextRegion>
        <TextRegion orientation="0.0" id="r3" custom="readingOrder {index:2;}">
            <Coords points="268,4474 268,4624 288,4624 288,4474"/>
            <TextEquiv>
                <Unicode></Unicode>
            </TextEquiv>
        </TextRegion>
        <TextRegion orientation="0.0" id="r4" custom="readingOrder {index:3;}">
            <Coords points="1790,989 1790,3951 3804,3951 3804,989"/>
            <TextLine id="r4l2" custom="readingOrder {index:0;}">
                <Coords points="1874,1319 3667,1319 3703,1092 3449,1207 3085,1092 2754,1158 2522,1123 2329,1219 2148,1145 1874,1153"/>
                <Baseline points="1886,1286 1976,1284 2066,1284 2156,1284 2247,1282 2337,1282 2427,1280 2518,1280 2608,1278 2698,1278 2789,1278 2879,1278 2969,1278 3059,1278 3150,1278 3240,1279 3330,1280 3421,1282 3511,1284 3601,1288 3692,1292"/>
                <TextEquiv>
                    <Unicode>καὶ ζῶμεν ἄδικα καὶ δίκαι᾽ ὡρισμένοι·</Unicode>
                </TextEquiv>
            </TextLine>
            <TextLine id="r4l5" custom="readingOrder {index:1;}">
                <Coords points="1864,1624 1962,1664 2375,1605 2508,1682 2622,1619 3444,1608 3572,1672 3684,1622 3683,1522 3516,1480 3132,1531 3014,1467 2793,1553 2530,1466 2340,1554 2134,1513 1863,1558"/>
                <Baseline points="1876,1608 1965,1608 2055,1608 2145,1606 2235,1606 2325,1604 2414,1602 2504,1600 2594,1599 2684,1596 2774,1594 2863,1594 2953,1592 3043,1590 3133,1590 3223,1588 3312,1588 3402,1588 3492,1589 3582,1590 3672,1592"/>
                <TextEquiv>
                    <Unicode>ὃς εις σ᾽ ἀνελθὼν εἰ διαφθαρήσεται,</Unicode>
                </TextEquiv>
            </TextLine>
            <TextLine id="r4l7" custom="readingOrder {index:2;}">
                <Coords points="1805,1978 2415,1912 3434,1965 3587,1928 3586,1830 3416,1777 3222,1861 3064,1807 2891,1866 2565,1773 2375,1854 2254,1775 1998,1850 1802,1787"/>
                <Baseline points="1816,1956 1903,1946 1991,1935 2079,1927 2167,1922 2255,1916 2343,1914 2431,1912 2519,1910 2607,1910 2695,1910 2782,1910 2870,1912 2958,1912 3046,1914 3134,1914 3222,1914 3310,1914 3398,1912 3486,1908 3574,1906"/>
                <TextEquiv>
                    <Unicode>καὶ μὴ δίκην δώσουσιν οἵτινες ξένους</Unicode>
                </TextEquiv>
            </TextLine>
            <TextLine id="r4l10" custom="readingOrder {index:3;}">
                <Coords points="1884,2278 2586,2298 2818,2239 2949,2323 3136,2227 3465,2304 3782,2266 3781,2175 3428,2116 3304,2189 2657,2097 2389,2188 1883,2180"/>
                <Baseline points="1896,2260 1989,2260 2083,2260 2177,2258 2270,2258 2364,2255 2458,2253 2551,2250 2645,2248 2739,2246 2833,2242 2926,2241 3020,2239 3114,2238 3207,2237 3301,2236 3395,2238 3488,2239 3582,2242 3676,2244 3770,2250"/>
                <TextEquiv>
                    <Unicode>κτείνουσιν ἢ θεῶν ἱερὰ τολμῶσιν φέρειν,</Unicode>
                </TextEquiv>
            </TextLine>
            <TextLine id="r4l16" custom="readingOrder {index:4;}">
                <Coords points="1866,2630 3610,2611 3700,2592 3699,2490 3554,2445 3252,2527 1865,2530"/>
                <Baseline points="1878,2596 1968,2598 2059,2598 2149,2598 2240,2596 2330,2596 2421,2594 2511,2592 2602,2592 2692,2590 2783,2588 2873,2586 2964,2584 3054,2582 3145,2582 3235,2580 3326,2580 3416,2580 3507,2580 3597,2580 3688,2582"/>
                <TextEquiv>
                    <Unicode>οὐκ ἔστιν οὐδὲν τῶν ἐν ἀνθρώποις ἴσον.</Unicode>
                </TextEquiv>
            </TextLine>
            <TextLine id="r4l18" custom="readingOrder {index:5;}">
                <Coords points="1797,2952 2307,2905 2747,3000 3037,2916 3725,2948 3772,2726 3473,2845 2886,2848 2787,2781 2199,2876 2016,2762 1795,2834"/>
                <Baseline points="1808,2918 1905,2920 2003,2922 2101,2922 2199,2922 2297,2922 2394,2920 2492,2919 2590,2917 2688,2914 2786,2912 2883,2910 2981,2906 3079,2904 3177,2902 3275,2899 3372,2896 3470,2894 3568,2894 3666,2892 3764,2892"/>
                <TextEquiv>
                    <Unicode>τοῦτ᾽ οὖν ἐν αἰσχρῷ θέμενος αἰδέσθητί με·</Unicode>
                </TextEquiv>
            </TextLine>
            <TextLine id="r4l21" custom="readingOrder {index:6;}">
                <Coords points="1876,3255 2069,3217 2284,3284 2678,3211 2898,3281 3268,3276 3463,3216 3793,3244 3793,3141 3380,3165 2990,3077 2858,3154 2577,3072 2484,3161 2132,3094 1875,3172"/>
                <Baseline points="1888,3226 1982,3226 2077,3224 2171,3224 2266,3224 2361,3224 2455,3224 2550,3222 2644,3222 2739,3222 2834,3220 2928,3220 3023,3220 3117,3218 3212,3218 3307,3218 3401,3218 3496,3216 3590,3216 3685,3216 3780,3216"/>
                <TextEquiv>
                    <Unicode>οἴκτειρον ἡμᾶς, ὡς γραφεύς τ᾽ ἀποσταθεὶς</Unicode>
                </TextEquiv>
            </TextLine>
            <TextLine id="r4l25" custom="readingOrder {index:7;}">
                <Coords points="1893,3591 2289,3537 2372,3590 2609,3542 2707,3610 2844,3553 3155,3553 3280,3621 3507,3544 3713,3581 3712,3479 3433,3488 3298,3410 3025,3491 2877,3430 2616,3486 2390,3407 2210,3503 2095,3440 1892,3469"/>
                <Baseline points="1904,3556 1993,3552 2083,3548 2173,3546 2263,3544 2353,3544 2442,3542 2532,3542 2622,3542 2712,3542 2802,3542 2891,3542 2981,3542 3071,3542 3161,3542 3251,3542 3340,3542 3430,3540 3520,3538 3610,3536 3700,3534"/>
                <TextEquiv>
                    <Unicode>ἰδοῦ με κἀνάθρησον οἷ᾽ ἔχω κακά.</Unicode>
                </TextEquiv>
            </TextLine>
            <TextLine id="r4l28" custom="readingOrder {index:8;}">
                <Coords points="1779,3958 2498,3909 2741,4000 2897,3901 3254,3957 3592,3923 3591,3799 3417,3765 3256,3825 3011,3729 2652,3871 2541,3786 1957,3861 1778,3809"/>
                <Baseline points="1790,3922 1879,3916 1969,3912 2058,3906 2148,3904 2237,3900 2327,3898 2416,3898 2506,3896 2595,3896 2685,3896 2774,3898 2864,3898 2953,3898 3043,3898 3132,3900 3222,3900 3311,3900 3401,3900 3490,3900 3580,3898"/>
                <TextEquiv>
                    <Unicode>τύραννος ἦν ποτ᾽, ἀλλὰ νῦν δούλη σέθεν </Unicode>
                </TextEquiv>
            </TextLine>
            <TextEquiv>
                <Unicode>καὶ ζῶμεν ἄδικα καὶ δίκαι᾽ ὡρισμένοι·&#13;
ὃς εις σ᾽ ἀνελθὼν εἰ διαφθαρήσεται,&#13;
καὶ μὴ δίκην δώσουσιν οἵτινες ξένους&#13;
κτείνουσιν ἢ θεῶν ἱερὰ τολμῶσιν φέρειν,&#13;
οὐκ ἔστιν οὐδὲν τῶν ἐν ἀνθρώποις ἴσον.&#13;
τοῦτ᾽ οὖν ἐν αἰσχρῷ θέμενος αἰδέσθητί με·&#13;
οἴκτειρον ἡμᾶς, ὡς γραφεύς τ᾽ ἀποσταθεὶς&#13;
ἰδοῦ με κἀνάθρησον οἷ᾽ ἔχω κακά.&#13;
τύραννος ἦν ποτ᾽, ἀλλὰ νῦν δούλη σέθεν </Unicode>
            </TextEquiv>
        </TextRegion>
        <TextRegion orientation="0.0" id="r8" custom="readingOrder {index:4;}">
            <Coords points="3964,1164 3964,1318 4004,1318 4004,1164"/>
            <TextEquiv>
                <Unicode></Unicode>
            </TextEquiv>
        </TextRegion>
        <TextRegion orientation="0.0" id="r9" custom="readingOrder {index:5;}">
            <Coords points="3988,2154 3988,2304 4012,2304 4012,2154"/>
            <TextEquiv>
                <Unicode></Unicode>
            </TextEquiv>
        </TextRegion>
        <TextRegion orientation="0.0" id="r10" custom="readingOrder {index:6;}">
            <Coords points="3974,1494 3974,1649 4058,1649 4058,1494"/>
            <TextEquiv>
                <Unicode></Unicode>
            </TextEquiv>
        </TextRegion>
        <TextRegion orientation="0.0" id="r11" custom="readingOrder {index:7;}">
            <Coords points="3972,2953 3972,3942 4116,3942 4116,2953"/>
            <TextEquiv>
                <Unicode></Unicode>
            </TextEquiv>
        </TextRegion>
    </Page>
</PcGts>
