<?xml version="1.0" encoding="UTF-8" standalone="yes"?>
<PcGts xmlns="http://schema.primaresearch.org/PAGE/gts/pagecontent/2013-07-15" xmlns:xsi="http://www.w3.org/2001/XMLSchema-instance" xsi:schemaLocation="http://schema.primaresearch.org/PAGE/gts/pagecontent/2013-07-15 http://schema.primaresearch.org/PAGE/gts/pagecontent/2013-07-15/pagecontent.xsd">
    <Metadata>
        <Creator>prov=University of Rostock/Institute of Mathematics/CITlab|PLANET AI GmbH/Gundram Leifert/gundram.leifert@planet-ai.de:name=HPGTR(htr_id=41125)::::v=2.6.7
prov=University of Rostock/Institute of Mathematics/CITlab|PLANET AI GmbH/Tobias Gruening/tobias.gruening@planet-ai.de:name=de.uros.citlab.module.baseline2polygon.B2PSeamMultiOriented:v=2.6.7
prov=University of Rostock/Institute of Mathematics/CITlab|PLANET AI GmbH/Tobias Gruening/tobias.gruening@planet-ai.de:name=/net_tf/LA73_249_0mod360.pb:de.uros.citlab.segmentation.CITlab_LA_ML:v=2.6.7
Transkribus</Creator>
        <Created>2021-09-19T17:37:08.748+03:00</Created>
        <LastChange>2023-06-03T18:46:19.941+02:00</LastChange>
        <TranskribusMetadata docId="1458633" pageId="56018882" pageNr="15" tsid="125464105" status="IN_PROGRESS" userId="99263" imgUrl="https://files.transkribus.eu/Get?id=HOLDWZXDFTHJMRLKCJFCABNV&amp;fileType=view" xmlUrl="https://files.transkribus.eu/Get?id=UFOJFAXENWRIFYZQITALAPJH" imageId="23265779"/>
    </Metadata>
    <Page imageFilename="0015_15 Bodleian-Library-MS-Barocci-37_00099_fol-47r.jpg" imageWidth="4193" imageHeight="5590">
        <ReadingOrder>
            <OrderedGroup id="ro_1686139441816" caption="Regions reading order">
                <RegionRefIndexed index="0" regionRef="r4"/>
                <RegionRefIndexed index="1" regionRef="r3"/>
            </OrderedGroup>
        </ReadingOrder>
        <TextRegion orientation="0.0" id="r4" custom="readingOrder {index:0;}">
            <Coords points="3376,384 3376,534 3440,534 3440,384"/>
            <TextEquiv>
                <Unicode></Unicode>
            </TextEquiv>
        </TextRegion>
        <TextRegion orientation="0.0" id="r3" custom="readingOrder {index:1;}">
            <Coords points="416,933 416,4168 3296,4168 3296,933"/>
            <TextLine id="r3l2" custom="readingOrder {index:0;}">
                <Coords points="426,1225 1454,1315 1562,1251 2919,1279 2920,1155 2752,1062 2363,1167 1766,1052 664,1147 427,1074"/>
                <Baseline points="442,1196 565,1204 688,1210 811,1215 934,1218 1057,1220 1180,1222 1303,1224 1426,1224 1549,1222 1673,1222 1796,1221 1919,1220 2042,1220 2165,1220 2288,1220 2411,1220 2534,1222 2657,1224 2780,1228 2904,1234"/>
                <TextEquiv>
                    <Unicode>εὔπαις ποτ᾽ οὖσα, νῦν δὲ γραῦς ἄπαις θ᾽ ἅμα,</Unicode>
                </TextEquiv>
            </TextLine>
            <TextLine id="r3l4" custom="readingOrder {index:1;}">
                <Coords points="442,1555 956,1624 1461,1547 2169,1634 2492,1576 2492,1465 1932,1394 1627,1473 442,1429"/>
                <Baseline points="456,1538 557,1536 658,1534 759,1532 860,1532 961,1530 1062,1530 1163,1530 1264,1532 1365,1532 1466,1532 1567,1534 1668,1534 1769,1534 1870,1536 1971,1536 2072,1536 2173,1536 2274,1534 2375,1534 2476,1532"/>
                <TextEquiv>
                    <Unicode>ἄπολις ἔρημος ἀθλιωτάτη βροτῶν.</Unicode>
                </TextEquiv>
            </TextLine>
            <TextLine id="r3l8" custom="readingOrder {index:2;}">
                <Coords points="419,1902 2552,1926 2554,1809 2146,1709 1627,1819 747,1755 420,1816"/>
                <Baseline points="436,1862 541,1860 646,1860 751,1858 856,1858 961,1858 1066,1858 1171,1859 1276,1860 1381,1862 1486,1864 1591,1865 1696,1868 1801,1870 1906,1872 2011,1874 2116,1876 2221,1878 2326,1880 2431,1882 2536,1884"/>
                <TextEquiv>
                    <Unicode>οἴμοι τάλαινα, ποῖ μ᾽ ὑπεξάγεις πόδα;</Unicode>
                </TextEquiv>
            </TextLine>
            <TextLine id="r3l11" custom="readingOrder {index:3;}">
                <Coords points="426,2236 891,2225 1026,2288 1957,2231 2097,2319 2298,2256 2300,2090 2207,2070 2080,2162 1745,2100 1566,2169 1268,2145 1031,2072 957,2130 738,2140 662,2066 427,2128"/>
                <Baseline points="442,2204 534,2202 626,2200 718,2200 810,2200 902,2200 994,2200 1086,2202 1178,2204 1270,2206 1363,2208 1455,2210 1547,2212 1639,2213 1731,2214 1823,2214 1915,2215 2007,2214 2099,2212 2191,2210 2284,2208"/>
                <TextEquiv>
                    <Unicode>ἔοικα πράξειν οὐδέν· ὦ τάλαιν᾽ ἐγώ.</Unicode>
                </TextEquiv>
            </TextLine>
            <TextLine id="r3l16" custom="readingOrder {index:4;}">
                <Coords points="1558,2601 1619,2589 1701,2636 1840,2551 1971,2599 2270,2523 2336,2552 2482,2500 2480,2460 2360,2446 2255,2367 1991,2472 1915,2406 1824,2468 1554,2490"/>
                <Baseline points="1570,2546 1614,2544 1659,2540 1704,2537 1749,2534 1794,2532 1838,2528 1883,2526 1928,2524 1973,2522 2018,2520 2062,2518 2107,2518 2152,2516 2197,2516 2242,2514 2286,2514 2331,2514 2376,2515 2421,2516 2466,2518"/>
                <TextEquiv>
                    <Unicode>τἄλλα μὲν μαθήματα</Unicode>
                </TextEquiv>
            </TextLine>
            <TextLine id="r3l17" custom="readingOrder {index:5;}">
                <Coords points="399,2599 464,2574 528,2603 661,2539 728,2576 886,2541 956,2587 1295,2565 1399,2600 1446,2582 1447,2471 1302,2439 1271,2467 1142,2398 1056,2447 958,2400 840,2448 718,2392 400,2463"/>
                <Baseline points="416,2550 466,2546 517,2541 568,2536 619,2534 670,2532 720,2532 771,2532 822,2532 873,2532 924,2534 974,2535 1025,2536 1076,2538 1127,2541 1178,2542 1228,2544 1279,2545 1330,2546 1381,2546 1432,2546"/>
                <TextEquiv>
                    <Unicode>τί δῆτα θνητοὶ  τ</Unicode>
                </TextEquiv>
            </TextLine>
            <TextLine id="r3l21" custom="readingOrder {index:6;}">
                <Coords points="451,2931 903,2885 1263,2944 1387,2880 1854,2960 2076,2899 2495,2939 2495,2853 2369,2822 1734,2840 1590,2753 1377,2818 1014,2809 934,2738 451,2805"/>
                <Baseline points="466,2892 566,2887 667,2883 768,2880 868,2878 969,2876 1070,2874 1170,2872 1271,2872 1372,2872 1473,2872 1573,2874 1674,2874 1775,2876 1875,2877 1976,2878 2077,2880 2177,2882 2278,2884 2379,2886 2480,2888"/>
                <TextEquiv>
                    <Unicode>μοχθοῦμεν ὡς χρὴ πάντα καὶ ματεύομεν,</Unicode>
                </TextEquiv>
            </TextLine>
            <TextLine id="r3l25" custom="readingOrder {index:7;}">
                <Coords points="401,3283 1154,3178 1303,3273 2662,3247 2663,3161 2421,3070 2325,3146 1955,3158 920,3024 804,3120 404,3095"/>
                <Baseline points="418,3202 529,3196 640,3190 752,3187 863,3186 975,3186 1086,3186 1197,3188 1309,3190 1420,3194 1532,3197 1643,3200 1754,3205 1866,3208 1977,3212 2089,3214 2200,3218 2311,3218 2423,3218 2534,3218 2646,3216"/>
                <TextEquiv>
                    <Unicode>Πειθὼ δὲ τὴν τύραννον ἀνθρώποις μόνην</Unicode>
                </TextEquiv>
            </TextLine>
            <TextLine id="r3l27" custom="readingOrder {index:8;}">
                <Coords points="438,3562 2393,3604 2393,3468 2239,3419 1632,3474 1537,3394 903,3492 438,3427"/>
                <Baseline points="452,3546 548,3544 644,3542 740,3540 836,3538 933,3538 1029,3536 1125,3536 1221,3534 1317,3534 1414,3534 1510,3534 1606,3534 1702,3536 1798,3536 1895,3538 1991,3540 2087,3541 2183,3542 2279,3546 2376,3548"/>
                <TextEquiv>
                    <Unicode>οὐδέν τι μᾶλλον ἐς τέλος σπουδάζομεν</Unicode>
                </TextEquiv>
            </TextLine>
            <TextLine id="r3l30" custom="readingOrder {index:9;}">
                <Coords points="427,4003 1735,3898 2443,3934 2566,3807 1353,3839 1186,3730 912,3818 426,3787"/>
                <Baseline points="442,3902 547,3898 653,3895 758,3892 864,3890 969,3888 1075,3886 1180,3886 1286,3884 1391,3884 1497,3884 1602,3884 1708,3884 1813,3884 1919,3884 2024,3884 2130,3884 2235,3884 2341,3882 2446,3882 2552,3882"/>
                <TextEquiv>
                    <Unicode>μισθοὺς διδόντες μανθάνειν, ἵν᾽ ἦν ποτε </Unicode>
                </TextEquiv>
            </TextLine>
            <TextEquiv>
                <Unicode>εὔπαις ποτ᾽ οὖσα, νῦν δὲ γραῦς ἄπαις θ᾽ ἅμα,&#13;
ἄπολις ἔρημος ἀθλιωτάτη βροτῶν.&#13;
οἴμοι τάλαινα, ποῖ μ᾽ ὑπεξάγεις πόδα;&#13;
ἔοικα πράξειν οὐδέν· ὦ τάλαιν᾽ ἐγώ.&#13;
τἄλλα μὲν μαθήματα&#13;
τί δῆτα θνητοὶ  τ&#13;
μοχθοῦμεν ὡς χρὴ πάντα καὶ ματεύομεν,&#13;
Πειθὼ δὲ τὴν τύραννον ἀνθρώποις μόνην&#13;
οὐδέν τι μᾶλλον ἐς τέλος σπουδάζομεν&#13;
μισθοὺς διδόντες μανθάνειν, ἵν᾽ ἦν ποτε </Unicode>
            </TextEquiv>
        </TextRegion>
    </Page>
</PcGts>
