<?xml version="1.0" encoding="UTF-8" standalone="yes"?>
<PcGts xmlns="http://schema.primaresearch.org/PAGE/gts/pagecontent/2013-07-15" xmlns:xsi="http://www.w3.org/2001/XMLSchema-instance" xsi:schemaLocation="http://schema.primaresearch.org/PAGE/gts/pagecontent/2013-07-15 http://schema.primaresearch.org/PAGE/gts/pagecontent/2013-07-15/pagecontent.xsd">
    <Metadata>
        <Creator>prov=University of Rostock/Institute of Mathematics/CITlab|PLANET AI GmbH/Gundram Leifert/gundram.leifert@planet-ai.de:name=HPGTR(htr_id=41125)::::v=2.6.7
prov=University of Rostock/Institute of Mathematics/CITlab|PLANET AI GmbH/Tobias Gruening/tobias.gruening@planet-ai.de:name=de.uros.citlab.module.baseline2polygon.B2PSeamMultiOriented:v=2.6.7
prov=University of Rostock/Institute of Mathematics/CITlab|PLANET AI GmbH/Tobias Gruening/tobias.gruening@planet-ai.de:name=/net_tf/LA73_249_0mod360.pb:de.uros.citlab.segmentation.CITlab_LA_ML:v=2.6.7
Transkribus</Creator>
        <Created>2021-09-19T17:37:09.163+03:00</Created>
        <LastChange>2023-06-03T18:49:33.503+02:00</LastChange>
        <TranskribusMetadata docId="1458633" pageId="56018883" pageNr="16" tsid="125464654" status="IN_PROGRESS" userId="99263" imgUrl="https://files.transkribus.eu/Get?id=IGYZPSBVHEXQTXFNVSSGDFWL&amp;fileType=view" xmlUrl="https://files.transkribus.eu/Get?id=EAOQKYZWLEDORAWBERFGIYXX" imageId="23265780"/>
    </Metadata>
    <Page imageFilename="0016_16 Bodleian-Library-MS-Barocci-37_00100_fol-47v.jpg" imageWidth="4193" imageHeight="5590">
        <ReadingOrder>
            <OrderedGroup id="ro_1686139442010" caption="Regions reading order">
                <RegionRefIndexed index="0" regionRef="r1"/>
                <RegionRefIndexed index="1" regionRef="r2"/>
                <RegionRefIndexed index="2" regionRef="r3"/>
            </OrderedGroup>
        </ReadingOrder>
        <TextRegion orientation="0.0" id="r1" custom="readingOrder {index:0;}">
            <Coords points="74,4651 74,5433 168,5433 168,4651"/>
            <TextEquiv>
                <Unicode></Unicode>
            </TextEquiv>
        </TextRegion>
        <TextRegion orientation="0.0" id="r2" custom="readingOrder {index:1;}">
            <Coords points="274,1356 274,1538 306,1538 306,1356"/>
            <TextEquiv>
                <Unicode></Unicode>
            </TextEquiv>
        </TextRegion>
        <TextRegion orientation="0.0" id="r3" custom="readingOrder {index:2;}">
            <Coords points="1710,912 1710,3919 3760,3919 3760,912"/>
            <TextLine id="r3l7" custom="readingOrder {index:0;}">
                <Coords points="1865,1296 2986,1284 3181,1374 3360,1284 3739,1317 3740,1152 3422,1078 3320,1138 3249,1084 2989,1162 2798,1107 2586,1197 1866,1205"/>
                <Baseline points="1878,1262 1970,1267 2062,1270 2155,1274 2247,1276 2340,1278 2432,1278 2524,1278 2617,1278 2709,1278 2802,1278 2894,1278 2986,1278 3079,1278 3171,1278 3264,1278 3356,1278 3448,1280 3541,1282 3633,1284 3726,1288"/>
                <TextEquiv>
                    <Unicode>πείθειν ἅ τις βούλοιτο τυγχάνειν θ᾽ ἅμα;</Unicode>
                </TextEquiv>
            </TextLine>
            <TextLine id="r3l8" custom="readingOrder {index:1;}">
                <Coords points="1738,1658 2260,1581 2685,1664 2827,1600 2978,1655 3701,1601 3700,1484 3600,1441 3436,1524 3247,1454 3155,1534 2911,1467 2585,1517 2411,1427 2269,1512 1950,1402 1737,1518"/>
                <Baseline points="1750,1630 1846,1617 1943,1608 2040,1602 2137,1595 2234,1591 2331,1588 2428,1586 2525,1586 2622,1586 2719,1587 2815,1588 2912,1590 3009,1592 3106,1594 3203,1594 3300,1596 3397,1596 3494,1596 3591,1594 3688,1592"/>
                <TextEquiv>
                    <Unicode>πως ἔτ᾽ ἄν τις ἐλπίσαι πράξειν καλῶς;</Unicode>
                </TextEquiv>
            </TextLine>
            <TextLine id="r3l9" custom="readingOrder {index:2;}">
                <Coords points="1836,1941 2608,1896 3045,1970 3153,1905 3692,1981 3694,1828 3474,1771 3305,1837 2614,1848 2328,1769 1837,1868"/>
                <Baseline points="1850,1896 1941,1894 2033,1894 2124,1894 2216,1894 2307,1896 2399,1896 2490,1898 2582,1900 2673,1902 2765,1904 2856,1906 2948,1908 3039,1910 3131,1912 3222,1914 3314,1916 3405,1917 3497,1918 3588,1920 3680,1920"/>
                <TextEquiv>
                    <Unicode>οἱ μὲν τοσουτοι παῖδες οὐκέτ᾽ εἰσί μοι,</Unicode>
                </TextEquiv>
            </TextLine>
            <TextLine id="r3l11" custom="readingOrder {index:3;}">
                <Coords points="1827,2247 2369,2250 2573,2321 2827,2242 3120,2324 3426,2245 3749,2347 3749,2103 3675,2093 3011,2199 2168,2125 1827,2173"/>
                <Baseline points="1840,2236 1934,2236 2029,2238 2124,2240 2219,2242 2314,2242 2408,2244 2503,2244 2598,2244 2693,2244 2788,2244 2882,2244 2977,2244 3072,2244 3167,2243 3262,2242 3356,2242 3451,2240 3546,2240 3641,2238 3736,2238"/>
                <TextEquiv>
                    <Unicode>αὐτὴ δ᾽ ἐπ᾽ αἰσχροῖς αἰχμάλωτος οἴχομαι·</Unicode>
                </TextEquiv>
            </TextLine>
            <TextLine id="r3l13" custom="readingOrder {index:4;}">
                <Coords points="1869,2602 3638,2604 3773,2578 3773,2486 3042,2501 2935,2440 2731,2495 2566,2440 2482,2504 2369,2441 2148,2508 1998,2448 1868,2487"/>
                <Baseline points="1882,2576 1975,2573 2069,2571 2163,2570 2257,2568 2351,2566 2445,2565 2539,2564 2633,2564 2727,2562 2821,2562 2914,2562 3008,2562 3102,2562 3196,2562 3290,2562 3384,2562 3478,2562 3572,2562 3666,2562 3760,2564"/>
                <TextEquiv>
                    <Unicode>καπνὸν δὲ πόλεως τόνδ᾽ ὑπερθρῴσκονθ</Unicode>
                </TextEquiv>
            </TextLine>
            <TextLine id="r3l15" custom="readingOrder {index:5;}">
                <Coords points="1848,2957 2678,2888 2864,2954 3279,2888 3633,2938 3656,2760 3386,2768 3312,2834 3055,2771 2951,2829 2844,2768 2650,2832 2457,2748 2352,2835 2192,2799 2047,2863 1848,2784"/>
                <Baseline points="1862,2892 1951,2892 2040,2892 2129,2892 2218,2894 2307,2894 2396,2896 2485,2896 2574,2896 2663,2898 2753,2898 2842,2898 2931,2898 3020,2898 3109,2898 3198,2896 3287,2895 3376,2894 3465,2890 3554,2888 3644,2884"/>
                <TextEquiv>
                    <Unicode>καὶ μὴν ἴσως μὲν τοῦ λόγου κενὸν τόδε,</Unicode>
                </TextEquiv>
            </TextLine>
            <TextLine id="r3l17" custom="readingOrder {index:6;}">
                <Coords points="1845,3312 2004,3234 2313,3268 2386,3211 2908,3243 3072,3325 3216,3231 3739,3276 3736,3072 3562,3156 3467,3111 2895,3164 1842,3083"/>
                <Baseline points="1856,3230 1949,3228 2043,3225 2136,3222 2230,3220 2323,3219 2417,3218 2510,3216 2604,3214 2697,3212 2791,3212 2884,3210 2978,3210 3071,3208 3165,3208 3258,3208 3352,3206 3445,3206 3539,3206 3632,3206 3726,3206"/>
                <TextEquiv>
                    <Unicode>Κύπριν προβάλλειν· ἀλλ᾽ ὅμως εἰρήσεται.</Unicode>
                </TextEquiv>
            </TextLine>
            <TextLine id="r3l19" custom="readingOrder {index:7;}">
                <Coords points="1702,3589 2374,3529 2657,3609 2886,3519 3732,3616 3761,3356 3413,3493 1702,3449"/>
                <Baseline points="1714,3564 1815,3555 1917,3550 2019,3544 2121,3541 2223,3540 2324,3538 2426,3538 2528,3540 2630,3542 2732,3542 2833,3544 2935,3546 3037,3546 3139,3548 3241,3546 3342,3546 3444,3542 3546,3538 3648,3533 3750,3524"/>
                <TextEquiv>
                    <Unicode>πρὸς σοῖσι πλευροῖς παῖς ἐμὴ κοιμίζεται</Unicode>
                </TextEquiv>
            </TextLine>
            <TextLine id="r3l21" custom="readingOrder {index:8;}">
                <Coords points="1810,3904 1959,3966 2207,3874 2967,3947 3415,3898 3596,3959 3761,3888 3705,3718 3546,3809 3339,3764 3060,3814 2931,3703 2675,3842 2512,3780 2395,3848 1809,3792"/>
                <Baseline points="1822,3884 1918,3886 2014,3886 2110,3886 2207,3886 2303,3886 2399,3886 2496,3884 2592,3884 2688,3882 2785,3882 2881,3880 2977,3878 3073,3876 3170,3874 3266,3872 3362,3870 3459,3868 3555,3865 3651,3862 3748,3860"/>
                <TextEquiv>
                    <Unicode>ἡ φοιβάς, ἣν καλοῦσι Κασάνδραν Φρύγες  </Unicode>
                </TextEquiv>
            </TextLine>
            <TextEquiv>
                <Unicode>πείθειν ἅ τις βούλοιτο τυγχάνειν θ᾽ ἅμα;&#13;
πως ἔτ᾽ ἄν τις ἐλπίσαι πράξειν καλῶς;&#13;
οἱ μὲν τοσουτοι παῖδες οὐκέτ᾽ εἰσί μοι,&#13;
αὐτὴ δ᾽ ἐπ᾽ αἰσχροῖς αἰχμάλωτος οἴχομαι·&#13;
καπνὸν δὲ πόλεως τόνδ᾽ ὑπερθρῴσκονθ&#13;
καὶ μὴν ἴσως μὲν τοῦ λόγου κενὸν τόδε,&#13;
Κύπριν προβάλλειν· ἀλλ᾽ ὅμως εἰρήσεται.&#13;
πρὸς σοῖσι πλευροῖς παῖς ἐμὴ κοιμίζεται&#13;
ἡ φοιβάς, ἣν καλοῦσι Κασάνδραν Φρύγες  </Unicode>
            </TextEquiv>
        </TextRegion>
    </Page>
</PcGts>
