<?xml version="1.0" encoding="UTF-8" standalone="yes"?>
<PcGts xmlns="http://schema.primaresearch.org/PAGE/gts/pagecontent/2013-07-15" xmlns:xsi="http://www.w3.org/2001/XMLSchema-instance" xsi:schemaLocation="http://schema.primaresearch.org/PAGE/gts/pagecontent/2013-07-15 http://schema.primaresearch.org/PAGE/gts/pagecontent/2013-07-15/pagecontent.xsd">
    <Metadata>
        <Creator>prov=University of Rostock/Institute of Mathematics/CITlab|PLANET AI GmbH/Gundram Leifert/gundram.leifert@planet-ai.de:name=HPGTR(htr_id=41125)::::v=2.6.7
prov=University of Rostock/Institute of Mathematics/CITlab|PLANET AI GmbH/Tobias Gruening/tobias.gruening@planet-ai.de:name=de.uros.citlab.module.baseline2polygon.B2PSeamMultiOriented:v=2.6.7
prov=University of Rostock/Institute of Mathematics/CITlab|PLANET AI GmbH/Tobias Gruening/tobias.gruening@planet-ai.de:name=/net_tf/LA73_249_0mod360.pb:de.uros.citlab.segmentation.CITlab_LA_ML:v=2.6.7
Transkribus</Creator>
        <Created>2021-09-19T17:37:09.543+03:00</Created>
        <LastChange>2023-06-03T18:51:47.502+02:00</LastChange>
        <TranskribusMetadata docId="1458633" pageId="56018884" pageNr="17" tsid="125465157" status="IN_PROGRESS" userId="99263" imgUrl="https://files.transkribus.eu/Get?id=FSSVHSAZYVSNYXYHEOUIIRDH&amp;fileType=view" xmlUrl="https://files.transkribus.eu/Get?id=YNJNGGWBJPDDYBBOUMALRPWJ" imageId="23265781"/>
    </Metadata>
    <Page imageFilename="0017_17 Bodleian-Library-MS-Barocci-37_00101_fol-48r.jpg" imageWidth="4193" imageHeight="5590">
        <ReadingOrder>
            <OrderedGroup id="ro_1686139442232" caption="Regions reading order">
                <RegionRefIndexed index="0" regionRef="r2"/>
                <RegionRefIndexed index="1" regionRef="r3"/>
                <RegionRefIndexed index="2" regionRef="r4"/>
            </OrderedGroup>
        </ReadingOrder>
        <TextRegion orientation="0.0" id="r2" custom="readingOrder {index:0;}">
            <Coords points="452,909 452,3950 3192,3950 3192,909"/>
            <TextLine id="r2l2" custom="readingOrder {index:0;}">
                <Coords points="490,1263 1025,1286 1352,1208 1635,1273 1888,1205 2518,1274 2521,1064 2337,1165 2078,1066 1875,1151 1502,1109 1366,1161 1235,1071 1057,1088 712,874 494,964"/>
                <Baseline points="502,1263 585,1141 563,1115 688,1228 837,1218 942,1216 1046,1214 1150,1212 1254,1212 1358,1210 1463,1210 1567,1212 1671,1212 1775,1213 1879,1214 1984,1216 2088,1218 2192,1220 2296,1222 2400,1223 2505,1226"/>
                <TextEquiv>
                    <Unicode>ποῦ τὰς φίλας δῆτ᾽ εὐφρόνας δείξεις, ἄναξ;</Unicode>
                </TextEquiv>
            </TextLine>
            <TextLine id="r2l3" custom="readingOrder {index:1;}">
                <Coords points="460,1585 2303,1581 2303,1507 2120,1448 1990,1502 1515,1486 1396,1423 608,1487 460,1394"/>
                <Baseline points="472,1542 562,1542 653,1544 744,1544 835,1544 926,1544 1016,1546 1107,1546 1198,1546 1289,1546 1380,1546 1470,1544 1561,1544 1652,1544 1743,1544 1834,1544 1924,1544 2015,1542 2106,1542 2197,1542 2288,1542"/>
                <TextEquiv>
                    <Unicode>ἦ τῶν ἐν εὐνῇ φιλτάτων ἀσπασμάτων</Unicode>
                </TextEquiv>
            </TextLine>
            <TextLine id="r2l6" custom="readingOrder {index:2;}">
                <Coords points="495,1911 1797,1871 1945,1958 2273,1960 2641,1823 2389,1832 2173,1739 1671,1819 1353,1807 1216,1725 1101,1803 869,1715 497,1762"/>
                <Baseline points="508,1850 614,1850 720,1852 826,1852 932,1854 1038,1856 1144,1859 1250,1862 1356,1864 1462,1867 1568,1870 1674,1872 1780,1874 1886,1876 1992,1876 2098,1878 2204,1878 2310,1876 2416,1874 2522,1872 2628,1868"/>
                <TextEquiv>
                    <Unicode>χάριν τιν᾽ ἕξει παῖς ἐμή, κείνης δ᾽ ἐγώ;</Unicode>
                </TextEquiv>
            </TextLine>
            <TextLine id="r2l9" custom="readingOrder {index:3;}">
                <Coords points="477,2269 840,2212 1270,2284 1378,2217 1776,2283 1945,2213 2105,2279 2531,2234 2616,2141 2253,2145 2085,2064 1664,2159 1406,2081 1277,2159 1146,2069 821,2151 709,2069 476,2076"/>
                <Baseline points="490,2228 595,2222 701,2215 807,2210 912,2207 1018,2204 1124,2204 1229,2202 1335,2202 1441,2204 1547,2204 1652,2206 1758,2206 1864,2208 1969,2208 2075,2208 2181,2208 2286,2206 2392,2204 2498,2200 2604,2196"/>
                <TextEquiv>
                    <Unicode>ἐκ τοῦ σκότους γαρ τῶν τε νυκτέρων πἀνυ</Unicode>
                </TextEquiv>
            </TextLine>
            <TextLine id="r2l11" custom="readingOrder {index:4;}">
                <Coords points="509,2597 1074,2545 1739,2619 2074,2565 2312,2631 2559,2550 2449,2438 2249,2482 1712,2372 1248,2379 1022,2484 749,2386 510,2435"/>
                <Baseline points="522,2546 623,2544 724,2540 825,2538 926,2536 1028,2535 1129,2534 1230,2534 1331,2536 1432,2536 1534,2538 1635,2538 1736,2540 1837,2542 1938,2544 2040,2546 2141,2548 2242,2550 2343,2550 2444,2552 2546,2554"/>
                <TextEquiv>
                    <Unicode>φίλτρων μεγίστη γίγνεται βροτοῖς χάρις.</Unicode>
                </TextEquiv>
            </TextLine>
            <TextLine id="r2l12" custom="readingOrder {index:5;}">
                <Coords points="439,2911 2565,2899 2565,2833 1931,2754 1833,2802 1738,2727 1637,2807 1449,2746 1168,2815 1075,2744 669,2813 439,2728"/>
                <Baseline points="452,2880 557,2878 662,2876 767,2874 872,2873 977,2872 1082,2870 1187,2870 1292,2868 1397,2868 1502,2868 1607,2868 1712,2868 1817,2868 1922,2868 2027,2870 2132,2872 2237,2874 2342,2876 2447,2878 2552,2880"/>
                <TextEquiv>
                    <Unicode>ἄκουε δή νυν· τὸν θανόντα τόνδ᾽ ὁρᾷς;</Unicode>
                </TextEquiv>
            </TextLine>
            <TextLine id="r2l14" custom="readingOrder {index:6;}">
                <Coords points="498,3264 750,3202 1251,3275 1920,3208 2452,3248 2474,3142 2331,3062 1875,3144 1655,3049 1536,3139 1351,3042 944,3145 499,3058"/>
                <Baseline points="512,3186 609,3189 706,3192 804,3194 901,3194 999,3196 1096,3194 1193,3194 1291,3194 1388,3192 1486,3192 1583,3192 1680,3190 1778,3192 1875,3192 1973,3194 2070,3196 2167,3199 2265,3203 2362,3209 2460,3216"/>
                <TextEquiv>
                    <Unicode>τοῦτον καλῶς δρῶν ὄντα κηδεστὴν σέθεν</Unicode>
                </TextEquiv>
            </TextLine>
            <TextLine id="r2l17" custom="readingOrder {index:7;}">
                <Coords points="489,3562 1729,3545 2241,3614 2546,3562 2546,3498 2416,3452 2011,3491 1757,3368 974,3490 667,3375 489,3411"/>
                <Baseline points="502,3514 603,3522 705,3530 806,3536 908,3540 1009,3544 1111,3546 1212,3546 1314,3546 1415,3546 1517,3544 1618,3542 1720,3540 1821,3540 1923,3538 2024,3537 2126,3536 2227,3536 2329,3538 2430,3540 2532,3542"/>
                <TextEquiv>
                    <Unicode>δράσεις. ἑνός μοι μῦθος ἐνδεὴς ἔτι.</Unicode>
                </TextEquiv>
            </TextLine>
            <TextLine id="r2l21" custom="readingOrder {index:8;}">
                <Coords points="535,3968 1749,3903 2200,4006 2438,3925 2486,3845 2162,3794 1762,3834 1610,3745 1372,3819 534,3756"/>
                <Baseline points="548,3914 644,3910 740,3906 836,3902 933,3900 1029,3897 1125,3895 1222,3894 1318,3892 1414,3890 1511,3890 1607,3890 1703,3890 1799,3890 1896,3890 1992,3892 2088,3892 2185,3894 2281,3894 2377,3896 2474,3898"/>
                <TextEquiv>
                    <Unicode>εἴ μοι γένοιτο φθόγγος ἐν βραχίοσιν </Unicode>
                </TextEquiv>
            </TextLine>
            <TextEquiv>
                <Unicode>ποῦ τὰς φίλας δῆτ᾽ εὐφρόνας δείξεις, ἄναξ;&#13;
ἦ τῶν ἐν εὐνῇ φιλτάτων ἀσπασμάτων&#13;
χάριν τιν᾽ ἕξει παῖς ἐμή, κείνης δ᾽ ἐγώ;&#13;
ἐκ τοῦ σκότους γαρ τῶν τε νυκτέρων πἀνυ&#13;
φίλτρων μεγίστη γίγνεται βροτοῖς χάρις.&#13;
ἄκουε δή νυν· τὸν θανόντα τόνδ᾽ ὁρᾷς;&#13;
τοῦτον καλῶς δρῶν ὄντα κηδεστὴν σέθεν&#13;
δράσεις. ἑνός μοι μῦθος ἐνδεὴς ἔτι.&#13;
εἴ μοι γένοιτο φθόγγος ἐν βραχίοσιν </Unicode>
            </TextEquiv>
        </TextRegion>
        <TextRegion orientation="0.0" id="r3" custom="readingOrder {index:1;}">
            <Coords points="3464,346 3464,496 3484,496 3484,346"/>
            <TextEquiv>
                <Unicode></Unicode>
            </TextEquiv>
        </TextRegion>
        <TextRegion orientation="0.0" id="r4" custom="readingOrder {index:2;}">
            <Coords points="3908,546 3908,702 3956,702 3956,546"/>
            <TextEquiv>
                <Unicode></Unicode>
            </TextEquiv>
        </TextRegion>
    </Page>
</PcGts>
