<?xml version="1.0" encoding="UTF-8" standalone="yes"?>
<PcGts xmlns="http://schema.primaresearch.org/PAGE/gts/pagecontent/2013-07-15" xmlns:xsi="http://www.w3.org/2001/XMLSchema-instance" xsi:schemaLocation="http://schema.primaresearch.org/PAGE/gts/pagecontent/2013-07-15 http://schema.primaresearch.org/PAGE/gts/pagecontent/2013-07-15/pagecontent.xsd">
    <Metadata>
        <Creator>prov=University of Rostock/Institute of Mathematics/CITlab|PLANET AI GmbH/Gundram Leifert/gundram.leifert@planet-ai.de:name=HPGTR(htr_id=41125)::::v=2.6.7
prov=University of Rostock/Institute of Mathematics/CITlab|PLANET AI GmbH/Tobias Gruening/tobias.gruening@planet-ai.de:name=de.uros.citlab.module.baseline2polygon.B2PSeamMultiOriented:v=2.6.7
prov=University of Rostock/Institute of Mathematics/CITlab|PLANET AI GmbH/Tobias Gruening/tobias.gruening@planet-ai.de:name=/net_tf/LA73_249_0mod360.pb:de.uros.citlab.segmentation.CITlab_LA_ML:v=2.6.7
Transkribus</Creator>
        <Created>2021-09-19T17:37:09.688+03:00</Created>
        <LastChange>2023-06-03T18:53:59.691+02:00</LastChange>
        <TranskribusMetadata docId="1458633" pageId="56018885" pageNr="18" tsid="125465667" status="IN_PROGRESS" userId="99263" imgUrl="https://files.transkribus.eu/Get?id=SQPTQDMDVULDYOIEIVCXUITJ&amp;fileType=view" xmlUrl="https://files.transkribus.eu/Get?id=HBVGQLSLSUJNTOWSIPFZGKVU" imageId="23265782"/>
    </Metadata>
    <Page imageFilename="0018_18 Bodleian-Library-MS-Barocci-37_00102_fol-48v.jpg" imageWidth="4193" imageHeight="5590">
        <ReadingOrder>
            <OrderedGroup id="ro_1686139442460" caption="Regions reading order">
                <RegionRefIndexed index="0" regionRef="r1"/>
                <RegionRefIndexed index="1" regionRef="r2"/>
                <RegionRefIndexed index="2" regionRef="r3"/>
                <RegionRefIndexed index="3" regionRef="r4"/>
            </OrderedGroup>
        </ReadingOrder>
        <TextRegion orientation="0.0" id="r1" custom="readingOrder {index:0;}">
            <Coords points="70,366 70,1002 120,1002 120,366"/>
            <TextEquiv>
                <Unicode></Unicode>
            </TextEquiv>
        </TextRegion>
        <TextRegion orientation="0.0" id="r2" custom="readingOrder {index:1;}">
            <Coords points="80,4584 80,4734 100,4734 100,4584"/>
            <TextEquiv>
                <Unicode></Unicode>
            </TextEquiv>
        </TextRegion>
        <TextRegion orientation="0.0" id="r3" custom="readingOrder {index:2;}">
            <Coords points="92,5052 92,5430 164,5430 164,5052"/>
            <TextEquiv>
                <Unicode></Unicode>
            </TextEquiv>
        </TextRegion>
        <TextRegion orientation="0.0" id="r4" custom="readingOrder {index:3;}">
            <Coords points="1774,1007 1774,3937 3788,3937 3788,1007"/>
            <TextLine id="r4l3" custom="readingOrder {index:0;}">
                <Coords points="1802,1333 2036,1369 2178,1269 2837,1269 3013,1342 3497,1282 3726,1349 3746,1066 3504,1178 3245,1190 3050,1115 2886,1205 1801,1198"/>
                <Baseline points="1814,1298 1910,1290 2006,1285 2102,1280 2198,1276 2294,1272 2390,1270 2486,1268 2582,1266 2678,1266 2775,1266 2871,1266 2967,1266 3063,1266 3159,1268 3255,1268 3351,1270 3447,1272 3543,1274 3639,1274 3736,1276"/>
                <TextEquiv>
                    <Unicode>κ χερσὶ καὶ κόμαισι καὶ ποδῶν βάσει</Unicode>
                </TextEquiv>
            </TextLine>
            <TextLine id="r4l5" custom="readingOrder {index:1;}">
                <Coords points="1863,1611 3709,1606 3709,1532 3490,1434 3071,1544 2510,1531 2352,1457 2222,1529 1863,1493"/>
                <Baseline points="1876,1590 1967,1590 2058,1590 2149,1588 2240,1588 2331,1588 2422,1588 2513,1586 2604,1586 2695,1586 2786,1584 2877,1584 2968,1584 3059,1584 3150,1584 3241,1584 3332,1584 3423,1584 3514,1585 3605,1586 3696,1588"/>
                <TextEquiv>
                    <Unicode>ἢ Δαιδάλου τέχναισιν ἢ θεῶν τινος,</Unicode>
                </TextEquiv>
            </TextLine>
            <TextLine id="r4l10" custom="readingOrder {index:2;}">
                <Coords points="1866,1958 3007,1908 3111,1981 3778,1919 3777,1833 3623,1719 3080,1848 2927,1759 2773,1847 2563,1797 2480,1850 1865,1855"/>
                <Baseline points="1878,1930 1972,1925 2066,1920 2161,1916 2255,1914 2350,1912 2444,1910 2538,1910 2633,1908 2727,1908 2822,1908 2916,1908 3010,1908 3105,1908 3199,1908 3294,1906 3388,1906 3482,1904 3577,1902 3671,1900 3766,1896"/>
                <TextEquiv>
                    <Unicode>ὡς πάνθ᾽ ὁμαρτῇ σῶν ἔχοιντο γουνάτων</Unicode>
                </TextEquiv>
            </TextLine>
            <TextLine id="r4l12" custom="readingOrder {index:3;}">
                <Coords points="1903,2257 2307,2269 2445,2200 2851,2293 3270,2233 3582,2261 3788,2368 3789,2078 3659,2166 3529,2096 3299,2177 3184,2092 2856,2190 2664,2122 2236,2177 1904,2134"/>
                <Baseline points="1916,2246 2009,2244 2102,2240 2195,2238 2288,2236 2381,2234 2474,2232 2567,2230 2660,2230 2753,2230 2846,2230 2939,2230 3032,2232 3125,2234 3218,2236 3311,2237 3404,2240 3497,2243 3590,2246 3683,2250 3776,2254"/>
                <TextEquiv>
                    <Unicode>κλαίοντ᾽, ἐπισκήπτοντα παντοίους λόγ</Unicode>
                </TextEquiv>
            </TextLine>
            <TextLine id="r4l13" custom="readingOrder {index:4;}">
                <Coords points="1789,2606 3600,2581 3659,2553 3658,2418 3512,2410 3412,2502 3016,2447 2935,2502 2740,2426 2647,2498 2236,2500 2087,2426 1999,2488 1788,2481"/>
                <Baseline points="1800,2582 1892,2573 1984,2568 2076,2561 2169,2558 2261,2556 2353,2554 2446,2554 2538,2554 2630,2554 2723,2556 2815,2556 2907,2556 2999,2558 3092,2558 3184,2556 3276,2556 3369,2553 3461,2549 3553,2542 3646,2536"/>
                <TextEquiv>
                    <Unicode>ὦ δέσποτ᾽, ὦ μέγιστον Ἕλλησι φάος,</Unicode>
                </TextEquiv>
            </TextLine>
            <TextLine id="r4l17" custom="readingOrder {index:5;}">
                <Coords points="1867,2946 2209,2880 2357,2977 2596,2984 3124,2886 3241,2936 3759,2893 3758,2790 3560,2723 3261,2823 2822,2737 2676,2862 2436,2732 2289,2832 2141,2775 1866,2825"/>
                <Baseline points="1878,2892 1971,2894 2064,2894 2158,2896 2251,2896 2345,2896 2438,2896 2531,2896 2625,2896 2718,2894 2812,2894 2905,2892 2998,2890 3092,2889 3185,2887 3279,2884 3372,2882 3465,2880 3559,2876 3652,2874 3746,2870"/>
                <TextEquiv>
                    <Unicode>πιθοῦ, παράσχε χεῖρα τῇ πρεσβύτιδι</Unicode>
                </TextEquiv>
            </TextLine>
            <TextLine id="r4l20" custom="readingOrder {index:6;}">
                <Coords points="1869,3196 2215,3258 3084,3196 3173,3258 3357,3220 3780,3290 3782,3116 3663,3181 3469,3093 2715,3173 2519,3090 2068,3155 1869,3090"/>
                <Baseline points="1880,3204 1974,3206 2068,3206 2163,3206 2257,3206 2352,3206 2446,3208 2540,3208 2635,3208 2729,3209 2824,3210 2918,3210 3012,3212 3107,3212 3201,3214 3296,3214 3390,3216 3484,3216 3579,3218 3673,3220 3768,3222"/>
                <TextEquiv>
                    <Unicode>τιμωρόν, εἰ καὶ μηδέν ἐστιν, ἀλλ᾽ ὅμω</Unicode>
                </TextEquiv>
            </TextLine>
            <TextLine id="r4l22" custom="readingOrder {index:7;}">
                <Coords points="1818,3577 2185,3547 2293,3605 2837,3521 3241,3550 3391,3639 3504,3557 3711,3550 3711,3466 3526,3412 3430,3476 3041,3469 2864,3413 2714,3477 2510,3433 2298,3480 2140,3399 1818,3485"/>
                <Baseline points="1830,3532 1923,3532 2016,3532 2110,3530 2203,3530 2297,3529 2390,3528 2483,3528 2577,3528 2670,3526 2764,3526 2857,3526 2950,3526 3044,3526 3137,3526 3231,3528 3324,3528 3417,3528 3511,3530 3604,3531 3698,3532"/>
                <TextEquiv>
                    <Unicode>ἐσθλοῦ γὰρ ἀνδρὸς τῇ δίκῃ θ᾽ ὑπηρετεῖν</Unicode>
                </TextEquiv>
            </TextLine>
            <TextLine id="r4l24" custom="readingOrder {index:8;}">
                <Coords points="1763,3911 2358,3896 2574,3985 2799,3869 3117,3954 3533,3942 3754,3920 3753,3787 3550,3745 3399,3816 3297,3743 3096,3822 2767,3692 2513,3823 1762,3815"/>
                <Baseline points="1774,3902 1872,3896 1970,3894 2069,3890 2167,3886 2266,3884 2364,3882 2462,3880 2561,3880 2659,3878 2758,3878 2856,3876 2954,3876 3053,3876 3151,3876 3250,3876 3348,3876 3446,3874 3545,3874 3643,3874 3742,3874"/>
                <TextEquiv>
                    <Unicode>καὶ τοὺς κακοὺς δρᾶν πανταχοῦ κακῶς ἀεί.  </Unicode>
                </TextEquiv>
            </TextLine>
            <TextEquiv>
                <Unicode>κ χερσὶ καὶ κόμαισι καὶ ποδῶν βάσει&#13;
ἢ Δαιδάλου τέχναισιν ἢ θεῶν τινος,&#13;
ὡς πάνθ᾽ ὁμαρτῇ σῶν ἔχοιντο γουνάτων&#13;
κλαίοντ᾽, ἐπισκήπτοντα παντοίους λόγ&#13;
ὦ δέσποτ᾽, ὦ μέγιστον Ἕλλησι φάος,&#13;
πιθοῦ, παράσχε χεῖρα τῇ πρεσβύτιδι&#13;
τιμωρόν, εἰ καὶ μηδέν ἐστιν, ἀλλ᾽ ὅμω&#13;
ἐσθλοῦ γὰρ ἀνδρὸς τῇ δίκῃ θ᾽ ὑπηρετεῖν&#13;
καὶ τοὺς κακοὺς δρᾶν πανταχοῦ κακῶς ἀεί.  </Unicode>
            </TextEquiv>
        </TextRegion>
    </Page>
</PcGts>
