<?xml version="1.0" encoding="UTF-8" standalone="yes"?>
<PcGts xmlns="http://schema.primaresearch.org/PAGE/gts/pagecontent/2013-07-15" xmlns:xsi="http://www.w3.org/2001/XMLSchema-instance" xsi:schemaLocation="http://schema.primaresearch.org/PAGE/gts/pagecontent/2013-07-15 http://schema.primaresearch.org/PAGE/gts/pagecontent/2013-07-15/pagecontent.xsd">
    <Metadata>
        <Creator>prov=University of Rostock/Institute of Mathematics/CITlab|PLANET AI GmbH/Gundram Leifert/gundram.leifert@planet-ai.de:name=HPGTR(htr_id=41125)::::v=2.6.7
prov=University of Rostock/Institute of Mathematics/CITlab|PLANET AI GmbH/Tobias Gruening/tobias.gruening@planet-ai.de:name=de.uros.citlab.module.baseline2polygon.B2PSeamMultiOriented:v=2.6.7
prov=University of Rostock/Institute of Mathematics/CITlab|PLANET AI GmbH/Tobias Gruening/tobias.gruening@planet-ai.de:name=/net_tf/LA73_249_0mod360.pb:de.uros.citlab.segmentation.CITlab_LA_ML:v=2.6.7
Transkribus</Creator>
        <Created>2021-09-19T17:37:09.868+03:00</Created>
        <LastChange>2023-06-03T18:55:52.800+02:00</LastChange>
        <TranskribusMetadata docId="1458633" pageId="56018886" pageNr="19" tsid="125466088" status="IN_PROGRESS" userId="99263" imgUrl="https://files.transkribus.eu/Get?id=CJERJOPSCCUVZPBZXBTALFGU&amp;fileType=view" xmlUrl="https://files.transkribus.eu/Get?id=OQZKXHGQOQGDNFEFKJSRCUIQ" imageId="23265783"/>
    </Metadata>
    <Page imageFilename="0019_19 Bodleian-Library-MS-Barocci-37_00103_fol-49r.jpg" imageWidth="4193" imageHeight="5590">
        <ReadingOrder>
            <OrderedGroup id="ro_1686139442688" caption="Regions reading order">
                <RegionRefIndexed index="0" regionRef="r2"/>
                <RegionRefIndexed index="1" regionRef="r4"/>
                <RegionRefIndexed index="2" regionRef="r5"/>
                <RegionRefIndexed index="3" regionRef="r6"/>
            </OrderedGroup>
        </ReadingOrder>
        <TextRegion orientation="0.0" id="r2" custom="readingOrder {index:0;}">
            <Coords points="416,983 416,3998 2622,3998 2622,983"/>
            <TextLine id="r2l3" custom="readingOrder {index:0;}">
                <Coords points="403,1323 2451,1347 2523,1335 2527,1121 1659,1227 406,1118"/>
                <Baseline points="416,1276 520,1274 625,1272 730,1270 834,1270 939,1272 1044,1273 1148,1275 1253,1278 1358,1280 1463,1284 1567,1287 1672,1290 1777,1294 1881,1296 1986,1300 2091,1301 2195,1302 2300,1302 2405,1302 2510,1300"/>
                <TextEquiv>
                    <Unicode>δεινόν γε θνητοῖς ὡς ἅπαντα συμπίτνει,</Unicode>
                </TextEquiv>
            </TextLine>
            <TextLine id="r2l4" custom="readingOrder {index:1;}">
                <Coords points="435,1643 941,1608 1742,1699 1895,1627 2082,1641 2082,1567 1789,1442 1508,1524 1385,1478 1299,1545 1093,1539 1013,1469 879,1541 436,1512"/>
                <Baseline points="448,1628 529,1618 610,1608 691,1601 772,1597 853,1594 934,1592 1015,1590 1096,1590 1177,1592 1258,1594 1339,1596 1420,1598 1501,1602 1582,1604 1663,1607 1744,1610 1825,1610 1906,1612 1987,1612 2068,1610"/>
                <TextEquiv>
                    <Unicode>κ τὰς ἀνάγκας οἱ νόμοι διώρισαν,</Unicode>
                </TextEquiv>
            </TextLine>
            <TextLine id="r2l6" custom="readingOrder {index:2;}">
                <Coords points="471,1933 872,1980 1057,1918 1823,2033 2049,1945 2356,1985 2429,1884 2219,1778 1988,1880 1624,1873 1443,1791 1207,1855 885,1785 472,1845"/>
                <Baseline points="486,1926 582,1924 679,1922 775,1922 872,1922 968,1922 1065,1924 1161,1926 1258,1928 1354,1928 1451,1932 1547,1932 1644,1934 1740,1936 1837,1938 1933,1938 2030,1940 2126,1940 2223,1938 2319,1936 2416,1934"/>
                <TextEquiv>
                    <Unicode>φίλους τιθέντες τούς γε πολεμιωτάτους</Unicode>
                </TextEquiv>
            </TextLine>
            <TextLine id="r2l8" custom="readingOrder {index:3;}">
                <Coords points="463,2353 771,2266 853,2331 2474,2301 2475,2181 2289,2146 2031,2213 1732,2140 1617,2211 1463,2126 932,2203 465,2150"/>
                <Baseline points="478,2242 577,2247 676,2251 775,2254 874,2258 974,2260 1073,2262 1172,2264 1271,2266 1370,2268 1470,2268 1569,2270 1668,2270 1767,2270 1866,2270 1966,2270 2065,2270 2164,2270 2263,2269 2362,2268 2462,2268"/>
                <TextEquiv>
                    <Unicode>ἐχθρούς τε τοὺς πρὶν εὐμενεῖς ποιούμενοι.</Unicode>
                </TextEquiv>
            </TextLine>
            <TextLine id="r2l10" custom="readingOrder {index:4;}">
                <Coords points="492,2645 661,2616 831,2660 1068,2595 1639,2658 1848,2631 1850,2532 1588,2548 1260,2474 1182,2526 1105,2481 826,2537 652,2410 496,2442"/>
                <Baseline points="506,2572 572,2577 638,2581 705,2585 771,2588 838,2590 904,2590 970,2592 1037,2592 1103,2594 1170,2594 1236,2594 1302,2594 1369,2595 1435,2596 1502,2598 1568,2600 1634,2602 1701,2605 1767,2608 1834,2614"/>
                <TextEquiv>
                    <Unicode>ἐγώ σε καὶ παῖδα καὶ τύχας σέθεν,</Unicode>
                </TextEquiv>
            </TextLine>
            <TextLine id="r2l13" custom="readingOrder {index:5;}">
                <Coords points="449,2984 1284,2935 1574,3024 1768,2949 1884,3008 2460,2994 2411,2892 1892,2904 1567,2815 1384,2878 977,2780 630,2881 451,2837"/>
                <Baseline points="462,2932 561,2928 660,2924 759,2922 858,2920 958,2920 1057,2922 1156,2922 1255,2924 1354,2927 1454,2930 1553,2933 1652,2936 1751,2940 1850,2942 1950,2946 2049,2948 2148,2950 2247,2952 2346,2952 2446,2952"/>
                <TextEquiv>
                    <Unicode>Ἑκάβη, δι᾽ οἴκτου χεῖρά θ᾽ ἱκεσίαν ἔχω,</Unicode>
                </TextEquiv>
            </TextLine>
            <TextLine id="r2l15" custom="readingOrder {index:6;}">
                <Coords points="428,3334 623,3269 939,3340 1829,3274 2158,3345 2437,3211 2244,3234 2143,3150 1875,3231 1429,3212 1167,3120 942,3196 429,3147"/>
                <Baseline points="442,3272 541,3268 640,3266 739,3264 838,3262 937,3262 1036,3262 1135,3262 1234,3262 1333,3262 1432,3264 1531,3266 1630,3266 1729,3268 1828,3270 1927,3272 2026,3272 2125,3274 2224,3276 2323,3276 2422,3278"/>
                <TextEquiv>
                    <Unicode>κ βούλομαι θεῶν θ᾽ οὕνεκ᾽ ἀνόσιον ξένον</Unicode>
                </TextEquiv>
            </TextLine>
            <TextLine id="r2l17" custom="readingOrder {index:7;}">
                <Coords points="432,3668 560,3608 1077,3656 1287,3587 1954,3663 2360,3606 2359,3531 2231,3503 1578,3502 1474,3447 1231,3534 1099,3449 979,3523 431,3478"/>
                <Baseline points="446,3620 541,3613 636,3604 731,3598 826,3594 921,3592 1016,3590 1111,3588 1206,3588 1301,3588 1396,3590 1491,3590 1586,3592 1681,3592 1776,3594 1871,3594 1966,3594 2061,3594 2156,3592 2251,3590 2346,3586"/>
                <TextEquiv>
                    <Unicode>κ τοῦ δικαίου τήνδε σοι δοῦναι δίκην,</Unicode>
                </TextEquiv>
            </TextLine>
            <TextLine id="r2l22" custom="readingOrder {index:8;}">
                <Coords points="469,4010 654,3950 1017,4039 1143,3952 2469,4036 2635,3987 2636,3866 1459,3904 1257,3838 954,3880 821,3791 470,3852"/>
                <Baseline points="484,3950 590,3950 697,3950 804,3948 911,3948 1018,3948 1125,3948 1232,3948 1339,3948 1446,3948 1553,3948 1659,3950 1766,3950 1873,3952 1980,3953 2087,3956 2194,3958 2301,3961 2408,3965 2515,3970 2622,3974"/>
                <TextEquiv>
                    <Unicode>εἴ πως φανείη γ᾽ ὥστε σοί τ᾽ ἔχειν καλῶς, </Unicode>
                </TextEquiv>
            </TextLine>
            <TextEquiv>
                <Unicode>δεινόν γε θνητοῖς ὡς ἅπαντα συμπίτνει,&#13;
κ τὰς ἀνάγκας οἱ νόμοι διώρισαν,&#13;
φίλους τιθέντες τούς γε πολεμιωτάτους&#13;
ἐχθρούς τε τοὺς πρὶν εὐμενεῖς ποιούμενοι.&#13;
ἐγώ σε καὶ παῖδα καὶ τύχας σέθεν,&#13;
Ἑκάβη, δι᾽ οἴκτου χεῖρά θ᾽ ἱκεσίαν ἔχω,&#13;
κ βούλομαι θεῶν θ᾽ οὕνεκ᾽ ἀνόσιον ξένον&#13;
κ τοῦ δικαίου τήνδε σοι δοῦναι δίκην,&#13;
εἴ πως φανείη γ᾽ ὥστε σοί τ᾽ ἔχειν καλῶς, </Unicode>
            </TextEquiv>
        </TextRegion>
        <TextRegion orientation="0.0" id="r4" custom="readingOrder {index:1;}">
            <Coords points="3376,336 3376,494 3488,494 3488,336"/>
            <TextEquiv>
                <Unicode></Unicode>
            </TextEquiv>
        </TextRegion>
        <TextRegion orientation="0.0" id="r5" custom="readingOrder {index:2;}">
            <Coords points="3796,362 3796,544 3828,544 3828,362"/>
            <TextEquiv>
                <Unicode></Unicode>
            </TextEquiv>
        </TextRegion>
        <TextRegion orientation="0.0" id="r6" custom="readingOrder {index:3;}">
            <Coords points="3794,22 3794,176 3838,176 3838,22"/>
            <TextEquiv>
                <Unicode></Unicode>
            </TextEquiv>
        </TextRegion>
    </Page>
</PcGts>
