<?xml version="1.0" encoding="UTF-8" standalone="yes"?>
<PcGts xmlns="http://schema.primaresearch.org/PAGE/gts/pagecontent/2013-07-15" xmlns:xsi="http://www.w3.org/2001/XMLSchema-instance" xsi:schemaLocation="http://schema.primaresearch.org/PAGE/gts/pagecontent/2013-07-15 http://schema.primaresearch.org/PAGE/gts/pagecontent/2013-07-15/pagecontent.xsd">
    <Metadata>
        <Creator>prov=University of Rostock/Institute of Mathematics/CITlab|PLANET AI GmbH/Gundram Leifert/gundram.leifert@planet-ai.de:name=HPGTR(htr_id=41125)::::v=2.6.7
prov=University of Rostock/Institute of Mathematics/CITlab|PLANET AI GmbH/Tobias Gruening/tobias.gruening@planet-ai.de:name=de.uros.citlab.module.baseline2polygon.B2PSeamMultiOriented:v=2.6.7
prov=University of Rostock/Institute of Mathematics/CITlab|PLANET AI GmbH/Tobias Gruening/tobias.gruening@planet-ai.de:name=/net_tf/LA73_249_0mod360.pb:de.uros.citlab.segmentation.CITlab_LA_ML:v=2.6.7
Transkribus</Creator>
        <Created>2021-09-19T17:37:10.036+03:00</Created>
        <LastChange>2023-06-03T18:58:08.311+02:00</LastChange>
        <TranskribusMetadata docId="1458633" pageId="56018887" pageNr="20" tsid="125466568" status="IN_PROGRESS" userId="99263" imgUrl="https://files.transkribus.eu/Get?id=UYCQRDRAMMSGZLZLYUBNVEDZ&amp;fileType=view" xmlUrl="https://files.transkribus.eu/Get?id=BRCGCWSLAOTHKVHOUZQXWEQW" imageId="23265784"/>
    </Metadata>
    <Page imageFilename="0020_20 Bodleian-Library-MS-Barocci-37_00104_fol-49v.jpg" imageWidth="4193" imageHeight="5590">
        <ReadingOrder>
            <OrderedGroup id="ro_1686139443050" caption="Regions reading order">
                <RegionRefIndexed index="0" regionRef="r1"/>
                <RegionRefIndexed index="1" regionRef="r2"/>
                <RegionRefIndexed index="2" regionRef="r3"/>
                <RegionRefIndexed index="3" regionRef="r5"/>
            </OrderedGroup>
        </ReadingOrder>
        <TextRegion orientation="0.0" id="r1" custom="readingOrder {index:0;}">
            <Coords points="76,1350 76,1500 96,1500 96,1350"/>
            <TextEquiv>
                <Unicode></Unicode>
            </TextEquiv>
        </TextRegion>
        <TextRegion orientation="0.0" id="r2" custom="readingOrder {index:1;}">
            <Coords points="80,4596 80,4750 120,4750 120,4596"/>
            <TextEquiv>
                <Unicode></Unicode>
            </TextEquiv>
        </TextRegion>
        <TextRegion orientation="0.0" id="r3" custom="readingOrder {index:2;}">
            <Coords points="86,4891 86,5431 168,5431 168,4891"/>
            <TextEquiv>
                <Unicode></Unicode>
            </TextEquiv>
        </TextRegion>
        <TextRegion orientation="0.0" id="r5" custom="readingOrder {index:3;}">
            <Coords points="1744,1074 1744,4000 3750,4000 3750,1074"/>
            <TextLine id="r5l6" custom="readingOrder {index:0;}">
                <Coords points="1811,1415 3073,1325 3498,1414 3705,1365 3705,1215 3581,1171 3192,1247 3046,1184 2810,1257 2509,1209 2292,1285 1811,1266"/>
                <Baseline points="1822,1336 1915,1338 2009,1340 2102,1338 2196,1338 2290,1335 2383,1333 2477,1330 2570,1326 2664,1324 2758,1322 2851,1320 2945,1318 3038,1318 3132,1320 3226,1322 3319,1325 3413,1331 3506,1339 3600,1348 3694,1360"/>
                <TextEquiv>
                    <Unicode>στρατῷ τε μὴ δόξαιμι Κασάνδρας χάριν</Unicode>
                </TextEquiv>
            </TextLine>
            <TextLine id="r5l9" custom="readingOrder {index:1;}">
                <Coords points="1817,1722 1902,1745 2025,1663 2315,1713 3039,1661 3254,1743 3528,1671 3526,1569 3358,1530 3208,1578 3075,1495 2919,1583 2833,1523 2615,1604 2407,1519 2231,1602 1815,1591"/>
                <Baseline points="1828,1656 1912,1660 1996,1662 2081,1664 2165,1664 2250,1664 2334,1664 2418,1664 2503,1663 2587,1662 2672,1660 2756,1658 2840,1656 2925,1653 3009,1651 3094,1648 3178,1646 3262,1644 3347,1644 3431,1642 3516,1642"/>
                <TextEquiv>
                    <Unicode>Θρῄκης ἄνακτι τόνδε βουλεῦσαι φόνον.</Unicode>
                </TextEquiv>
            </TextLine>
            <TextLine id="r5l11" custom="readingOrder {index:2;}">
                <Coords points="1788,2043 2274,2063 3112,1974 3562,2012 3637,2001 3637,1936 3450,1831 3099,1916 2749,1909 2660,1844 2457,1922 2162,1841 1786,1931"/>
                <Baseline points="1800,2006 1891,2000 1982,1995 2073,1991 2164,1987 2256,1983 2347,1980 2438,1977 2529,1976 2620,1974 2712,1972 2803,1970 2894,1970 2985,1970 3076,1970 3168,1971 3259,1972 3350,1974 3441,1976 3532,1978 3624,1982"/>
                <TextEquiv>
                    <Unicode>ἔστιν γὰρ ᾗ ταραγμὸς ἐμπέπτωκέ μοι·</Unicode>
                </TextEquiv>
            </TextLine>
            <TextLine id="r5l15" custom="readingOrder {index:3;}">
                <Coords points="1771,2340 1953,2298 2838,2370 2972,2302 3254,2362 3655,2319 3655,2260 3528,2193 3263,2223 3110,2146 1958,2247 1770,2204"/>
                <Baseline points="1782,2298 1875,2300 1968,2300 2061,2302 2154,2302 2247,2302 2340,2302 2433,2302 2526,2300 2619,2300 2713,2300 2806,2298 2899,2298 2992,2298 3085,2296 3178,2296 3271,2296 3364,2296 3457,2296 3550,2296 3644,2298"/>
                <TextEquiv>
                    <Unicode>τὸν ἄνδρα τοῦτον φίλον ἡγεῖται στρατός,</Unicode>
                </TextEquiv>
            </TextLine>
            <TextLine id="r5l18" custom="readingOrder {index:4;}">
                <Coords points="1775,2667 2492,2633 2641,2715 2915,2616 3103,2676 3625,2657 3625,2516 3475,2501 3231,2550 3093,2482 2932,2569 2410,2509 2329,2577 2184,2531 1919,2570 1775,2506"/>
                <Baseline points="1788,2630 1879,2628 1970,2628 2061,2626 2153,2624 2244,2622 2335,2620 2427,2618 2518,2616 2609,2614 2701,2612 2792,2612 2883,2610 2974,2612 3066,2612 3157,2614 3248,2618 3340,2622 3431,2629 3522,2636 3614,2646"/>
                <TextEquiv>
                    <Unicode>τὸν κατθανόντα δ᾽ ἐχθρόν· εἰ δ᾽ ἐσοὶ φίλος</Unicode>
                </TextEquiv>
            </TextLine>
            <TextLine id="r5l22" custom="readingOrder {index:5;}">
                <Coords points="1761,2957 1935,3033 2153,2986 2251,3053 2629,2977 2866,3033 2994,2965 3687,2978 3686,2895 3564,2848 3024,2880 2778,2822 2174,2930 1760,2902"/>
                <Baseline points="1774,2968 1869,2970 1964,2970 2059,2970 2154,2970 2249,2968 2344,2966 2439,2964 2534,2962 2629,2959 2724,2956 2819,2954 2914,2951 3009,2950 3104,2948 3199,2948 3294,2948 3389,2949 3484,2952 3579,2954 3674,2960"/>
                <TextEquiv>
                    <Unicode>ὅδ᾽ ἐστί, χωρὶς τοῦτο κοὐ κοινὸν στρατῷ.</Unicode>
                </TextEquiv>
            </TextLine>
            <TextLine id="r5l25" custom="readingOrder {index:6;}">
                <Coords points="1793,3315 1915,3369 2171,3285 2476,3353 2556,3284 2782,3332 2859,3275 3155,3348 3411,3268 3668,3335 3762,3302 3761,3217 3029,3218 2765,3137 2535,3219 1919,3170 1791,3218"/>
                <Baseline points="1804,3300 1901,3296 1998,3292 2095,3290 2192,3287 2290,3284 2387,3283 2484,3282 2581,3280 2678,3278 2776,3278 2873,3276 2970,3276 3067,3274 3164,3274 3262,3272 3359,3270 3456,3270 3553,3268 3650,3266 3748,3264"/>
                <TextEquiv>
                    <Unicode>πρὸς ταῦτα φρόντιζ᾽· ὡς θέλοντα μέν μ᾽ ἔχεις</Unicode>
                </TextEquiv>
            </TextLine>
            <TextLine id="r5l27" custom="readingOrder {index:7;}">
                <Coords points="1791,3630 2031,3695 2328,3610 2594,3668 2743,3599 2896,3690 3458,3597 3657,3651 3692,3487 1788,3518"/>
                <Baseline points="1804,3624 1897,3618 1991,3612 2085,3607 2179,3604 2273,3600 2367,3598 2461,3596 2555,3594 2649,3592 2743,3592 2836,3590 2930,3590 3024,3588 3118,3588 3212,3586 3306,3584 3400,3580 3494,3578 3588,3573 3682,3568"/>
                <TextEquiv>
                    <Unicode>σοὶ ξυμπονῆσαι καὶ ταχὺν προσαρκέσαι,</Unicode>
                </TextEquiv>
            </TextLine>
            <TextLine id="r5l30" custom="readingOrder {index:8;}">
                <Coords points="1789,4030 2252,3974 2401,4102 2794,3931 3191,4011 3477,3937 3629,4009 3723,3978 3720,3818 3458,3745 3327,3838 3005,3789 2884,3862 2716,3821 2358,3911 2220,3826 1980,3890 1785,3825"/>
                <Baseline points="1800,3966 1895,3958 1991,3950 2086,3946 2182,3943 2277,3942 2373,3941 2468,3942 2564,3942 2659,3944 2755,3944 2850,3946 2946,3946 3041,3944 3137,3944 3232,3940 3328,3934 3423,3927 3519,3918 3614,3904 3710,3888"/>
                <TextEquiv>
                    <Unicode>βραδὺν δ᾽, Ἀχαιοῖς εἰ διαβληθήσομαι </Unicode>
                </TextEquiv>
            </TextLine>
            <TextEquiv>
                <Unicode>στρατῷ τε μὴ δόξαιμι Κασάνδρας χάριν&#13;
Θρῄκης ἄνακτι τόνδε βουλεῦσαι φόνον.&#13;
ἔστιν γὰρ ᾗ ταραγμὸς ἐμπέπτωκέ μοι·&#13;
τὸν ἄνδρα τοῦτον φίλον ἡγεῖται στρατός,&#13;
τὸν κατθανόντα δ᾽ ἐχθρόν· εἰ δ᾽ ἐσοὶ φίλος&#13;
ὅδ᾽ ἐστί, χωρὶς τοῦτο κοὐ κοινὸν στρατῷ.&#13;
πρὸς ταῦτα φρόντιζ᾽· ὡς θέλοντα μέν μ᾽ ἔχεις&#13;
σοὶ ξυμπονῆσαι καὶ ταχὺν προσαρκέσαι,&#13;
βραδὺν δ᾽, Ἀχαιοῖς εἰ διαβληθήσομαι </Unicode>
            </TextEquiv>
        </TextRegion>
    </Page>
</PcGts>
