<?xml version="1.0" encoding="UTF-8" standalone="yes"?>
<PcGts xmlns="http://schema.primaresearch.org/PAGE/gts/pagecontent/2013-07-15" xmlns:xsi="http://www.w3.org/2001/XMLSchema-instance" xsi:schemaLocation="http://schema.primaresearch.org/PAGE/gts/pagecontent/2013-07-15 http://schema.primaresearch.org/PAGE/gts/pagecontent/2013-07-15/pagecontent.xsd">
    <Metadata>
        <Creator>prov=University of Rostock/Institute of Mathematics/CITlab|PLANET AI GmbH/Gundram Leifert/gundram.leifert@planet-ai.de:name=HPGTR(htr_id=41125)::::v=2.6.7
prov=University of Rostock/Institute of Mathematics/CITlab|PLANET AI GmbH/Tobias Gruening/tobias.gruening@planet-ai.de:name=de.uros.citlab.module.baseline2polygon.B2PSeamMultiOriented:v=2.6.7
prov=University of Rostock/Institute of Mathematics/CITlab|PLANET AI GmbH/Tobias Gruening/tobias.gruening@planet-ai.de:name=/net_tf/LA73_249_0mod360.pb:de.uros.citlab.segmentation.CITlab_LA_ML:v=2.6.7
Transkribus</Creator>
        <Created>2021-09-19T17:37:19.056+03:00</Created>
        <LastChange>2022-04-17T15:43:14.323+02:00</LastChange>
        <TranskribusMetadata docId="1458633" pageId="56018925" pageNr="21" tsid="125126965" status="IN_PROGRESS" userId="99263" imgUrl="https://files.transkribus.eu/Get?id=PDSDWWAPVXYJGGYJZBNOFBSI&amp;fileType=view" xmlUrl="https://files.transkribus.eu/Get?id=GHHTYKWTNUIWNJOJFEOIQSNQ" imageId="23265816"/>
    </Metadata>
    <Page imageFilename="0021_51 Bodleian-Library-MS-Barocci-31_00311_fol-152r.jpg" imageWidth="2093" imageHeight="2490">
        <ReadingOrder>
            <OrderedGroup id="ro_1686139443206" caption="Regions reading order">
                <RegionRefIndexed index="0" regionRef="r1"/>
                <RegionRefIndexed index="1" regionRef="r2"/>
                <RegionRefIndexed index="2" regionRef="r3"/>
                <RegionRefIndexed index="3" regionRef="r4"/>
                <RegionRefIndexed index="4" regionRef="r7"/>
                <RegionRefIndexed index="5" regionRef="r9"/>
            </OrderedGroup>
        </ReadingOrder>
        <TextRegion orientation="0.0" id="r1" custom="readingOrder {index:0;}">
            <Coords points="174,1115 174,1268 192,1268 192,1115"/>
            <TextEquiv>
                <Unicode></Unicode>
            </TextEquiv>
        </TextRegion>
        <TextRegion orientation="0.0" id="r2" custom="readingOrder {index:1;}">
            <Coords points="161,1812 161,1968 224,1968 224,1812"/>
            <TextEquiv>
                <Unicode></Unicode>
            </TextEquiv>
        </TextRegion>
        <TextRegion orientation="0.0" id="r3" custom="readingOrder {index:2;}">
            <Coords points="239,251 239,2008 1397,2008 1397,251"/>
            <TextLine id="r3l2" custom="readingOrder {index:0;}">
                <Coords points="245,483 377,438 485,467 1348,449 1404,434 1403,365 1195,349 919,399 632,351 424,412 243,372"/>
                <Baseline points="251,443 308,441 365,440 422,439 480,438 537,437 594,435 652,434 709,433 766,432 824,431 881,429 938,429 995,428 1053,427 1110,426 1167,426 1225,425 1282,425 1339,425 1397,425"/>
                <TextEquiv>
                    <Unicode>Ηλιας μεν ελθων πρωτον</Unicode>
                </TextEquiv>
            </TextLine>
            <TextLine id="r3l3" custom="readingOrder {index:1;}">
                <Coords points="278,559 1353,511 1327,441 1240,475 1049,453 918,488 517,468 277,497"/>
                <Baseline points="285,528 338,528 391,528 444,528 497,527 550,527 603,525 656,524 709,522 762,521 815,520 868,518 921,516 974,515 1027,513 1080,512 1133,510 1186,510 1239,509 1292,509 1346,507"/>
                <TextEquiv>
                    <Unicode>αποκαθιστα παντα και πως</Unicode>
                </TextEquiv>
            </TextLine>
            <TextLine id="r3l4" custom="readingOrder {index:2;}">
                <Coords points="252,660 794,604 1158,627 1321,604 1319,534 503,580 378,552 250,585"/>
                <Baseline points="258,621 310,618 363,615 416,614 469,612 521,609 574,607 627,605 680,603 732,602 785,601 838,600 891,599 943,597 996,596 1049,595 1102,594 1154,593 1207,591 1260,591 1313,590"/>
                <TextEquiv>
                    <Unicode>γεγραπται επι τον υιο του</Unicode>
                </TextEquiv>
            </TextLine>
            <TextLine id="r3l5" custom="readingOrder {index:3;}">
                <Coords points="276,714 1173,697 1273,687 1324,657 1323,611 1201,641 927,644 864,613 723,656 274,653"/>
                <Baseline points="282,687 333,689 385,690 437,692 489,690 540,690 592,689 644,687 696,686 747,684 799,681 851,680 903,677 954,675 1006,674 1058,673 1110,672 1161,672 1213,672 1265,674 1317,675"/>
                <TextEquiv>
                    <Unicode>ανου ινα πολλα παθη και</Unicode>
                </TextEquiv>
            </TextLine>
            <TextLine id="r3l6" custom="readingOrder {index:4;}">
                <Coords points="272,793 391,824 460,781 730,799 787,763 1140,802 1220,757 1372,759 1371,721 1160,695 623,741 271,712"/>
                <Baseline points="279,773 333,773 387,771 441,771 496,770 550,770 604,768 659,767 713,765 767,765 822,764 876,762 930,761 984,759 1039,758 1093,756 1147,756 1202,755 1256,755 1310,755 1365,755"/>
                <TextEquiv>
                    <Unicode>εξουδενωθη αλλα λεγω υμ</Unicode>
                </TextEquiv>
            </TextLine>
            <TextLine id="r3l7" custom="readingOrder {index:5;}">
                <Coords points="272,879 1331,866 1349,760 1162,805 663,778 595,819 271,827"/>
                <Baseline points="279,860 332,857 385,855 438,853 491,851 545,849 598,848 651,846 704,845 757,843 811,842 864,841 917,840 970,839 1023,839 1077,837 1130,837 1183,837 1236,836 1289,836 1343,836"/>
                <TextEquiv>
                    <Unicode>ότι και Ηλιας εληλυθε και</Unicode>
                </TextEquiv>
            </TextLine>
            <TextLine id="r3l8" custom="readingOrder {index:6;}">
                <Coords points="273,953 1356,926 1355,856 827,892 742,862 562,900 459,866 364,902 272,879"/>
                <Baseline points="279,930 332,930 386,929 439,929 493,927 546,927 600,926 653,926 707,924 760,923 814,922 867,921 921,920 974,920 1028,918 1081,917 1135,917 1188,915 1242,915 1295,914 1349,914"/>
                <TextEquiv>
                    <Unicode>εποιησαν αυτω οσα ηθελης</Unicode>
                </TextEquiv>
            </TextLine>
            <TextLine id="r3l9" custom="readingOrder {index:7;}">
                <Coords points="263,1043 517,1016 623,1062 962,1004 1339,1050 1337,951 1161,935 744,979 659,945 571,983 315,945 262,977"/>
                <Baseline points="270,1016 323,1014 376,1014 429,1014 482,1013 535,1013 588,1011 641,1011 694,1010 747,1010 800,1008 853,1007 906,1007 959,1005 1012,1005 1065,1004 1118,1004 1171,1002 1224,1002 1277,1002 1331,1001"/>
                <TextEquiv>
                    <Unicode>καθως γεγραπται επ αυτόν</Unicode>
                </TextEquiv>
            </TextLine>
            <TextLine id="r3l10" custom="readingOrder {index:8;}">
                <Coords points="231,1094 443,1142 570,1096 763,1140 842,1088 1095,1122 1344,1093 1343,1050 1278,1036 579,1065 230,1035"/>
                <Baseline points="239,1098 293,1098 348,1098 403,1098 458,1097 513,1096 568,1095 623,1094 678,1092 733,1091 788,1089 842,1089 897,1088 952,1086 1007,1085 1062,1083 1117,1083 1172,1082 1227,1082 1282,1082 1337,1082"/>
                <TextEquiv>
                    <Unicode>και ελθων προς τους μαθητας</Unicode>
                </TextEquiv>
            </TextLine>
            <TextLine id="r3l11" custom="readingOrder {index:9;}">
                <Coords points="267,1210 431,1189 576,1233 871,1169 1290,1192 1289,1123 1209,1114 494,1152 266,1127"/>
                <Baseline points="273,1179 323,1181 374,1182 424,1182 475,1184 525,1182 576,1182 626,1181 677,1180 727,1179 778,1178 828,1176 879,1175 929,1173 980,1172 1030,1170 1081,1170 1131,1170 1182,1170 1232,1171 1283,1172"/>
                <TextEquiv>
                    <Unicode>ειδεν οχλον πολυν περι</Unicode>
                </TextEquiv>
            </TextLine>
            <TextLine id="r3l12" custom="readingOrder {index:10;}">
                <Coords points="264,1277 713,1302 864,1257 1306,1265 1353,1261 1352,1202 263,1230"/>
                <Baseline points="270,1260 323,1262 377,1263 431,1263 485,1263 539,1263 592,1263 646,1262 700,1260 754,1260 808,1257 861,1256 915,1254 969,1253 1023,1251 1077,1250 1130,1248 1184,1248 1238,1247 1292,1247 1346,1247"/>
                <TextEquiv>
                    <Unicode>αυτους και γραμματεις συ</Unicode>
                </TextEquiv>
            </TextLine>
            <TextLine id="r3l13" custom="readingOrder {index:11;}">
                <Coords points="274,1364 978,1337 1100,1366 1359,1335 1358,1272 492,1312 272,1282"/>
                <Baseline points="281,1346 334,1344 388,1343 441,1342 495,1341 548,1340 602,1338 655,1338 709,1337 762,1335 816,1335 870,1334 923,1332 977,1331 1030,1331 1084,1329 1137,1328 1191,1326 1244,1325 1298,1323 1352,1322"/>
                <TextEquiv>
                    <Unicode>ζητουντας αυτοις και ευθε</Unicode>
                </TextEquiv>
            </TextLine>
            <TextLine id="r3l14" custom="readingOrder {index:12;}">
                <Coords points="277,1441 606,1419 703,1471 904,1416 1124,1443 1241,1407 1375,1443 1374,1364 1123,1380 970,1337 848,1385 276,1385"/>
                <Baseline points="284,1430 338,1428 392,1427 446,1425 500,1424 555,1422 609,1421 663,1419 717,1418 771,1416 826,1415 880,1413 934,1412 988,1410 1042,1410 1097,1409 1151,1409 1205,1407 1259,1407 1313,1407 1368,1407"/>
                <TextEquiv>
                    <Unicode>ως πας ο οχλος ιδων αυτόν</Unicode>
                </TextEquiv>
            </TextLine>
            <TextLine id="r3l15" custom="readingOrder {index:13;}">
                <Coords points="277,1523 1018,1499 1151,1542 1345,1521 1344,1426 681,1475 276,1457"/>
                <Baseline points="284,1508 336,1506 389,1505 442,1504 494,1503 547,1501 600,1500 652,1499 705,1497 758,1496 811,1494 863,1494 916,1493 969,1493 1021,1491 1074,1491 1127,1491 1179,1491 1232,1493 1285,1494 1338,1496"/>
                <TextEquiv>
                    <Unicode>εξεθαμμηθη και προστρε</Unicode>
                </TextEquiv>
            </TextLine>
            <TextLine id="r3l16" custom="readingOrder {index:14;}">
                <Coords points="277,1642 437,1591 1148,1578 1278,1605 1275,1513 275,1562"/>
                <Baseline points="284,1602 333,1598 382,1595 431,1593 481,1590 530,1589 579,1586 628,1586 678,1584 727,1583 776,1583 825,1581 875,1581 924,1580 973,1580 1022,1578 1072,1578 1121,1577 1170,1575 1219,1574 1269,1571"/>
                <TextEquiv>
                    <Unicode>χοντες ησπαζοντο αυτόν</Unicode>
                </TextEquiv>
            </TextLine>
            <TextLine id="r3l17" custom="readingOrder {index:15;}">
                <Coords points="266,1693 459,1678 537,1719 650,1662 1080,1706 1272,1670 1376,1704 1383,1615 265,1642"/>
                <Baseline points="273,1674 328,1674 383,1673 438,1671 493,1671 549,1670 604,1670 659,1670 714,1668 769,1668 825,1668 880,1668 935,1667 990,1667 1045,1666 1101,1665 1156,1665 1211,1664 1266,1662 1321,1661 1377,1659"/>
                <TextEquiv>
                    <Unicode>και επηρωτησε τους γραμμα</Unicode>
                </TextEquiv>
            </TextLine>
            <TextLine id="r3l19" custom="readingOrder {index:16;}">
                <Coords points="272,1771 572,1751 755,1795 902,1748 1158,1792 1301,1771 1300,1667 979,1716 270,1694"/>
                <Baseline points="279,1757 329,1755 380,1754 431,1754 481,1753 532,1752 583,1752 633,1751 684,1751 735,1749 786,1749 836,1749 887,1748 938,1748 988,1746 1039,1746 1090,1745 1140,1744 1191,1743 1242,1742 1293,1740"/>
                <TextEquiv>
                    <Unicode>τεις τι συζητειτε προς</Unicode>
                </TextEquiv>
            </TextLine>
            <TextLine id="r3l20" custom="readingOrder {index:17;}">
                <Coords points="265,1843 597,1864 870,1828 1077,1861 1312,1829 1339,1783 265,1794"/>
                <Baseline points="273,1836 328,1835 384,1833 440,1833 495,1832 551,1832 607,1830 663,1830 718,1829 774,1829 830,1827 886,1827 941,1826 997,1826 1053,1824 1109,1824 1164,1823 1220,1821 1276,1820 1332,1818"/>
                <TextEquiv>
                    <Unicode>αυτους και αποκριθεις εις</Unicode>
                </TextEquiv>
            </TextLine>
            <TextLine id="r3l21" custom="readingOrder {index:18;}">
                <Coords points="274,1920 341,1951 509,1910 595,1960 755,1909 1350,1914 1348,1832 1298,1818 1036,1869 273,1866"/>
                <Baseline points="282,1913 335,1913 388,1913 441,1913 494,1913 547,1911 600,1911 653,1910 706,1908 759,1907 812,1905 865,1905 918,1902 971,1901 1024,1900 1077,1899 1130,1898 1183,1897 1236,1896 1289,1896 1343,1895"/>
                <TextEquiv>
                    <Unicode>εκ του οχλου ειπε· Διδάσ</Unicode>
                </TextEquiv>
            </TextLine>
            <TextLine id="r3l22" custom="readingOrder {index:19;}">
                <Coords points="278,2040 513,1986 727,2041 870,1980 965,2035 1333,2034 1347,1915 606,1960 277,1923"/>
                <Baseline points="284,1980 336,1985 389,1988 442,1989 495,1991 548,1992 600,1992 653,1992 706,1992 759,1992 812,1991 864,1989 917,1989 970,1988 1023,1986 1076,1985 1128,1985 1181,1983 1234,1983 1287,1983 1340,1985"/>
                <TextEquiv>
                    <Unicode>καλε, ἤνεγκα τὸν υἱόν μου </Unicode>
                </TextEquiv>
            </TextLine>
            <TextEquiv>
                <Unicode>Ηλιας μεν ελθων πρωτον&#13;
αποκαθιστα παντα και πως&#13;
γεγραπται επι τον υιο του&#13;
ανου ινα πολλα παθη και&#13;
εξουδενωθη αλλα λεγω υμ&#13;
ότι και Ηλιας εληλυθε και&#13;
εποιησαν αυτω οσα ηθελης&#13;
καθως γεγραπται επ αυτόν&#13;
και ελθων προς τους μαθητας&#13;
ειδεν οχλον πολυν περι&#13;
αυτους και γραμματεις συ&#13;
ζητουντας αυτοις και ευθε&#13;
ως πας ο οχλος ιδων αυτόν&#13;
εξεθαμμηθη και προστρε&#13;
χοντες ησπαζοντο αυτόν&#13;
και επηρωτησε τους γραμμα&#13;
τεις τι συζητειτε προς&#13;
αυτους και αποκριθεις εις&#13;
εκ του οχλου ειπε· Διδάσ&#13;
καλε, ἤνεγκα τὸν υἱόν μου </Unicode>
            </TextEquiv>
        </TextRegion>
        <TextRegion orientation="0.0" id="r4" custom="readingOrder {index:3;}">
            <Coords points="1353,988 1353,1142 1407,1142 1407,988"/>
            <TextEquiv>
                <Unicode></Unicode>
            </TextEquiv>
        </TextRegion>
        <TextRegion orientation="0.0" id="r7" custom="readingOrder {index:4;}">
            <Coords points="1866,2293 1866,2446 1887,2446 1887,2293"/>
            <TextEquiv>
                <Unicode></Unicode>
            </TextEquiv>
        </TextRegion>
        <TextRegion orientation="0.0" id="r9" custom="readingOrder {index:5;}">
            <Coords points="1935,824 1935,974 1950,974 1950,824"/>
            <TextEquiv>
                <Unicode></Unicode>
            </TextEquiv>
        </TextRegion>
    </Page>
</PcGts>
