<?xml version="1.0" encoding="UTF-8" standalone="yes"?>
<PcGts xmlns="http://schema.primaresearch.org/PAGE/gts/pagecontent/2013-07-15" xmlns:xsi="http://www.w3.org/2001/XMLSchema-instance" xsi:schemaLocation="http://schema.primaresearch.org/PAGE/gts/pagecontent/2013-07-15 http://schema.primaresearch.org/PAGE/gts/pagecontent/2013-07-15/pagecontent.xsd">
    <Metadata>
        <Creator>prov=University of Rostock/Institute of Mathematics/CITlab|PLANET AI GmbH/Gundram Leifert/gundram.leifert@planet-ai.de:name=HPGTR(htr_id=41125)::::v=2.6.7
prov=University of Rostock/Institute of Mathematics/CITlab|PLANET AI GmbH/Tobias Gruening/tobias.gruening@planet-ai.de:name=de.uros.citlab.module.baseline2polygon.B2PSeamMultiOriented:v=2.6.7
prov=University of Rostock/Institute of Mathematics/CITlab|PLANET AI GmbH/Tobias Gruening/tobias.gruening@planet-ai.de:name=/net_tf/LA73_249_0mod360.pb:de.uros.citlab.segmentation.CITlab_LA_ML:v=2.6.7
Transkribus</Creator>
        <Created>2021-09-19T17:37:19.187+03:00</Created>
        <LastChange>2023-06-03T19:04:42.386+02:00</LastChange>
        <TranskribusMetadata docId="1458633" pageId="56018926" pageNr="22" tsid="125467759" status="IN_PROGRESS" userId="99263" imgUrl="https://files.transkribus.eu/Get?id=TSSSWAVTDSVFLITPBSPFBGAY&amp;fileType=view" xmlUrl="https://files.transkribus.eu/Get?id=CXYWVEBPEUKVVZUHUMTTDPGH" imageId="23265817"/>
    </Metadata>
    <Page imageFilename="0022_52 Bodleian-Library-MS-Barocci-31_00312_fol-152v.jpg" imageWidth="2061" imageHeight="2490">
        <ReadingOrder>
            <OrderedGroup id="ro_1686139443350" caption="Regions reading order">
                <RegionRefIndexed index="0" regionRef="r4"/>
            </OrderedGroup>
        </ReadingOrder>
        <TextRegion orientation="0.0" id="r4" custom="readingOrder {index:0;}">
            <Coords points="743,387 743,2026 1857,2026 1857,387"/>
            <TextLine id="r4l2" custom="readingOrder {index:0;}">
                <Coords points="780,455 887,491 965,447 1078,447 1270,503 1371,449 1476,484 1819,469 1829,376 1712,429 1526,381 1170,416 781,396"/>
                <Baseline points="788,441 839,443 891,443 942,444 994,444 1046,444 1097,446 1149,446 1200,446 1252,447 1304,447 1355,447 1407,449 1458,449 1510,450 1562,450 1613,452 1665,453 1716,455 1768,456 1820,459"/>
                <TextEquiv>
                    <Unicode>πρὸς σέ, ἔχοντα πνεῦμα ἄλα</Unicode>
                </TextEquiv>
            </TextLine>
            <TextLine id="r4l3" custom="readingOrder {index:1;}">
                <Coords points="769,562 848,536 998,570 1176,534 1382,567 1438,540 1848,554 1837,503 828,505 770,473"/>
                <Baseline points="777,536 830,536 883,534 936,534 989,533 1043,533 1096,533 1149,533 1202,534 1255,534 1309,535 1362,536 1415,537 1468,537 1521,539 1575,539 1628,540 1681,540 1734,540 1787,542 1841,542"/>
                <TextEquiv>
                    <Unicode>λον. καὶ ὅπου ἂν αὐτὸν κατα</Unicode>
                </TextEquiv>
            </TextLine>
            <TextLine id="r4l4" custom="readingOrder {index:2;}">
                <Coords points="770,618 1047,659 1202,622 1488,653 1595,621 1722,676 1840,639 1840,586 1720,562 1588,593 770,563"/>
                <Baseline points="777,609 829,611 882,612 935,614 988,615 1041,615 1093,615 1146,617 1199,617 1252,617 1305,617 1357,618 1410,618 1463,618 1516,620 1569,620 1621,621 1674,623 1727,624 1780,626 1833,627"/>
                <TextEquiv>
                    <Unicode>λάβῃ, ῥήσσει αὐτόν, καὶ ἀφρί</Unicode>
                </TextEquiv>
            </TextLine>
            <TextLine id="r4l5" custom="readingOrder {index:3;}">
                <Coords points="783,715 1032,700 1190,736 1290,702 1605,731 1713,705 1766,733 1857,712 1858,661 1719,638 1655,667 1552,631 1405,666 1007,637 872,666 784,633"/>
                <Baseline points="791,686 844,689 897,693 950,695 1003,696 1056,698 1109,699 1162,699 1215,699 1268,701 1321,701 1374,701 1427,700 1480,699 1533,699 1586,700 1639,701 1692,701 1745,702 1798,704 1851,705"/>
                <TextEquiv>
                    <Unicode>ζει καὶ τρίζει τοὺς ὀδόντας </Unicode>
                </TextEquiv>
            </TextLine>
            <TextLine id="r4l6" custom="readingOrder {index:4;}">
                <Coords points="768,783 1070,789 1219,833 1291,788 1833,793 1833,748 1760,736 769,744"/>
                <Baseline points="776,774 828,776 881,777 933,779 986,780 1038,780 1091,782 1143,782 1196,783 1248,783 1301,783 1353,785 1406,785 1458,785 1511,786 1563,786 1616,788 1668,789 1721,789 1773,791 1826,792"/>
                <TextEquiv>
                    <Unicode>αὐτοῦ, καὶ ξηραίνεται· καὶ εἶ</Unicode>
                </TextEquiv>
            </TextLine>
            <TextLine id="r4l7" custom="readingOrder {index:5;}">
                <Coords points="774,849 851,881 1359,860 1863,902 1832,843 1594,819 775,826"/>
                <Baseline points="782,849 835,854 889,855 943,857 997,858 1050,860 1104,860 1158,861 1212,861 1265,861 1319,861 1373,863 1427,863 1480,864 1534,864 1588,866 1642,869 1695,871 1749,874 1803,878 1857,884"/>
                <TextEquiv>
                    <Unicode>πον τοῖς μαθηταῖς σου ἵνα </Unicode>
                </TextEquiv>
            </TextLine>
            <TextLine id="r4l8" custom="readingOrder {index:6;}">
                <Coords points="756,942 1594,949 1857,998 1851,901 1444,922 757,887"/>
                <Baseline points="764,933 818,935 872,936 927,937 981,938 1035,939 1090,939 1144,941 1198,941 1253,942 1307,942 1361,944 1416,944 1470,945 1524,945 1579,945 1633,947 1687,947 1742,948 1796,950 1851,950"/>
                <TextEquiv>
                    <Unicode>αὐτὸ ἐκβάλωσι, καὶ οὐκ ἴσχυσαν. </Unicode>
                </TextEquiv>
            </TextLine>
            <TextLine id="r4l9" custom="readingOrder {index:7;}">
                <Coords points="676,1047 808,1015 1134,1054 1338,1027 1692,1074 1836,1040 1837,997 1336,967 913,994 769,940 677,984"/>
                <Baseline points="684,1013 825,1016 881,1017 937,1019 992,1020 1048,1020 1104,1022 1160,1023 1215,1024 1271,1025 1327,1026 1383,1027 1438,1028 1494,1029 1550,1029 1606,1031 1661,1031 1717,1032 1773,1034 1829,1034"/>
                <TextEquiv>
                    <Unicode>ὁ δὲ ἀποκριθεὶς αὐτῷ λέγει· </Unicode>
                </TextEquiv>
            </TextLine>
            <TextLine id="r4l10" custom="readingOrder {index:8;}">
                <Coords points="763,1127 1255,1101 1346,1157 1438,1107 1475,1136 1861,1114 1861,1048 1697,1090 1512,1053 764,1058"/>
                <Baseline points="771,1110 825,1107 879,1106 933,1105 987,1104 1041,1104 1095,1104 1150,1106 1204,1106 1258,1107 1312,1109 1366,1110 1420,1112 1474,1113 1529,1114 1583,1115 1637,1115 1691,1115 1745,1114 1799,1113 1854,1110"/>
                <TextEquiv>
                    <Unicode>Ὦ γενεὰ ἄπιστος, ἕως πότε </Unicode>
                </TextEquiv>
            </TextLine>
            <TextLine id="r4l11" custom="readingOrder {index:9;}">
                <Coords points="781,1207 864,1234 937,1194 1626,1218 1840,1185 1749,1155 782,1146"/>
                <Baseline points="788,1185 840,1187 892,1187 944,1188 996,1190 1049,1190 1101,1191 1153,1193 1205,1193 1257,1194 1310,1196 1362,1196 1414,1197 1466,1197 1518,1199 1571,1199 1623,1199 1675,1199 1727,1199 1779,1199 1832,1197"/>
                <TextEquiv>
                    <Unicode>πρὸς ὑμᾶς ἔσομαι; ἕως πό</Unicode>
                </TextEquiv>
            </TextLine>
            <TextLine id="r4l12" custom="readingOrder {index:10;}">
                <Coords points="796,1267 1090,1325 1167,1286 1235,1331 1360,1289 1553,1337 1822,1293 1803,1231 1105,1245 1018,1202 955,1237 797,1227"/>
                <Baseline points="803,1263 853,1265 904,1265 954,1266 1005,1267 1055,1268 1106,1269 1156,1272 1207,1273 1257,1275 1308,1277 1359,1278 1409,1280 1460,1281 1510,1283 1561,1283 1611,1284 1662,1284 1712,1284 1763,1283 1814,1283"/>
                <TextEquiv>
                    <Unicode>τε ἀνέξομαι ὑμῶν; φέρετε </Unicode>
                </TextEquiv>
            </TextLine>
            <TextLine id="r4l13" custom="readingOrder {index:11;}">
                <Coords points="774,1350 1056,1362 1111,1398 1198,1360 1830,1374 1831,1330 1768,1316 775,1309"/>
                <Baseline points="782,1338 834,1341 886,1343 938,1346 990,1347 1042,1349 1094,1352 1146,1352 1198,1355 1250,1355 1302,1357 1354,1358 1406,1359 1458,1361 1510,1361 1562,1361 1614,1362 1666,1362 1718,1362 1770,1362 1823,1362"/>
                <TextEquiv>
                    <Unicode>αὐτὸν πρός με. καὶ ἤνεγκαν </Unicode>
                </TextEquiv>
            </TextLine>
            <TextLine id="r4l14" custom="readingOrder {index:12;}">
                <Coords points="772,1442 1592,1472 1816,1465 1817,1422 1676,1370 1612,1415 773,1373"/>
                <Baseline points="779,1422 830,1425 882,1428 933,1430 985,1431 1036,1433 1088,1434 1139,1435 1191,1436 1242,1437 1294,1439 1345,1439 1397,1440 1448,1440 1500,1442 1551,1442 1603,1442 1654,1443 1706,1443 1757,1444 1809,1445"/>
                <TextEquiv>
                    <Unicode>αὐτὸν πρὸς αὐτόν. καὶ ἰδὼν </Unicode>
                </TextEquiv>
            </TextLine>
            <TextLine id="r4l15" custom="readingOrder {index:13;}">
                <Coords points="781,1543 1423,1527 1592,1564 1641,1529 1785,1537 1786,1500 1610,1462 1479,1496 782,1467"/>
                <Baseline points="788,1512 837,1514 887,1514 936,1515 986,1515 1035,1517 1085,1518 1134,1518 1184,1520 1233,1521 1283,1521 1332,1523 1382,1524 1431,1524 1481,1526 1530,1526 1580,1526 1629,1527 1679,1527 1728,1527 1778,1527"/>
                <TextEquiv>
                    <Unicode>αὐτὸν εὐθέως τὸ πνεῦμα </Unicode>
                </TextEquiv>
            </TextLine>
            <TextLine id="r4l16" custom="readingOrder {index:14;}">
                <Coords points="768,1597 1137,1659 1221,1606 1677,1632 1799,1622 1801,1534 1496,1587 769,1534"/>
                <Baseline points="776,1595 826,1593 877,1593 928,1595 979,1595 1030,1596 1081,1598 1131,1598 1182,1600 1233,1602 1284,1602 1335,1605 1386,1605 1437,1607 1487,1608 1538,1608 1589,1608 1640,1608 1691,1608 1742,1607 1793,1605"/>
                <TextEquiv>
                    <Unicode>ἐσπάραξεν αὐτόν, καὶ πεσὼν </Unicode>
                </TextEquiv>
            </TextLine>
            <TextLine id="r4l17" custom="readingOrder {index:15;}">
                <Coords points="774,1694 1221,1683 1474,1720 1638,1695 1712,1743 1824,1705 1825,1659 775,1629"/>
                <Baseline points="782,1683 833,1683 885,1685 937,1685 989,1685 1040,1686 1092,1688 1144,1688 1196,1689 1247,1690 1299,1691 1351,1692 1403,1694 1454,1694 1506,1695 1558,1695 1610,1695 1661,1697 1713,1697 1765,1696 1817,1695"/>
                <TextEquiv>
                    <Unicode>ἐπὶ τῆς γῆς ἐκυλίετο ἀφρί</Unicode>
                </TextEquiv>
            </TextLine>
            <TextLine id="r4l18" custom="readingOrder {index:16;}">
                <Coords points="790,1793 1792,1777 1764,1722 1032,1747 918,1717 860,1741 790,1704"/>
                <Baseline points="798,1770 847,1772 896,1772 946,1772 995,1772 1044,1772 1094,1772 1143,1772 1192,1772 1242,1772 1291,1770 1340,1770 1390,1770 1439,1770 1488,1769 1538,1769 1587,1769 1636,1770 1686,1770 1735,1772 1785,1773"/>
                <TextEquiv>
                    <Unicode>ζων. καὶ ἐπηρώτησε τον</Unicode>
                </TextEquiv>
            </TextLine>
            <TextLine id="r4l19" custom="readingOrder {index:17;}">
                <Coords points="782,1831 1029,1876 1436,1848 1507,1890 1794,1863 1825,1793 1220,1827 782,1799"/>
                <Baseline points="789,1835 840,1839 891,1840 943,1842 994,1844 1046,1845 1097,1846 1148,1847 1200,1847 1251,1847 1303,1847 1354,1847 1405,1847 1457,1847 1508,1847 1560,1847 1611,1848 1662,1848 1714,1848 1765,1849 1817,1850"/>
                <TextEquiv>
                    <Unicode>πρα αὐτοῦ· Πόσος χρόνος </Unicode>
                </TextEquiv>
            </TextLine>
            <TextLine id="r4l20" custom="readingOrder {index:18;}">
                <Coords points="766,1920 855,1959 941,1921 1352,1924 1465,1966 1845,1929 1845,1895 1708,1884 1044,1897 767,1851"/>
                <Baseline points="773,1919 826,1920 879,1922 932,1922 986,1922 1039,1923 1092,1923 1145,1923 1199,1923 1252,1923 1305,1923 1358,1923 1412,1923 1465,1923 1518,1925 1571,1925 1625,1925 1678,1926 1731,1926 1784,1928 1838,1929"/>
                <TextEquiv>
                    <Unicode>ἐστὶν ὡς τοῦτο γέγονεν αὐτῷ; </Unicode>
                </TextEquiv>
            </TextLine>
            <TextLine id="r4l21" custom="readingOrder {index:19;}">
                <Coords points="736,2064 945,2025 1190,2039 1319,1993 1800,2023 1791,1932 1705,1970 1554,1937 1414,1965 1336,1926 1167,1972 735,1951"/>
                <Baseline points="743,2003 794,2004 845,2004 897,2004 948,2004 1000,2004 1051,2003 1103,2002 1154,2001 1206,2000 1257,1998 1308,1997 1360,1997 1411,1997 1463,1997 1514,1997 1566,1998 1617,1999 1669,2001 1734,2001 1792,1958"/>
                <TextEquiv>
                    <Unicode>ὁ δὲ εἶπε· παιδιόθεν. καὶ  </Unicode>
                </TextEquiv>
            </TextLine>
            <TextEquiv>
                <Unicode>πρὸς σέ, ἔχοντα πνεῦμα ἄλα&#13;
λον. καὶ ὅπου ἂν αὐτὸν κατα&#13;
λάβῃ, ῥήσσει αὐτόν, καὶ ἀφρί&#13;
ζει καὶ τρίζει τοὺς ὀδόντας &#13;
αὐτοῦ, καὶ ξηραίνεται· καὶ εἶ&#13;
πον τοῖς μαθηταῖς σου ἵνα &#13;
αὐτὸ ἐκβάλωσι, καὶ οὐκ ἴσχυσαν. &#13;
ὁ δὲ ἀποκριθεὶς αὐτῷ λέγει· &#13;
Ὦ γενεὰ ἄπιστος, ἕως πότε &#13;
πρὸς ὑμᾶς ἔσομαι; ἕως πό&#13;
τε ἀνέξομαι ὑμῶν; φέρετε &#13;
αὐτὸν πρός με. καὶ ἤνεγκαν &#13;
αὐτὸν πρὸς αὐτόν. καὶ ἰδὼν &#13;
αὐτὸν εὐθέως τὸ πνεῦμα &#13;
ἐσπάραξεν αὐτόν, καὶ πεσὼν &#13;
ἐπὶ τῆς γῆς ἐκυλίετο ἀφρί&#13;
ζων. καὶ ἐπηρώτησε τον&#13;
πρα αὐτοῦ· Πόσος χρόνος &#13;
ἐστὶν ὡς τοῦτο γέγονεν αὐτῷ; &#13;
ὁ δὲ εἶπε· παιδιόθεν. καὶ  </Unicode>
            </TextEquiv>
        </TextRegion>
    </Page>
</PcGts>
