<?xml version="1.0" encoding="UTF-8" standalone="yes"?>
<PcGts xmlns="http://schema.primaresearch.org/PAGE/gts/pagecontent/2013-07-15" xmlns:xsi="http://www.w3.org/2001/XMLSchema-instance" xsi:schemaLocation="http://schema.primaresearch.org/PAGE/gts/pagecontent/2013-07-15 http://schema.primaresearch.org/PAGE/gts/pagecontent/2013-07-15/pagecontent.xsd">
    <Metadata>
        <Creator>prov=University of Rostock/Institute of Mathematics/CITlab|PLANET AI GmbH/Gundram Leifert/gundram.leifert@planet-ai.de:name=HPGTR(htr_id=41125)::::v=2.6.7
prov=University of Rostock/Institute of Mathematics/CITlab|PLANET AI GmbH/Tobias Gruening/tobias.gruening@planet-ai.de:name=de.uros.citlab.module.baseline2polygon.B2PSeamMultiOriented:v=2.6.7
prov=University of Rostock/Institute of Mathematics/CITlab|PLANET AI GmbH/Tobias Gruening/tobias.gruening@planet-ai.de:name=/net_tf/LA73_249_0mod360.pb:de.uros.citlab.segmentation.CITlab_LA_ML:v=2.6.7
Transkribus</Creator>
        <Created>2021-09-19T17:37:19.332+03:00</Created>
        <LastChange>2023-06-03T19:07:47.802+02:00</LastChange>
        <TranskribusMetadata docId="1458633" pageId="56018928" pageNr="23" tsid="125468435" status="IN_PROGRESS" userId="99263" imgUrl="https://files.transkribus.eu/Get?id=GWPOBBGYROFTXOMLJVBZQBTA&amp;fileType=view" xmlUrl="https://files.transkribus.eu/Get?id=VZHTLGPJOQHCMZYMTTKHBKZV" imageId="23265818"/>
    </Metadata>
    <Page imageFilename="0023_53 Bodleian-Library-MS-Barocci-31_00313_fol-153r.jpg" imageWidth="2093" imageHeight="2490">
        <ReadingOrder>
            <OrderedGroup id="ro_1686139443480" caption="Regions reading order">
                <RegionRefIndexed index="0" regionRef="r1"/>
                <RegionRefIndexed index="1" regionRef="r2"/>
                <RegionRefIndexed index="2" regionRef="r4"/>
            </OrderedGroup>
        </ReadingOrder>
        <TextRegion orientation="0.0" id="r1" custom="readingOrder {index:0;}">
            <Coords points="186,1604 186,1754 237,1754 237,1604"/>
            <TextEquiv>
                <Unicode></Unicode>
            </TextEquiv>
        </TextRegion>
        <TextRegion orientation="0.0" id="r2" custom="readingOrder {index:1;}">
            <Coords points="257,400 257,2027 1376,2027 1376,400"/>
            <TextLine id="r2l1" custom="readingOrder {index:0;}">
                <Coords points="290,438 427,465 1113,439 1151,468 1269,440 1383,503 1384,402 1246,378 947,411 290,386"/>
                <Baseline points="296,438 350,438 404,440 458,440 512,440 566,440 620,440 674,440 728,440 782,440 836,440 890,440 944,440 998,440 1052,440 1106,440 1160,440 1214,440 1268,441 1322,441 1376,443"/>
                <TextEquiv>
                    <Unicode>πολλάκις αὐτὸν καὶ εἰς το πῦρ </Unicode>
                </TextEquiv>
            </TextLine>
            <TextLine id="r2l2" custom="readingOrder {index:1;}">
                <Coords points="283,533 627,568 858,532 1356,554 1340,476 1036,502 886,455 408,504 283,459"/>
                <Baseline points="290,528 345,531 401,533 457,534 512,536 568,536 624,536 680,534 735,534 791,533 847,531 903,531 958,530 1014,530 1070,528 1126,528 1181,529 1237,530 1293,531 1349,534"/>
                <TextEquiv>
                    <Unicode>ἔβαλε καὶ εἰς ὕδατα, ἵνα ἀ</Unicode>
                </TextEquiv>
            </TextLine>
            <TextLine id="r2l3" custom="readingOrder {index:2;}">
                <Coords points="286,614 467,645 1256,618 1361,644 1361,583 1252,537 1137,590 998,556 941,589 442,557 286,584"/>
                <Baseline points="293,615 346,617 399,618 452,618 505,618 558,618 611,618 664,618 717,618 770,618 824,618 877,618 930,618 983,618 1036,618 1089,618 1142,618 1195,620 1248,620 1301,621 1355,623"/>
                <TextEquiv>
                    <Unicode>πολέσει αὐτόν· ἀλλ' εἴ τι δύ</Unicode>
                </TextEquiv>
            </TextLine>
            <TextLine id="r2l4" custom="readingOrder {index:3;}">
                <Coords points="274,723 1346,721 1362,644 274,668"/>
                <Baseline points="281,699 334,699 388,699 442,699 495,699 549,699 603,699 656,699 710,699 764,699 818,699 871,699 925,699 979,699 1032,699 1086,699 1140,699 1193,699 1247,701 1301,701 1355,701"/>
                <TextEquiv>
                    <Unicode>νασαι, βοήθησον ἡμῖν σπλαγ</Unicode>
                </TextEquiv>
            </TextLine>
            <TextLine id="r2l5" custom="readingOrder {index:4;}">
                <Coords points="263,831 544,779 675,783 751,836 839,781 933,811 1100,778 1248,798 1362,786 1362,749 1177,750 1101,713 924,752 851,716 635,752 262,720"/>
                <Baseline points="269,782 323,783 377,783 431,783 486,783 540,783 594,783 649,783 703,782 757,782 812,782 866,782 920,782 974,780 1029,780 1083,780 1137,780 1192,780 1246,780 1300,780 1355,780"/>
                <TextEquiv>
                    <Unicode>χνισθεὶς ἐφ' ἡμᾶς. ὁ δὲ Ἰς εἶ</Unicode>
                </TextEquiv>
            </TextLine>
            <TextLine id="r2l6" custom="readingOrder {index:5;}">
                <Coords points="289,879 1337,873 1350,824 986,835 904,788 756,832 289,826"/>
                <Baseline points="296,858 348,858 400,860 453,860 505,860 557,860 610,860 662,860 714,860 767,860 819,861 871,861 924,861 976,861 1028,861 1081,862 1133,863 1185,863 1238,863 1290,864 1343,864"/>
                <TextEquiv>
                    <Unicode>πεν αὐτῷ· Τὸ εἰ δύνασαι πι</Unicode>
                </TextEquiv>
            </TextLine>
            <TextLine id="r2l7" custom="readingOrder {index:6;}">
                <Coords points="277,953 734,973 1076,938 1325,977 1343,909 972,912 901,870 855,907 389,877 277,905"/>
                <Baseline points="284,936 336,936 389,936 441,936 494,936 546,936 599,936 651,937 704,938 756,938 809,938 862,939 914,939 967,939 1019,941 1072,941 1124,941 1177,941 1229,942 1282,942 1335,942"/>
                <TextEquiv>
                    <Unicode>στεῦσαι, πάντα δυνατὰ τῷ </Unicode>
                </TextEquiv>
            </TextLine>
            <TextLine id="r2l8" custom="readingOrder {index:7;}">
                <Coords points="288,1019 1250,1055 1334,1030 1335,975 289,973"/>
                <Baseline points="296,1013 347,1013 399,1014 450,1016 502,1016 554,1017 605,1019 657,1020 708,1022 760,1023 812,1023 863,1025 915,1025 966,1026 1018,1026 1070,1026 1121,1025 1173,1025 1224,1023 1276,1022 1328,1020"/>
                <TextEquiv>
                    <Unicode>πιστεύοντι. καὶ εὐθέως κρά</Unicode>
                </TextEquiv>
            </TextLine>
            <TextLine id="r2l9" custom="readingOrder {index:8;}">
                <Coords points="256,1120 346,1146 470,1101 620,1138 667,1102 887,1107 963,1167 1020,1115 1320,1122 1342,1043 1117,1080 1029,1047 921,1076 256,1054"/>
                <Baseline points="263,1095 316,1097 370,1097 423,1098 477,1100 530,1100 584,1101 637,1103 691,1104 744,1104 798,1106 852,1106 905,1107 959,1107 1012,1107 1066,1107 1119,1107 1173,1106 1226,1106 1280,1104 1334,1103"/>
                <TextEquiv>
                    <Unicode>ξας ὁ πηρ τοῦ παιδίου μετὰ </Unicode>
                </TextEquiv>
            </TextLine>
            <TextLine id="r2l10" custom="readingOrder {index:9;}">
                <Coords points="256,1192 451,1221 577,1192 636,1222 695,1187 817,1239 977,1196 1051,1229 1280,1207 1327,1146 956,1160 816,1128 575,1161 257,1120"/>
                <Baseline points="263,1178 315,1179 368,1181 421,1184 474,1185 527,1185 579,1187 632,1188 685,1189 738,1190 791,1190 843,1190 896,1191 949,1191 1002,1191 1055,1190 1107,1190 1160,1190 1213,1188 1266,1188 1319,1187"/>
                <TextEquiv>
                    <Unicode>δακρύων ἔλεγε· πιστεύω, </Unicode>
                </TextEquiv>
            </TextLine>
            <TextLine id="r2l11" custom="readingOrder {index:10;}">
                <Coords points="268,1283 1329,1289 1329,1236 1194,1216 269,1238"/>
                <Baseline points="275,1254 327,1258 379,1260 432,1262 484,1265 536,1266 589,1268 641,1269 693,1269 746,1271 798,1271 850,1271 903,1272 955,1272 1007,1272 1060,1272 1112,1272 1164,1272 1217,1274 1269,1274 1322,1274"/>
                <TextEquiv>
                    <Unicode>Κε· βοήθει μου τῇ ἀπιστίᾳ. ἰ</Unicode>
                </TextEquiv>
            </TextLine>
            <TextLine id="r2l12" custom="readingOrder {index:11;}">
                <Coords points="256,1351 1323,1387 1304,1285 1059,1325 257,1280"/>
                <Baseline points="264,1340 316,1343 369,1344 421,1346 474,1347 527,1349 579,1350 632,1351 684,1352 737,1352 790,1353 842,1353 895,1353 947,1353 1000,1353 1053,1355 1105,1355 1158,1355 1210,1356 1263,1358 1316,1359"/>
                <TextEquiv>
                    <Unicode>δὼν δὲ ὁ Ἰς ὅτι ἐπισυντρέ</Unicode>
                </TextEquiv>
            </TextLine>
            <TextLine id="r2l13" custom="readingOrder {index:12;}">
                <Coords points="249,1479 401,1434 597,1479 686,1437 1263,1471 1282,1407 941,1411 787,1373 250,1406"/>
                <Baseline points="257,1434 307,1434 358,1434 409,1434 460,1434 511,1434 562,1434 613,1434 664,1434 715,1434 766,1436 816,1436 867,1436 918,1437 969,1437 1020,1439 1071,1439 1122,1440 1173,1442 1224,1442 1275,1443"/>
                <TextEquiv>
                    <Unicode>χει ὄχλος ἐπετίμησε τῷ </Unicode>
                </TextEquiv>
            </TextLine>
            <TextLine id="r2l14" custom="readingOrder {index:13;}">
                <Coords points="264,1529 967,1521 1161,1561 1317,1533 1318,1469 265,1477"/>
                <Baseline points="272,1508 326,1510 381,1511 436,1513 490,1514 545,1515 600,1515 654,1515 709,1517 764,1517 818,1517 873,1517 928,1517 982,1517 1037,1517 1092,1518 1146,1518 1201,1520 1256,1521 1311,1523"/>
                <TextEquiv>
                    <Unicode>πνεύματι τῷ ἀκαθάρτῳ </Unicode>
                </TextEquiv>
            </TextLine>
            <TextLine id="r2l15" custom="readingOrder {index:14;}">
                <Coords points="272,1601 394,1637 749,1592 1021,1629 1327,1605 1327,1563 1198,1546 335,1561 272,1531"/>
                <Baseline points="279,1592 331,1592 383,1593 435,1593 487,1593 539,1595 591,1595 643,1596 695,1596 747,1598 799,1598 851,1598 903,1598 955,1598 1007,1598 1059,1598 1111,1598 1163,1596 1215,1595 1267,1594 1320,1592"/>
                <TextEquiv>
                    <Unicode>λέγων αὐτῷ· Τὸ πνεῦμα τὸ </Unicode>
                </TextEquiv>
            </TextLine>
            <TextLine id="r2l16" custom="readingOrder {index:15;}">
                <Coords points="202,1710 797,1685 1023,1732 1318,1669 1318,1620 927,1657 823,1617 664,1657 203,1619"/>
                <Baseline points="210,1685 326,1674 381,1676 436,1677 490,1679 545,1680 600,1681 654,1682 709,1683 764,1684 818,1685 873,1686 928,1686 982,1686 1037,1686 1092,1686 1146,1686 1201,1686 1256,1685 1311,1685"/>
                <TextEquiv>
                    <Unicode>ἄλαλον καὶ κωφὸν, ἐγὼ σοι ἐ</Unicode>
                </TextEquiv>
            </TextLine>
            <TextLine id="r2l17" custom="readingOrder {index:16;}">
                <Coords points="279,1764 1016,1763 1194,1823 1278,1776 1327,1796 1328,1721 1179,1728 1122,1695 1071,1734 735,1690 680,1726 280,1718"/>
                <Baseline points="287,1754 338,1754 390,1754 441,1754 493,1754 545,1754 596,1755 648,1755 700,1755 751,1755 803,1757 855,1757 906,1758 958,1758 1010,1760 1061,1761 1113,1761 1165,1764 1216,1765 1268,1767 1320,1769"/>
                <TextEquiv>
                    <Unicode>πιτάσσω, ἔξελθε ἐξ αὐτοῦ </Unicode>
                </TextEquiv>
            </TextLine>
            <TextLine id="r2l18" custom="readingOrder {index:17;}">
                <Coords points="292,1862 1163,1868 1323,1843 1324,1795 1207,1814 1148,1780 1060,1816 872,1774 806,1811 293,1803"/>
                <Baseline points="299,1836 349,1837 400,1839 451,1841 502,1841 553,1842 604,1842 654,1842 705,1842 756,1842 807,1842 858,1842 909,1842 960,1842 1010,1842 1061,1844 1112,1844 1163,1844 1214,1845 1265,1847 1316,1848"/>
                <TextEquiv>
                    <Unicode>καὶ μηκέτι εἰσέλθῃς εἰς αὐτόν. </Unicode>
                </TextEquiv>
            </TextLine>
            <TextLine id="r2l19" custom="readingOrder {index:18;}">
                <Coords points="275,1954 575,1932 651,1976 731,1925 1335,1936 1335,1891 1217,1853 1101,1900 975,1867 275,1886"/>
                <Baseline points="282,1926 334,1928 386,1928 439,1928 491,1928 543,1928 596,1928 648,1928 700,1928 753,1928 805,1928 857,1926 910,1926 962,1926 1014,1926 1067,1926 1119,1926 1171,1925 1224,1925 1276,1926 1329,1926"/>
                <TextEquiv>
                    <Unicode>καὶ κράξαν καὶ πολλὰ σπαρά</Unicode>
                </TextEquiv>
            </TextLine>
            <TextLine id="r2l20" custom="readingOrder {index:19;}">
                <Coords points="256,2030 354,2053 424,2008 526,2012 824,2072 975,2011 1346,2057 1357,1927 1217,1967 962,1923 818,1972 728,1928 651,1976 255,1963"/>
                <Baseline points="263,1995 318,1997 374,2000 429,2001 485,2003 541,2004 596,2004 652,2006 708,2006 763,2006 819,2006 875,2006 930,2006 986,2006 1042,2006 1097,2006 1153,2006 1209,2006 1264,2007 1326,1946 1351,2004"/>
                <TextEquiv>
                    <Unicode>ξαν αὐτόν ἐξῆλθε, καὶ ἐγένετο   </Unicode>
                </TextEquiv>
            </TextLine>
            <TextEquiv>
                <Unicode>πολλάκις αὐτὸν καὶ εἰς το πῦρ &#13;
ἔβαλε καὶ εἰς ὕδατα, ἵνα ἀ&#13;
πολέσει αὐτόν· ἀλλ' εἴ τι δύ&#13;
νασαι, βοήθησον ἡμῖν σπλαγ&#13;
χνισθεὶς ἐφ' ἡμᾶς. ὁ δὲ Ἰς εἶ&#13;
πεν αὐτῷ· Τὸ εἰ δύνασαι πι&#13;
στεῦσαι, πάντα δυνατὰ τῷ &#13;
πιστεύοντι. καὶ εὐθέως κρά&#13;
ξας ὁ πηρ τοῦ παιδίου μετὰ &#13;
δακρύων ἔλεγε· πιστεύω, &#13;
Κε· βοήθει μου τῇ ἀπιστίᾳ. ἰ&#13;
δὼν δὲ ὁ Ἰς ὅτι ἐπισυντρέ&#13;
χει ὄχλος ἐπετίμησε τῷ &#13;
πνεύματι τῷ ἀκαθάρτῳ &#13;
λέγων αὐτῷ· Τὸ πνεῦμα τὸ &#13;
ἄλαλον καὶ κωφὸν, ἐγὼ σοι ἐ&#13;
πιτάσσω, ἔξελθε ἐξ αὐτοῦ &#13;
καὶ μηκέτι εἰσέλθῃς εἰς αὐτόν. &#13;
καὶ κράξαν καὶ πολλὰ σπαρά&#13;
ξαν αὐτόν ἐξῆλθε, καὶ ἐγένετο   </Unicode>
            </TextEquiv>
        </TextRegion>
        <TextRegion orientation="0.0" id="r4" custom="readingOrder {index:2;}">
            <Coords points="1809,407 1809,584 1818,584 1818,407"/>
            <TextEquiv>
                <Unicode></Unicode>
            </TextEquiv>
        </TextRegion>
    </Page>
</PcGts>
