<?xml version="1.0" encoding="UTF-8" standalone="yes"?>
<PcGts xmlns="http://schema.primaresearch.org/PAGE/gts/pagecontent/2013-07-15" xmlns:xsi="http://www.w3.org/2001/XMLSchema-instance" xsi:schemaLocation="http://schema.primaresearch.org/PAGE/gts/pagecontent/2013-07-15 http://schema.primaresearch.org/PAGE/gts/pagecontent/2013-07-15/pagecontent.xsd">
    <Metadata>
        <Creator>prov=University of Rostock/Institute of Mathematics/CITlab|PLANET AI GmbH/Gundram Leifert/gundram.leifert@planet-ai.de:name=HPGTR(htr_id=41125)::::v=2.6.7
prov=University of Rostock/Institute of Mathematics/CITlab|PLANET AI GmbH/Tobias Gruening/tobias.gruening@planet-ai.de:name=de.uros.citlab.module.baseline2polygon.B2PSeamMultiOriented:v=2.6.7
prov=University of Rostock/Institute of Mathematics/CITlab|PLANET AI GmbH/Tobias Gruening/tobias.gruening@planet-ai.de:name=/net_tf/LA73_249_0mod360.pb:de.uros.citlab.segmentation.CITlab_LA_ML:v=2.6.7
Transkribus</Creator>
        <Created>2021-09-19T17:37:19.537+03:00</Created>
        <LastChange>2023-06-03T19:10:30.016+02:00</LastChange>
        <TranskribusMetadata docId="1458633" pageId="56018929" pageNr="24" tsid="125469044" status="IN_PROGRESS" userId="99263" imgUrl="https://files.transkribus.eu/Get?id=JQXMSFDQMPQPWQEETFGILRPX&amp;fileType=view" xmlUrl="https://files.transkribus.eu/Get?id=OXAKDMRCCSGTSDZEHBULYJHM" imageId="23265819"/>
    </Metadata>
    <Page imageFilename="0024_54 Bodleian-Library-MS-Barocci-31_00314_fol-153v.jpg" imageWidth="2061" imageHeight="2490">
        <ReadingOrder>
            <OrderedGroup id="ro_1686139443617" caption="Regions reading order">
                <RegionRefIndexed index="0" regionRef="r1"/>
                <RegionRefIndexed index="1" regionRef="r2"/>
                <RegionRefIndexed index="2" regionRef="r3"/>
                <RegionRefIndexed index="3" regionRef="r5"/>
            </OrderedGroup>
        </ReadingOrder>
        <TextRegion orientation="0.0" id="r1" custom="readingOrder {index:0;}">
            <Coords points="62,2258 62,2447 71,2447 71,2258"/>
            <TextEquiv>
                <Unicode></Unicode>
            </TextEquiv>
        </TextRegion>
        <TextRegion orientation="0.0" id="r2" custom="readingOrder {index:1;}">
            <Coords points="180,2299 180,2453 198,2453 198,2299"/>
            <TextEquiv>
                <Unicode></Unicode>
            </TextEquiv>
        </TextRegion>
        <TextRegion orientation="0.0" id="r3" custom="readingOrder {index:2;}">
            <Coords points="258,2308 258,2461 273,2461 273,2308"/>
            <TextEquiv>
                <Unicode></Unicode>
            </TextEquiv>
        </TextRegion>
        <TextRegion orientation="0.0" id="r5" custom="readingOrder {index:3;}">
            <Coords points="698,411 698,2032 1887,2032 1887,411"/>
            <TextLine id="r5l1" custom="readingOrder {index:0;}">
                <Coords points="736,494 861,456 956,486 1248,452 1823,482 1834,424 1591,375 1420,423 736,421"/>
                <Baseline points="743,447 797,448 851,450 905,450 959,452 1013,452 1067,453 1122,453 1176,453 1230,455 1284,455 1338,455 1392,455 1446,456 1501,456 1555,457 1609,458 1663,459 1717,459 1771,461 1826,462"/>
                <TextEquiv>
                    <Unicode>ὡσεὶ νεκρός, ὥστε πολλοὺς </Unicode>
                </TextEquiv>
            </TextLine>
            <TextLine id="r5l2" custom="readingOrder {index:1;}">
                <Coords points="750,561 1569,578 1807,549 1807,472 1524,517 1342,456 1227,515 750,481"/>
                <Baseline points="758,548 810,546 862,545 914,545 966,545 1018,543 1070,543 1122,543 1174,543 1226,543 1279,543 1331,543 1383,545 1435,545 1487,545 1539,545 1591,546 1643,546 1695,546 1747,548 1800,548"/>
                <TextEquiv>
                    <Unicode>λέγειν ὅτι ἀπέθανεν. ὁ δὲ </Unicode>
                </TextEquiv>
            </TextLine>
            <TextLine id="r5l3" custom="readingOrder {index:2;}">
                <Coords points="752,646 1395,629 1454,659 1598,643 1656,681 1831,652 1831,572 752,591"/>
                <Baseline points="759,630 812,630 865,630 918,630 972,630 1025,629 1078,629 1131,629 1185,629 1238,629 1291,629 1344,629 1398,629 1451,629 1504,629 1557,629 1611,629 1664,630 1717,630 1770,632 1824,633"/>
                <TextEquiv>
                    <Unicode>Ἰς κρατήσας αὐτὸν τῆς χει</Unicode>
                </TextEquiv>
            </TextLine>
            <TextLine id="r5l4" custom="readingOrder {index:3;}">
                <Coords points="769,756 850,708 1184,748 1516,711 1867,742 1868,679 1500,643 946,678 770,640"/>
                <Baseline points="777,707 831,707 885,709 939,710 993,710 1047,710 1101,711 1156,711 1210,711 1264,711 1318,711 1372,711 1426,711 1480,713 1535,713 1589,714 1643,716 1697,719 1751,722 1805,725 1860,729"/>
                <TextEquiv>
                    <Unicode>ρὸς ἤγειρεν αὐτόν, καὶ ἀνέστη. </Unicode>
                </TextEquiv>
            </TextLine>
            <TextLine id="r5l5" custom="readingOrder {index:4;}">
                <Coords points="714,846 848,796 1172,826 1463,797 1820,853 1847,744 715,745"/>
                <Baseline points="722,783 777,786 833,789 889,791 945,792 1001,794 1056,794 1112,794 1168,794 1224,794 1280,794 1335,794 1391,794 1447,794 1503,794 1559,794 1614,795 1670,797 1726,800 1782,803 1838,807"/>
                <TextEquiv>
                    <Unicode>καὶ εἰσελθόντα αὐτὸν εἰς οἶκον </Unicode>
                </TextEquiv>
            </TextLine>
            <TextLine id="r5l6" custom="readingOrder {index:5;}">
                <Coords points="760,886 1387,875 1566,907 1672,870 1881,913 1882,850 1413,815 877,842 761,804"/>
                <Baseline points="768,867 823,869 878,869 933,870 989,870 1044,870 1099,870 1155,870 1210,872 1265,872 1321,872 1376,872 1431,872 1486,873 1542,875 1597,876 1652,877 1708,879 1763,881 1818,883 1874,887"/>
                <TextEquiv>
                    <Unicode>οἱ μαθηταὶ αὐτοῦ ἐπηρώτων </Unicode>
                </TextEquiv>
            </TextLine>
            <TextLine id="r5l7" custom="readingOrder {index:6;}">
                <Coords points="751,970 1801,964 1801,921 1587,897 752,914"/>
                <Baseline points="759,945 810,948 862,950 914,951 966,953 1017,954 1069,954 1121,954 1173,954 1224,953 1276,953 1328,951 1380,951 1431,951 1483,950 1535,950 1587,951 1638,951 1690,952 1742,953 1794,956"/>
                <TextEquiv>
                    <Unicode>αὐτόν κατ' ἰδίαν, ὅτι ἡμεῖς </Unicode>
                </TextEquiv>
            </TextLine>
            <TextLine id="r5l8" custom="readingOrder {index:7;}">
                <Coords points="770,1056 1650,1039 1846,1074 1846,966 1795,961 1671,1006 1491,973 1345,1002 1187,967 770,977"/>
                <Baseline points="777,1035 830,1034 883,1032 936,1032 989,1031 1042,1031 1095,1031 1148,1031 1201,1031 1254,1031 1308,1032 1361,1032 1414,1032 1467,1034 1520,1034 1573,1034 1626,1035 1679,1035 1732,1035 1785,1035 1839,1035"/>
                <TextEquiv>
                    <Unicode>οὐκ ἠδυνήθημεν ἐκβαλεῖν </Unicode>
                </TextEquiv>
            </TextLine>
            <TextLine id="r5l9" custom="readingOrder {index:8;}">
                <Coords points="761,1118 985,1145 1195,1112 1339,1145 1857,1119 1857,1087 1742,1071 1143,1088 957,1037 761,1061"/>
                <Baseline points="768,1106 822,1109 876,1110 930,1112 984,1113 1038,1113 1092,1115 1146,1115 1200,1115 1254,1115 1309,1115 1363,1115 1417,1115 1471,1115 1525,1115 1579,1115 1633,1115 1687,1115 1741,1116 1795,1116 1850,1118"/>
                <TextEquiv>
                    <Unicode>αὐτό. καὶ εἶπεν αὐτοῖς· Τοῦτο </Unicode>
                </TextEquiv>
            </TextLine>
            <TextLine id="r5l10" custom="readingOrder {index:9;}">
                <Coords points="782,1221 1314,1235 1574,1202 1843,1256 1843,1129 1796,1124 1674,1166 1552,1126 1482,1170 1208,1142 1153,1182 955,1128 782,1152"/>
                <Baseline points="789,1193 841,1194 893,1196 945,1196 998,1197 1050,1197 1102,1199 1155,1199 1207,1199 1259,1199 1312,1199 1364,1199 1416,1199 1468,1199 1521,1199 1573,1199 1625,1199 1678,1199 1730,1199 1782,1199 1835,1199"/>
                <TextEquiv>
                    <Unicode>τὸ γένος ἐν οὐδενὶ δύναται </Unicode>
                </TextEquiv>
            </TextLine>
            <TextLine id="r5l11" custom="readingOrder {index:10;}">
                <Coords points="773,1307 887,1334 1159,1285 1427,1312 1476,1286 1559,1335 1623,1287 1850,1313 1850,1257 1780,1233 1102,1254 773,1220"/>
                <Baseline points="780,1274 833,1277 886,1279 939,1281 992,1283 1045,1283 1098,1284 1151,1284 1204,1284 1257,1284 1311,1284 1364,1284 1417,1283 1470,1283 1523,1283 1576,1284 1629,1284 1682,1286 1735,1287 1788,1289 1842,1292"/>
                <TextEquiv>
                    <Unicode>ἐξελθεῖν εἰ μὴ ἐν προσευχῇ </Unicode>
                </TextEquiv>
            </TextLine>
            <TextLine id="r5l12" custom="readingOrder {index:11;}">
                <Coords points="781,1407 1506,1364 1873,1416 1873,1340 1759,1295 1687,1337 1216,1302 1126,1335 782,1322"/>
                <Baseline points="788,1359 841,1361 895,1364 949,1364 1003,1365 1057,1365 1111,1367 1165,1367 1219,1367 1273,1365 1327,1365 1380,1365 1434,1365 1488,1365 1542,1365 1596,1366 1650,1367 1704,1368 1758,1370 1812,1373 1866,1374"/>
                <TextEquiv>
                    <Unicode>καὶ νηστεία. Καὶ ἐκεῖθεν ἐξελ</Unicode>
                </TextEquiv>
            </TextLine>
            <TextLine id="r5l13" custom="readingOrder {index:12;}">
                <Coords points="751,1475 1088,1445 1284,1494 1409,1446 1475,1497 1544,1455 1895,1440 1558,1402 1499,1433 1348,1392 752,1406"/>
                <Baseline points="759,1446 815,1447 871,1448 928,1449 984,1449 1041,1451 1097,1451 1153,1451 1210,1451 1266,1452 1323,1452 1379,1452 1435,1452 1492,1452 1548,1454 1605,1454 1661,1455 1717,1457 1774,1457 1830,1459 1887,1461"/>
                <TextEquiv>
                    <Unicode>θόντες παρεπορεύοντο </Unicode>
                </TextEquiv>
            </TextLine>
            <TextLine id="r5l14" custom="readingOrder {index:13;}">
                <Coords points="764,1549 1859,1540 1859,1494 1803,1485 1383,1506 1320,1470 1270,1505 1175,1470 848,1504 764,1474"/>
                <Baseline points="771,1529 825,1529 879,1527 933,1527 987,1529 1041,1529 1095,1529 1149,1530 1203,1530 1257,1530 1311,1532 1365,1532 1419,1532 1473,1533 1527,1533 1581,1533 1635,1532 1689,1532 1743,1530 1797,1529 1851,1527"/>
                <TextEquiv>
                    <Unicode>διὰ τῆς Γαλιλαίας, καὶ οὐκ ἤ</Unicode>
                </TextEquiv>
            </TextLine>
            <TextLine id="r5l15" custom="readingOrder {index:14;}">
                <Coords points="691,1631 1031,1653 1519,1612 1683,1653 1878,1624 1879,1544 1677,1577 1484,1533 1402,1583 1211,1582 691,1537"/>
                <Baseline points="698,1602 756,1604 815,1607 873,1608 932,1609 991,1610 1049,1611 1108,1611 1167,1611 1225,1613 1284,1613 1343,1613 1401,1613 1460,1611 1519,1611 1577,1611 1636,1611 1695,1611 1753,1611 1812,1611 1871,1611"/>
                <TextEquiv>
                    <Unicode>θελεν ἵνα τις γνῷ· ἐδίδασκε </Unicode>
                </TextEquiv>
            </TextLine>
            <TextLine id="r5l16" custom="readingOrder {index:15;}">
                <Coords points="745,1724 1835,1695 1834,1641 1783,1632 1595,1671 744,1646"/>
                <Baseline points="752,1709 805,1706 859,1703 913,1701 967,1698 1020,1698 1074,1697 1128,1695 1182,1695 1235,1695 1289,1694 1343,1694 1397,1694 1450,1694 1504,1695 1558,1695 1612,1695 1665,1695 1719,1695 1773,1695 1827,1695"/>
                <TextEquiv>
                    <Unicode>γὰρ τοὺς μαθητὰς αὐτοῦ καὶ </Unicode>
                </TextEquiv>
            </TextLine>
            <TextLine id="r5l17" custom="readingOrder {index:16;}">
                <Coords points="756,1781 899,1789 941,1828 1095,1776 1679,1798 1827,1772 1827,1709 1077,1745 819,1710 756,1740"/>
                <Baseline points="764,1764 816,1768 869,1770 922,1772 975,1773 1028,1773 1080,1773 1133,1773 1186,1773 1239,1772 1292,1771 1344,1770 1397,1769 1450,1767 1503,1767 1556,1766 1608,1766 1661,1764 1714,1764 1767,1766 1820,1766"/>
                <TextEquiv>
                    <Unicode>ἔλεγεν αὐτοῖς ὅτι Ὁ υἱὸς τοῦ </Unicode>
                </TextEquiv>
            </TextLine>
            <TextLine id="r5l19" custom="readingOrder {index:17;}">
                <Coords points="761,1877 1345,1850 1854,1890 1836,1763 1615,1825 1214,1783 1016,1827 760,1798"/>
                <Baseline points="768,1842 819,1844 871,1846 922,1846 974,1848 1025,1846 1077,1846 1128,1845 1180,1844 1231,1843 1283,1842 1334,1840 1386,1840 1437,1839 1489,1840 1540,1840 1592,1842 1643,1846 1822,1834 1775,1799 1845,1796"/>
                <TextEquiv>
                    <Unicode>ἀνου παραδίδοται εἰς χεῖρας </Unicode>
                </TextEquiv>
            </TextLine>
            <TextLine id="r5l20" custom="readingOrder {index:18;}">
                <Coords points="760,1978 1358,1931 1855,1981 1845,1926 1491,1873 1130,1906 968,1864 761,1878"/>
                <Baseline points="767,1932 821,1936 875,1938 929,1938 983,1940 1037,1940 1091,1938 1145,1937 1199,1935 1253,1934 1307,1934 1361,1932 1415,1931 1469,1931 1523,1931 1577,1933 1631,1935 1685,1939 1739,1944 1793,1950 1848,1958"/>
                <TextEquiv>
                    <Unicode>ἀνών, καὶ ἀποκτενοῦσιν αὐ</Unicode>
                </TextEquiv>
            </TextLine>
            <TextLine id="r5l21" custom="readingOrder {index:19;}">
                <Coords points="773,2059 1324,2018 1835,2037 1834,1970 1801,1966 772,1965"/>
                <Baseline points="779,2012 830,2012 882,2012 933,2012 985,2012 1037,2012 1088,2012 1140,2012 1192,2012 1243,2012 1295,2012 1347,2012 1398,2012 1450,2012 1502,2012 1553,2012 1605,2012 1657,2013 1708,2013 1828,1997 1799,1949"/>
                <TextEquiv>
                    <Unicode>τόν, καὶ ἀποκτανθεὶς τῇ τρίτῃ   </Unicode>
                </TextEquiv>
            </TextLine>
            <TextEquiv>
                <Unicode>ὡσεὶ νεκρός, ὥστε πολλοὺς &#13;
λέγειν ὅτι ἀπέθανεν. ὁ δὲ &#13;
Ἰς κρατήσας αὐτὸν τῆς χει&#13;
ρὸς ἤγειρεν αὐτόν, καὶ ἀνέστη. &#13;
καὶ εἰσελθόντα αὐτὸν εἰς οἶκον &#13;
οἱ μαθηταὶ αὐτοῦ ἐπηρώτων &#13;
αὐτόν κατ' ἰδίαν, ὅτι ἡμεῖς &#13;
οὐκ ἠδυνήθημεν ἐκβαλεῖν &#13;
αὐτό. καὶ εἶπεν αὐτοῖς· Τοῦτο &#13;
τὸ γένος ἐν οὐδενὶ δύναται &#13;
ἐξελθεῖν εἰ μὴ ἐν προσευχῇ &#13;
καὶ νηστεία. Καὶ ἐκεῖθεν ἐξελ&#13;
θόντες παρεπορεύοντο &#13;
διὰ τῆς Γαλιλαίας, καὶ οὐκ ἤ&#13;
θελεν ἵνα τις γνῷ· ἐδίδασκε &#13;
γὰρ τοὺς μαθητὰς αὐτοῦ καὶ &#13;
ἔλεγεν αὐτοῖς ὅτι Ὁ υἱὸς τοῦ &#13;
ἀνου παραδίδοται εἰς χεῖρας &#13;
ἀνών, καὶ ἀποκτενοῦσιν αὐ&#13;
τόν, καὶ ἀποκτανθεὶς τῇ τρίτῃ   </Unicode>
            </TextEquiv>
        </TextRegion>
    </Page>
</PcGts>
