<?xml version="1.0" encoding="UTF-8" standalone="yes"?>
<PcGts xmlns="http://schema.primaresearch.org/PAGE/gts/pagecontent/2013-07-15" xmlns:xsi="http://www.w3.org/2001/XMLSchema-instance" xsi:schemaLocation="http://schema.primaresearch.org/PAGE/gts/pagecontent/2013-07-15 http://schema.primaresearch.org/PAGE/gts/pagecontent/2013-07-15/pagecontent.xsd">
    <Metadata>
        <Creator>prov=University of Rostock/Institute of Mathematics/CITlab|PLANET AI GmbH/Gundram Leifert/gundram.leifert@planet-ai.de:name=HPGTR(htr_id=41125)::::v=2.6.7
prov=University of Rostock/Institute of Mathematics/CITlab|PLANET AI GmbH/Tobias Gruening/tobias.gruening@planet-ai.de:name=de.uros.citlab.module.baseline2polygon.B2PSeamMultiOriented:v=2.6.7
prov=University of Rostock/Institute of Mathematics/CITlab|PLANET AI GmbH/Tobias Gruening/tobias.gruening@planet-ai.de:name=/net_tf/LA73_249_0mod360.pb:de.uros.citlab.segmentation.CITlab_LA_ML:v=2.6.7
Transkribus</Creator>
        <Created>2021-09-19T17:37:19.676+03:00</Created>
        <LastChange>2023-06-03T19:15:23.221+02:00</LastChange>
        <TranskribusMetadata docId="1458633" pageId="56018931" pageNr="25" tsid="125469965" status="IN_PROGRESS" userId="99263" imgUrl="https://files.transkribus.eu/Get?id=VABOSDPUJCSYUXQFSWETTQDE&amp;fileType=view" xmlUrl="https://files.transkribus.eu/Get?id=YXMOVDXRVURUNCQIEHUTYUIS" imageId="23265820"/>
    </Metadata>
    <Page imageFilename="0025_55 Bodleian-Library-MS-Barocci-31_00315_fol-154r.jpg" imageWidth="2093" imageHeight="2490">
        <ReadingOrder>
            <OrderedGroup id="ro_1686139443758" caption="Regions reading order">
                <RegionRefIndexed index="0" regionRef="r1"/>
                <RegionRefIndexed index="1" regionRef="r2"/>
                <RegionRefIndexed index="2" regionRef="r5"/>
                <RegionRefIndexed index="3" regionRef="r6"/>
            </OrderedGroup>
        </ReadingOrder>
        <TextRegion orientation="0.0" id="r1" custom="readingOrder {index:0;}">
            <Coords points="222,1681 222,1834 237,1834 237,1681"/>
            <TextEquiv>
                <Unicode></Unicode>
            </TextEquiv>
        </TextRegion>
        <TextRegion orientation="0.0" id="r2" custom="readingOrder {index:1;}">
            <Coords points="176,275 176,2063 1373,2063 1373,275"/>
            <TextLine id="r2l2" custom="readingOrder {index:0;}">
                <Coords points="181,466 1381,492 1381,443 1284,393 1139,378 1054,417 431,379 315,425 182,392"/>
                <Baseline points="189,452 248,453 307,455 366,455 425,455 485,456 544,456 603,455 662,455 721,455 781,455 840,455 899,456 958,456 1017,458 1077,459 1136,461 1195,463 1254,467 1313,470 1373,474"/>
                <TextEquiv>
                    <Unicode>ἡμέρᾳ ἀναστήσεται. Οι δε ηγνο</Unicode>
                </TextEquiv>
            </TextLine>
            <TextLine id="r2l3" custom="readingOrder {index:1;}">
                <Coords points="196,570 919,554 990,608 1050,564 1352,574 1352,518 973,482 875,522 345,498 196,528"/>
                <Baseline points="204,555 261,554 318,552 375,550 432,549 489,548 546,548 603,546 660,546 717,546 774,546 831,546 888,548 945,549 1002,549 1059,551 1116,552 1173,554 1230,555 1287,557 1344,558"/>
                <TextEquiv>
                    <Unicode>ουν το ρημα και εφοβουντο</Unicode>
                </TextEquiv>
            </TextLine>
            <TextLine id="r2l4" custom="readingOrder {index:2;}">
                <Coords points="271,644 665,665 941,635 1111,675 1331,648 1331,602 1150,577 272,592"/>
                <Baseline points="279,629 331,630 383,632 435,633 487,633 540,633 592,633 644,632 696,632 748,630 801,630 853,630 905,630 957,630 1009,632 1062,632 1114,634 1166,637 1218,640 1270,644 1323,648"/>
                <TextEquiv>
                    <Unicode>αυτόν επερωτησαι και ηλθ</Unicode>
                </TextEquiv>
            </TextLine>
            <TextLine id="r2l5" custom="readingOrder {index:3;}">
                <Coords points="264,758 488,719 1353,744 1354,678 265,657"/>
                <Baseline points="272,714 325,716 379,716 433,716 486,716 540,716 594,716 647,716 701,716 755,716 809,716 862,716 916,716 970,716 1023,717 1077,719 1131,720 1184,722 1238,724 1292,727 1346,731"/>
                <TextEquiv>
                    <Unicode>ες καπερναουμ και εν τη </Unicode>
                </TextEquiv>
            </TextLine>
            <TextLine id="r2l6" custom="readingOrder {index:4;}">
                <Coords points="271,824 1348,815 1348,765 1219,777 1067,726 917,768 804,734 634,771 594,738 271,760"/>
                <Baseline points="278,801 331,801 384,800 437,800 490,800 543,800 596,800 649,800 702,800 755,800 809,800 862,801 915,801 968,801 1021,803 1074,803 1127,804 1180,804 1233,806 1286,806 1340,807"/>
                <TextEquiv>
                    <Unicode>οικια γενομενος επηρωτα </Unicode>
                </TextEquiv>
            </TextLine>
            <TextLine id="r2l7" custom="readingOrder {index:5;}">
                <Coords points="261,878 360,908 578,881 742,913 1138,892 1201,928 1351,905 1352,857 1058,856 955,811 889,853 751,822 262,839"/>
                <Baseline points="269,878 322,878 376,878 430,878 483,878 537,878 591,878 644,879 698,880 752,881 806,882 859,882 913,884 967,885 1020,886 1074,887 1128,888 1181,890 1235,890 1289,891 1343,893"/>
                <TextEquiv>
                    <Unicode>αυτους τι εν τη οδω προς </Unicode>
                </TextEquiv>
            </TextLine>
            <TextLine id="r2l8" custom="readingOrder {index:6;}">
                <Coords points="168,969 654,963 762,1005 878,969 1202,976 1311,1016 1344,942 170,895"/>
                <Baseline points="176,950 237,953 298,954 359,957 420,960 481,962 542,963 603,963 664,965 725,966 786,966 847,968 908,968 969,969 1030,971 1091,971 1152,972 1213,974 1274,976 1335,978"/>
                <TextEquiv>
                    <Unicode>εαυτους διελογιζεσθε οι</Unicode>
                </TextEquiv>
            </TextLine>
            <TextLine id="r2l9" custom="readingOrder {index:7;}">
                <Coords points="210,1072 443,1038 789,1090 924,1053 1276,1083 1307,1017 211,994"/>
                <Baseline points="218,1041 272,1041 326,1043 380,1043 434,1043 488,1044 542,1044 596,1046 650,1047 704,1047 758,1049 812,1050 866,1050 920,1052 974,1053 1028,1054 1082,1056 1136,1056 1190,1058 1244,1059 1299,1061"/>
                <TextEquiv>
                    <Unicode>εσιωπων προς αλληλους </Unicode>
                </TextEquiv>
            </TextLine>
            <TextLine id="r2l10" custom="readingOrder {index:8;}">
                <Coords points="252,1133 405,1161 492,1129 708,1182 867,1140 1002,1171 1307,1155 1281,1075 1245,1104 745,1104 506,1095 446,1052 253,1088"/>
                <Baseline points="260,1125 314,1127 369,1128 424,1130 478,1131 533,1132 588,1133 642,1134 697,1134 752,1136 806,1136 861,1136 916,1136 970,1136 1025,1136 1080,1137 1134,1137 1189,1137 1244,1136 1299,1136"/>
                <TextEquiv>
                    <Unicode>γαρ διελεχθησαν εν τη ο</Unicode>
                </TextEquiv>
            </TextLine>
            <TextLine id="r2l11" custom="readingOrder {index:9;}">
                <Coords points="253,1213 1322,1251 1323,1152 1157,1192 1037,1158 745,1191 375,1179 254,1133"/>
                <Baseline points="260,1203 312,1205 365,1208 418,1211 470,1212 523,1214 576,1215 628,1217 681,1218 734,1218 787,1220 839,1220 892,1221 945,1221 997,1221 1050,1221 1103,1221 1155,1221 1208,1221 1261,1221 1314,1221"/>
                <TextEquiv>
                    <Unicode>δω τις μειζων και καθι</Unicode>
                </TextEquiv>
            </TextLine>
            <TextLine id="r2l12" custom="readingOrder {index:10;}">
                <Coords points="268,1302 1336,1322 1336,1265 1165,1233 1077,1268 1024,1232 962,1270 584,1266 509,1233 268,1255"/>
                <Baseline points="276,1292 328,1295 381,1297 433,1299 486,1301 539,1302 591,1303 644,1304 696,1304 749,1305 802,1305 854,1305 907,1305 959,1305 1012,1304 1065,1304 1117,1304 1170,1304 1222,1304 1275,1302 1328,1302"/>
                <TextEquiv>
                    <Unicode>σας εφωνησεν τους δωδεκα </Unicode>
                </TextEquiv>
            </TextLine>
            <TextLine id="r2l13" custom="readingOrder {index:11;}">
                <Coords points="264,1402 402,1386 541,1433 659,1377 916,1382 987,1426 1135,1382 1332,1419 1308,1315 1148,1344 984,1308 873,1345 661,1348 578,1310 492,1341 264,1328"/>
                <Baseline points="272,1379 324,1380 377,1380 429,1380 482,1380 535,1382 587,1382 640,1382 693,1382 745,1382 798,1382 851,1382 903,1382 956,1382 1009,1382 1061,1382 1114,1382 1167,1382 1219,1383 1272,1383 1325,1385"/>
                <TextEquiv>
                    <Unicode>και λεγει αυτοις ει τις θελει </Unicode>
                </TextEquiv>
            </TextLine>
            <TextLine id="r2l14" custom="readingOrder {index:12;}">
                <Coords points="267,1498 1143,1468 1202,1504 1294,1489 1295,1428 771,1440 674,1394 580,1432 268,1422"/>
                <Baseline points="275,1460 325,1461 376,1463 426,1464 477,1466 528,1467 578,1467 629,1469 679,1469 730,1469 781,1470 831,1470 882,1470 932,1471 983,1472 1034,1472 1084,1472 1135,1472 1185,1472 1236,1473 1287,1473"/>
                <TextEquiv>
                    <Unicode>πρωτος ειναι εσται παντων </Unicode>
                </TextEquiv>
            </TextLine>
            <TextLine id="r2l15" custom="readingOrder {index:13;}">
                <Coords points="253,1542 325,1592 718,1541 861,1582 1312,1576 1312,1518 1067,1471 932,1518 870,1491 253,1509"/>
                <Baseline points="260,1541 312,1542 364,1543 416,1544 469,1545 521,1545 573,1547 625,1547 678,1548 730,1548 782,1548 834,1550 887,1550 939,1551 991,1551 1043,1553 1096,1554 1148,1556 1200,1557 1252,1559 1305,1562"/>
                <TextEquiv>
                    <Unicode>εσχατος και παντων διακο</Unicode>
                </TextEquiv>
            </TextLine>
            <TextLine id="r2l16" custom="readingOrder {index:14;}">
                <Coords points="259,1672 412,1624 816,1642 883,1678 932,1637 1013,1659 1071,1624 1312,1663 1313,1599 994,1568 799,1602 603,1558 549,1599 260,1590"/>
                <Baseline points="267,1625 318,1626 370,1628 422,1628 474,1629 526,1629 578,1629 630,1629 682,1629 734,1629 786,1629 837,1629 889,1631 941,1631 993,1632 1045,1632 1097,1634 1149,1635 1201,1637 1253,1640 1305,1643"/>
                <TextEquiv>
                    <Unicode>νος και λαβων παιδιον </Unicode>
                </TextEquiv>
            </TextLine>
            <TextLine id="r2l17" custom="readingOrder {index:15;}">
                <Coords points="255,1735 714,1698 798,1738 1205,1714 1308,1747 1331,1679 946,1645 883,1677 777,1646 728,1677 452,1672 328,1635 255,1675"/>
                <Baseline points="263,1712 316,1712 369,1710 422,1710 475,1709 528,1709 581,1709 634,1709 687,1709 740,1709 793,1709 846,1709 899,1710 952,1710 1005,1712 1058,1713 1111,1715 1164,1716 1217,1718 1270,1720 1323,1722"/>
                <TextEquiv>
                    <Unicode>εστησεν αυτο εν μεσω αυτων </Unicode>
                </TextEquiv>
            </TextLine>
            <TextLine id="r2l18" custom="readingOrder {index:16;}">
                <Coords points="204,1819 371,1787 620,1834 768,1783 966,1823 1251,1802 1314,1836 1315,1747 1227,1727 1164,1760 205,1740"/>
                <Baseline points="211,1777 313,1785 365,1787 417,1787 470,1787 522,1788 574,1788 627,1788 679,1788 731,1788 784,1788 836,1788 888,1788 940,1790 993,1790 1045,1791 1097,1793 1150,1794 1202,1796 1254,1798 1307,1802"/>
                <TextEquiv>
                    <Unicode>και εναγκαλισαμενος αυτο ει</Unicode>
                </TextEquiv>
            </TextLine>
            <TextLine id="r2l19" custom="readingOrder {index:17;}">
                <Coords points="276,1871 1033,1908 1085,1871 1209,1909 1311,1892 1313,1830 1249,1803 1115,1840 895,1806 831,1839 532,1835 399,1801 277,1834"/>
                <Baseline points="284,1866 335,1866 386,1866 437,1866 488,1866 539,1868 590,1868 641,1869 692,1870 743,1871 794,1872 845,1874 896,1875 947,1877 998,1877 1049,1878 1100,1880 1151,1881 1202,1883 1253,1883 1304,1884"/>
                <TextEquiv>
                    <Unicode>πεν αυτοις ος εαν εν των τοι</Unicode>
                </TextEquiv>
            </TextLine>
            <TextLine id="r2l20" custom="readingOrder {index:18;}">
                <Coords points="264,1952 484,1983 614,1951 901,1982 1097,1953 1259,1991 1293,1981 1295,1909 1099,1922 1055,1887 982,1911 725,1874 668,1912 265,1907"/>
                <Baseline points="272,1949 322,1947 373,1947 424,1947 474,1947 525,1947 576,1947 626,1947 677,1949 728,1949 779,1950 829,1952 880,1952 931,1953 981,1955 1032,1956 1083,1958 1133,1959 1184,1961 1235,1961 1286,1962"/>
                <TextEquiv>
                    <Unicode>ουτων παιδιων δεξηται </Unicode>
                </TextEquiv>
            </TextLine>
            <TextLine id="r2l21" custom="readingOrder {index:19;}">
                <Coords points="267,2034 495,2025 588,2065 705,2025 854,2031 1000,2103 1174,2104 1239,2078 1241,1972 1043,1952 744,2001 268,1973"/>
                <Baseline points="275,2022 322,2022 370,2024 418,2024 466,2025 514,2025 562,2025 609,2025 657,2025 705,2025 753,2025 801,2025 849,2027 897,2027 944,2028 992,2030 1040,2031 1088,2034 1136,2037 1184,2040 1232,2045"/>
                <TextEquiv>
                    <Unicode>επι τω ονοματι μου εμε   </Unicode>
                </TextEquiv>
            </TextLine>
            <TextEquiv>
                <Unicode>ἡμέρᾳ ἀναστήσεται. Οι δε ηγνο&#13;
ουν το ρημα και εφοβουντο&#13;
αυτόν επερωτησαι και ηλθ&#13;
ες καπερναουμ και εν τη &#13;
οικια γενομενος επηρωτα &#13;
αυτους τι εν τη οδω προς &#13;
εαυτους διελογιζεσθε οι&#13;
εσιωπων προς αλληλους &#13;
γαρ διελεχθησαν εν τη ο&#13;
δω τις μειζων και καθι&#13;
σας εφωνησεν τους δωδεκα &#13;
και λεγει αυτοις ει τις θελει &#13;
πρωτος ειναι εσται παντων &#13;
εσχατος και παντων διακο&#13;
νος και λαβων παιδιον &#13;
εστησεν αυτο εν μεσω αυτων &#13;
και εναγκαλισαμενος αυτο ει&#13;
πεν αυτοις ος εαν εν των τοι&#13;
ουτων παιδιων δεξηται &#13;
επι τω ονοματι μου εμε   </Unicode>
            </TextEquiv>
        </TextRegion>
        <TextRegion orientation="0.0" id="r5" custom="readingOrder {index:2;}">
            <Coords points="1941,2048 1941,2198 1956,2198 1956,2048"/>
            <TextEquiv>
                <Unicode></Unicode>
            </TextEquiv>
        </TextRegion>
        <TextRegion orientation="0.0" id="r6" custom="readingOrder {index:3;}">
            <Coords points="1947,1921 1947,2075 1962,2075 1962,1921"/>
            <TextEquiv>
                <Unicode></Unicode>
            </TextEquiv>
        </TextRegion>
    </Page>
</PcGts>
