<?xml version="1.0" encoding="UTF-8" standalone="yes"?>
<PcGts xmlns="http://schema.primaresearch.org/PAGE/gts/pagecontent/2013-07-15" xmlns:xsi="http://www.w3.org/2001/XMLSchema-instance" xsi:schemaLocation="http://schema.primaresearch.org/PAGE/gts/pagecontent/2013-07-15 http://schema.primaresearch.org/PAGE/gts/pagecontent/2013-07-15/pagecontent.xsd">
    <Metadata>
        <Creator>prov=University of Rostock/Institute of Mathematics/CITlab|PLANET AI GmbH/Gundram Leifert/gundram.leifert@planet-ai.de:name=HPGTR(htr_id=41125)::::v=2.6.7
prov=University of Rostock/Institute of Mathematics/CITlab|PLANET AI GmbH/Tobias Gruening/tobias.gruening@planet-ai.de:name=de.uros.citlab.module.baseline2polygon.B2PSeamMultiOriented:v=2.6.7
prov=University of Rostock/Institute of Mathematics/CITlab|PLANET AI GmbH/Tobias Gruening/tobias.gruening@planet-ai.de:name=/net_tf/LA73_249_0mod360.pb:de.uros.citlab.segmentation.CITlab_LA_ML:v=2.6.7
Transkribus</Creator>
        <Created>2021-09-19T17:37:19.799+03:00</Created>
        <LastChange>2023-06-03T19:18:32.498+02:00</LastChange>
        <TranskribusMetadata docId="1458633" pageId="56018932" pageNr="26" tsid="125470660" status="IN_PROGRESS" userId="99263" imgUrl="https://files.transkribus.eu/Get?id=IOSXQWDGZGSAJPVYFEJDWIIW&amp;fileType=view" xmlUrl="https://files.transkribus.eu/Get?id=TLCTBRPDUIUWQBSASXXOIUTT" imageId="23265821"/>
    </Metadata>
    <Page imageFilename="0026_56 Bodleian-Library-MS-Barocci-31_00316_fol-154v.jpg" imageWidth="2061" imageHeight="2490">
        <ReadingOrder>
            <OrderedGroup id="ro_1686139443894" caption="Regions reading order">
                <RegionRefIndexed index="0" regionRef="r3"/>
                <RegionRefIndexed index="1" regionRef="r4"/>
            </OrderedGroup>
        </ReadingOrder>
        <TextRegion orientation="0.0" id="r3" custom="readingOrder {index:0;}">
            <Coords points="533,1537 533,1689 608,1689 608,1537"/>
            <TextEquiv>
                <Unicode></Unicode>
            </TextEquiv>
        </TextRegion>
        <TextRegion orientation="0.0" id="r4" custom="readingOrder {index:1;}">
            <Coords points="701,400 701,2043 1839,2043 1839,400"/>
            <TextLine id="r4l1" custom="readingOrder {index:0;}">
                <Coords points="717,473 820,504 909,477 984,521 1068,463 1226,449 1813,488 1807,335 1756,322 1463,409 1328,373 1275,409 888,404 713,352"/>
                <Baseline points="723,449 776,452 829,453 883,454 936,455 990,455 1043,453 1096,452 1150,450 1203,449 1257,447 1310,446 1363,444 1417,443 1470,441 1524,440 1577,440 1630,440 1747,426 1756,383 1800,363"/>
                <TextEquiv>
                    <Unicode>δεχεται και ος εαν εμε δεξηται </Unicode>
                </TextEquiv>
            </TextLine>
            <TextLine id="r4l2" custom="readingOrder {index:1;}">
                <Coords points="731,559 1040,539 1135,599 1305,533 1525,565 1594,537 1662,574 1822,548 1821,486 1315,498 1070,462 991,509 730,496"/>
                <Baseline points="738,551 791,548 845,546 899,543 953,542 1007,540 1061,539 1114,537 1168,536 1222,536 1276,534 1330,534 1384,533 1438,533 1491,533 1545,532 1599,531 1653,531 1707,531 1761,531 1815,531"/>
                <TextEquiv>
                    <Unicode>ουκ εμε δεχεται αλλα τον από</Unicode>
                </TextEquiv>
            </TextLine>
            <TextLine id="r4l3" custom="readingOrder {index:2;}">
                <Coords points="727,643 768,669 1277,614 1663,645 1828,610 1827,559 1645,584 1594,545 1478,581 1332,544 1143,592 901,564 726,598"/>
                <Baseline points="735,636 789,635 843,632 897,630 952,628 1006,626 1060,624 1115,623 1169,621 1223,618 1278,617 1332,616 1386,614 1440,614 1495,612 1549,612 1603,611 1658,611 1712,611 1766,611 1821,612"/>
                <TextEquiv>
                    <Unicode>στειλαντα με απεκριθη </Unicode>
                </TextEquiv>
            </TextLine>
            <TextLine id="r4l4" custom="readingOrder {index:3;}">
                <Coords points="731,719 1177,709 1464,750 1560,716 1811,723 1810,648 1639,630 1548,667 1460,624 1161,671 730,644"/>
                <Baseline points="738,713 791,711 844,711 897,710 951,710 1004,708 1057,707 1110,706 1164,705 1217,704 1270,702 1323,702 1377,701 1430,700 1483,699 1536,699 1590,698 1643,698 1696,698 1749,698 1803,698"/>
                <TextEquiv>
                    <Unicode>δε αυτω ιωαννης λεγων διδ</Unicode>
                </TextEquiv>
            </TextLine>
            <TextLine id="r4l5" custom="readingOrder {index:4;}">
                <Coords points="748,850 898,806 1030,822 1070,786 1266,813 1694,789 1740,817 1807,782 1806,720 1698,751 746,747"/>
                <Baseline points="755,801 807,800 859,798 911,797 964,794 1016,793 1068,791 1120,790 1173,789 1225,788 1277,786 1329,785 1382,785 1434,783 1486,783 1538,783 1591,783 1643,783 1695,783 1747,785 1800,786"/>
                <TextEquiv>
                    <Unicode>καλε ειδομεν τινα τω ονο</Unicode>
                </TextEquiv>
            </TextLine>
            <TextLine id="r4l6" custom="readingOrder {index:5;}">
                <Coords points="746,882 1226,877 1307,924 1384,877 1436,907 1543,867 1760,883 1824,832 1587,790 1500,836 746,851"/>
                <Baseline points="753,879 806,879 859,878 912,876 965,875 1019,875 1072,873 1125,872 1178,871 1231,870 1285,869 1338,868 1391,867 1444,866 1497,866 1551,864 1604,864 1657,864 1710,864 1763,864 1817,864"/>
                <TextEquiv>
                    <Unicode>ματι σου εκβαλλοντα δαιμο</Unicode>
                </TextEquiv>
            </TextLine>
            <TextLine id="r4l7" custom="readingOrder {index:6;}">
                <Coords points="751,1001 907,962 1786,965 1785,924 1467,893 1298,925 1196,888 1092,924 750,923"/>
                <Baseline points="758,965 809,964 860,962 911,960 962,959 1013,957 1064,956 1115,955 1166,954 1217,953 1268,951 1319,951 1370,950 1421,950 1472,950 1523,950 1574,950 1625,950 1676,950 1727,950 1778,951"/>
                <TextEquiv>
                    <Unicode>νια ος ουκ ακολουθει ημιν</Unicode>
                </TextEquiv>
            </TextLine>
            <TextLine id="r4l8" custom="readingOrder {index:7;}">
                <Coords points="733,1063 1686,1036 1798,1090 1797,1006 1620,972 1569,1003 1307,979 902,1010 830,978 733,1010"/>
                <Baseline points="740,1047 792,1047 845,1046 897,1044 950,1044 1002,1042 1055,1041 1107,1040 1160,1038 1212,1037 1265,1035 1318,1035 1370,1035 1423,1034 1475,1034 1528,1035 1580,1035 1633,1037 1685,1040 1738,1042 1791,1046"/>
                <TextEquiv>
                    <Unicode>και εκωλυσαμεν αυτόν ότι ου</Unicode>
                </TextEquiv>
            </TextLine>
            <TextLine id="r4l9" custom="readingOrder {index:8;}">
                <Coords points="766,1146 1230,1120 1361,1150 1424,1106 1714,1146 1825,1128 1825,1075 1579,1084 1493,1037 1417,1087 1010,1059 766,1092"/>
                <Baseline points="774,1125 826,1125 878,1124 930,1123 982,1122 1035,1121 1087,1121 1139,1119 1191,1119 1243,1118 1296,1118 1348,1118 1400,1118 1452,1118 1504,1118 1557,1118 1609,1119 1661,1120 1713,1121 1765,1124 1818,1125"/>
                <TextEquiv>
                    <Unicode>κ ακολυθει ημιν. ο δε ις ει</Unicode>
                </TextEquiv>
            </TextLine>
            <TextLine id="r4l10" custom="readingOrder {index:9;}">
                <Coords points="753,1220 1327,1238 1461,1200 1565,1234 1828,1203 1805,1143 753,1171"/>
                <Baseline points="761,1211 816,1211 872,1211 928,1211 983,1211 1039,1209 1095,1209 1151,1208 1206,1207 1262,1206 1318,1205 1374,1205 1429,1203 1485,1202 1541,1202 1597,1200 1652,1199 1708,1199 1764,1197 1820,1197"/>
                <TextEquiv>
                    <Unicode>πε μη κωλυετε αυτον ουδ</Unicode>
                </TextEquiv>
            </TextLine>
            <TextLine id="r4l11" custom="readingOrder {index:10;}">
                <Coords points="743,1303 855,1334 922,1299 1791,1282 1790,1245 1558,1250 1492,1208 1443,1253 1327,1256 741,1219"/>
                <Baseline points="750,1293 801,1293 853,1292 905,1292 956,1291 1008,1290 1060,1290 1111,1289 1163,1289 1215,1289 1267,1287 1318,1287 1370,1286 1422,1286 1473,1285 1525,1284 1577,1283 1628,1283 1680,1281 1732,1281 1784,1280"/>
                <TextEquiv>
                    <Unicode>γαρ εστιν ος ποιησει δυναμιν </Unicode>
                </TextEquiv>
            </TextLine>
            <TextLine id="r4l12" custom="readingOrder {index:11;}">
                <Coords points="727,1408 880,1366 1007,1401 1396,1362 1764,1409 1764,1330 1647,1283 1521,1334 727,1315"/>
                <Baseline points="735,1371 786,1370 837,1369 888,1368 939,1367 990,1367 1041,1366 1092,1365 1143,1365 1194,1365 1246,1364 1297,1364 1348,1364 1399,1364 1450,1364 1501,1364 1552,1365 1603,1365 1654,1365 1705,1367 1757,1367"/>
                <TextEquiv>
                    <Unicode>επι τω ονοματι μου και δυ</Unicode>
                </TextEquiv>
            </TextLine>
            <TextLine id="r4l14" custom="readingOrder {index:12;}">
                <Coords points="737,1498 1070,1456 1249,1494 1452,1450 1733,1452 1801,1496 1849,1484 1845,1354 1636,1418 1398,1381 1278,1421 735,1427"/>
                <Baseline points="744,1464 798,1462 852,1461 906,1458 961,1458 1015,1456 1069,1455 1124,1454 1178,1452 1232,1452 1287,1451 1341,1451 1395,1451 1449,1449 1504,1449 1558,1449 1612,1448 1667,1448 1809,1438 1775,1389 1838,1381"/>
                <TextEquiv>
                    <Unicode>νησεται ταχυ κακολογησαι με</Unicode>
                </TextEquiv>
            </TextLine>
            <TextLine id="r4l15" custom="readingOrder {index:13;}">
                <Coords points="694,1581 1490,1530 1839,1587 1836,1481 692,1501"/>
                <Baseline points="701,1557 757,1554 813,1551 870,1549 926,1546 983,1544 1039,1541 1096,1539 1152,1538 1209,1536 1265,1535 1321,1533 1378,1532 1434,1532 1491,1530 1547,1529 1604,1529 1660,1527 1717,1526 1773,1526 1830,1524"/>
                <TextEquiv>
                    <Unicode>ος γαρ ουκ εστιν καθ υμων υπερ </Unicode>
                </TextEquiv>
            </TextLine>
            <TextLine id="r4l16" custom="readingOrder {index:14;}">
                <Coords points="739,1645 1156,1614 1371,1656 1636,1599 1790,1655 1805,1563 737,1582"/>
                <Baseline points="746,1631 798,1629 851,1628 903,1625 956,1624 1009,1622 1061,1620 1114,1619 1167,1617 1219,1615 1272,1614 1325,1613 1377,1611 1430,1610 1483,1610 1535,1610 1588,1610 1641,1610 1693,1610 1746,1612 1799,1614"/>
                <TextEquiv>
                    <Unicode>υμων εστιν ος γαρ αν ποτιση </Unicode>
                </TextEquiv>
            </TextLine>
            <TextLine id="r4l17" custom="readingOrder {index:15;}">
                <Coords points="750,1716 1821,1701 1807,1646 1658,1632 1580,1664 1492,1619 1428,1663 1031,1667 991,1638 940,1677 750,1673"/>
                <Baseline points="758,1709 810,1707 863,1706 916,1704 969,1702 1022,1701 1074,1698 1127,1697 1180,1696 1233,1694 1286,1694 1338,1692 1391,1691 1444,1691 1497,1689 1550,1689 1602,1689 1655,1691 1708,1691 1761,1692 1814,1694"/>
                <TextEquiv>
                    <Unicode>υμας ποτηριον υδατος εν </Unicode>
                </TextEquiv>
            </TextLine>
            <TextLine id="r4l18" custom="readingOrder {index:16;}">
                <Coords points="730,1823 1273,1769 1400,1820 1456,1781 1625,1801 1808,1772 1807,1710 729,1753"/>
                <Baseline points="737,1787 790,1786 843,1785 896,1784 949,1782 1002,1781 1055,1779 1109,1778 1162,1776 1215,1776 1268,1775 1321,1773 1374,1772 1427,1772 1481,1772 1534,1772 1587,1772 1640,1772 1693,1773 1746,1775 1800,1778"/>
                <TextEquiv>
                    <Unicode>ονοματι οτι χυ εστε αμην </Unicode>
                </TextEquiv>
            </TextLine>
            <TextLine id="r4l19" custom="readingOrder {index:17;}">
                <Coords points="746,1909 1002,1873 1117,1908 1290,1858 1459,1885 1759,1863 1776,1794 983,1840 744,1819"/>
                <Baseline points="752,1866 802,1869 853,1870 904,1871 955,1871 1006,1870 1057,1869 1108,1868 1159,1866 1210,1864 1261,1862 1311,1860 1362,1857 1413,1856 1464,1854 1515,1853 1566,1853 1617,1853 1668,1853 1719,1854 1770,1857"/>
                <TextEquiv>
                    <Unicode>λεγω υμιν οτι ου μη απολεση </Unicode>
                </TextEquiv>
            </TextLine>
            <TextLine id="r4l20" custom="readingOrder {index:18;}">
                <Coords points="769,1989 836,1947 1050,1983 1345,1935 1802,1951 1801,1889 1001,1918 768,1894"/>
                <Baseline points="776,1944 826,1946 877,1947 928,1947 979,1947 1030,1946 1081,1944 1132,1944 1183,1941 1234,1941 1285,1938 1335,1937 1386,1935 1437,1934 1488,1934 1539,1932 1590,1932 1641,1934 1692,1935 1743,1937 1794,1940"/>
                <TextEquiv>
                    <Unicode>τον μισθον αυτου και ος εαν </Unicode>
                </TextEquiv>
            </TextLine>
            <TextLine id="r4l21" custom="readingOrder {index:19;}">
                <Coords points="831,2087 1004,2087 1108,2032 1766,2025 1798,1970 1330,1984 1193,1948 1085,1994 828,1947"/>
                <Baseline points="837,2025 884,2025 932,2025 980,2025 1027,2024 1075,2024 1123,2022 1170,2021 1218,2019 1266,2018 1314,2016 1361,2015 1409,2013 1457,2013 1504,2012 1552,2012 1600,2012 1647,2012 1695,2012 1743,2013 1791,2015"/>
                <TextEquiv>
                    <Unicode>σκανδαλιση ενα των μικρων    </Unicode>
                </TextEquiv>
            </TextLine>
            <TextEquiv>
                <Unicode>δεχεται και ος εαν εμε δεξηται &#13;
ουκ εμε δεχεται αλλα τον από&#13;
στειλαντα με απεκριθη &#13;
δε αυτω ιωαννης λεγων διδ&#13;
καλε ειδομεν τινα τω ονο&#13;
ματι σου εκβαλλοντα δαιμο&#13;
νια ος ουκ ακολουθει ημιν&#13;
και εκωλυσαμεν αυτόν ότι ου&#13;
κ ακολυθει ημιν. ο δε ις ει&#13;
πε μη κωλυετε αυτον ουδ&#13;
γαρ εστιν ος ποιησει δυναμιν &#13;
επι τω ονοματι μου και δυ&#13;
νησεται ταχυ κακολογησαι με&#13;
ος γαρ ουκ εστιν καθ υμων υπερ &#13;
υμων εστιν ος γαρ αν ποτιση &#13;
υμας ποτηριον υδατος εν &#13;
ονοματι οτι χυ εστε αμην &#13;
λεγω υμιν οτι ου μη απολεση &#13;
τον μισθον αυτου και ος εαν &#13;
σκανδαλιση ενα των μικρων    </Unicode>
            </TextEquiv>
        </TextRegion>
    </Page>
</PcGts>
