<?xml version="1.0" encoding="UTF-8" standalone="yes"?>
<PcGts xmlns="http://schema.primaresearch.org/PAGE/gts/pagecontent/2013-07-15" xmlns:xsi="http://www.w3.org/2001/XMLSchema-instance" xsi:schemaLocation="http://schema.primaresearch.org/PAGE/gts/pagecontent/2013-07-15 http://schema.primaresearch.org/PAGE/gts/pagecontent/2013-07-15/pagecontent.xsd">
    <Metadata>
        <Creator>prov=University of Rostock/Institute of Mathematics/CITlab|PLANET AI GmbH/Gundram Leifert/gundram.leifert@planet-ai.de:name=HPGTR(htr_id=41125)::::v=2.6.7
prov=University of Rostock/Institute of Mathematics/CITlab|PLANET AI GmbH/Tobias Gruening/tobias.gruening@planet-ai.de:name=de.uros.citlab.module.baseline2polygon.B2PSeamMultiOriented:v=2.6.7
prov=University of Rostock/Institute of Mathematics/CITlab|PLANET AI GmbH/Tobias Gruening/tobias.gruening@planet-ai.de:name=/net_tf/LA73_249_0mod360.pb:de.uros.citlab.segmentation.CITlab_LA_ML:v=2.6.7
Transkribus</Creator>
        <Created>2021-09-19T17:37:20.052+03:00</Created>
        <LastChange>2023-06-03T19:21:16.567+02:00</LastChange>
        <TranskribusMetadata docId="1458633" pageId="56018934" pageNr="27" tsid="125471263" status="IN_PROGRESS" userId="99263" imgUrl="https://files.transkribus.eu/Get?id=ZASMHFCJIBHUABOVDYMKAKVV&amp;fileType=view" xmlUrl="https://files.transkribus.eu/Get?id=CLDKVAKPGHYUFUBZGIJRVBOV" imageId="23265822"/>
    </Metadata>
    <Page imageFilename="0027_57 Bodleian-Library-MS-Barocci-31_00317_fol-155r.jpg" imageWidth="2093" imageHeight="2490">
        <ReadingOrder>
            <OrderedGroup id="ro_1686139444018" caption="Regions reading order">
                <RegionRefIndexed index="0" regionRef="r1"/>
                <RegionRefIndexed index="1" regionRef="r3"/>
            </OrderedGroup>
        </ReadingOrder>
        <TextRegion orientation="0.0" id="r1" custom="readingOrder {index:0;}">
            <Coords points="206,409 206,2062 1371,2062 1371,409"/>
            <TextLine id="r1l1" custom="readingOrder {index:0;}">
                <Coords points="289,447 440,490 535,452 834,473 880,445 1030,496 1357,466 1349,362 1017,416 752,384 482,419 290,358"/>
                <Baseline points="296,449 348,450 401,450 454,451 506,452 559,452 612,450 664,450 717,450 770,449 823,449 875,448 928,447 981,447 1033,449 1086,449 1139,450 1191,452 1244,455 1297,458 1350,461"/>
                <TextEquiv>
                    <Unicode>των πιστευοντων των εις εμε </Unicode>
                </TextEquiv>
            </TextLine>
            <TextLine id="r1l2" custom="readingOrder {index:1;}">
                <Coords points="280,563 985,542 1307,588 1315,486 280,512"/>
                <Baseline points="287,549 338,548 389,546 440,545 491,542 542,541 593,540 644,539 695,539 746,537 797,537 848,537 899,537 950,537 1001,539 1052,539 1103,540 1154,542 1205,543 1256,545 1308,548"/>
                <TextEquiv>
                    <Unicode>καλον εστιν αυτω μαλλον ει </Unicode>
                </TextEquiv>
            </TextLine>
            <TextLine id="r1l3" custom="readingOrder {index:2;}">
                <Coords points="283,643 390,630 441,663 795,616 1261,645 1378,630 1379,583 1096,590 966,552 895,589 487,561 283,592"/>
                <Baseline points="290,620 344,621 398,623 452,623 506,623 560,623 614,623 668,621 722,620 776,620 830,618 884,618 938,618 992,619 1046,620 1100,621 1154,624 1208,629 1262,634 1316,639 1371,647"/>
                <TextEquiv>
                    <Unicode>περικειται λιθος μυλικος </Unicode>
                </TextEquiv>
            </TextLine>
            <TextLine id="r1l4" custom="readingOrder {index:3;}">
                <Coords points="289,725 456,743 581,705 857,752 958,713 1241,705 1372,743 1372,671 1306,662 289,671"/>
                <Baseline points="296,708 349,710 402,710 456,710 509,710 563,708 616,708 669,707 723,707 776,705 830,705 883,704 936,704 990,704 1043,704 1097,705 1150,707 1203,708 1257,712 1310,715 1364,720"/>
                <TextEquiv>
                    <Unicode>περι τον τραχηλον αυτου και </Unicode>
                </TextEquiv>
            </TextLine>
            <TextLine id="r1l5" custom="readingOrder {index:4;}">
                <Coords points="289,799 385,802 434,848 604,790 991,796 1087,852 1149,801 1376,817 1359,738 472,765 289,733"/>
                <Baseline points="296,795 349,795 403,795 457,795 510,794 564,794 618,794 671,792 725,792 779,792 833,791 886,791 940,791 994,791 1047,791 1101,791 1155,791 1208,791 1262,792 1316,794 1370,795"/>
                <TextEquiv>
                    <Unicode>βεβληται εις την θαλασσαν</Unicode>
                </TextEquiv>
            </TextLine>
            <TextLine id="r1l7" custom="readingOrder {index:5;}">
                <Coords points="222,925 407,883 463,910 498,876 610,909 739,878 812,928 975,886 1338,908 1337,833 1242,819 837,842 723,800 613,847 221,838"/>
                <Baseline points="228,884 283,884 338,884 393,884 448,884 503,883 558,882 614,881 669,879 724,879 779,877 834,876 889,875 944,875 1000,875 1055,875 1110,875 1165,876 1220,878 1275,879 1331,882"/>
                <TextEquiv>
                    <Unicode>και εαν σκανδαλιζη σε η χειρ </Unicode>
                </TextEquiv>
            </TextLine>
            <TextLine id="r1l8" custom="readingOrder {index:6;}">
                <Coords points="268,981 705,966 774,1019 912,967 1011,999 1141,964 1351,983 1350,915 1288,901 268,928"/>
                <Baseline points="275,966 328,966 381,966 435,966 488,965 542,965 595,964 648,963 702,962 755,961 809,960 862,959 915,959 969,958 1022,957 1076,959 1129,959 1182,959 1236,961 1289,963 1343,966"/>
                <TextEquiv>
                    <Unicode>σου αποκοψον αυτην καλον </Unicode>
                </TextEquiv>
            </TextLine>
            <TextLine id="r1l9" custom="readingOrder {index:7;}">
                <Coords points="272,1063 847,1073 1013,1064 1050,1029 1106,1068 1349,1057 1348,1019 1200,990 271,1005"/>
                <Baseline points="278,1049 331,1049 384,1050 437,1050 490,1050 543,1050 596,1049 650,1048 703,1047 756,1046 809,1046 862,1044 915,1043 968,1042 1022,1041 1075,1041 1128,1040 1181,1040 1234,1040 1287,1041 1341,1041"/>
                <TextEquiv>
                    <Unicode>σοι εστιν κυλλον εις την ζωην </Unicode>
                </TextEquiv>
            </TextLine>
            <TextLine id="r1l10" custom="readingOrder {index:8;}">
                <Coords points="262,1184 450,1126 590,1130 652,1171 1016,1125 1161,1178 1327,1170 1326,1083 1046,1086 971,1047 856,1094 261,1067"/>
                <Baseline points="269,1133 321,1131 374,1130 426,1128 479,1128 531,1127 584,1125 636,1125 689,1125 741,1125 794,1125 847,1125 899,1125 952,1125 1004,1125 1057,1125 1109,1124 1162,1124 1214,1124 1267,1124 1320,1122"/>
                <TextEquiv>
                    <Unicode>εισελθειν η τας δυο χειρ </Unicode>
                </TextEquiv>
            </TextLine>
            <TextLine id="r1l11" custom="readingOrder {index:9;}">
                <Coords points="281,1259 371,1264 472,1212 1344,1219 1343,1161 333,1160 280,1187"/>
                <Baseline points="288,1218 340,1216 392,1214 445,1214 497,1212 550,1212 602,1211 655,1211 707,1211 760,1209 812,1209 864,1209 917,1209 969,1209 1022,1209 1074,1209 1127,1208 1179,1208 1232,1208 1284,1206 1337,1205"/>
                <TextEquiv>
                    <Unicode>εχοντα απελθειν εις την γε</Unicode>
                </TextEquiv>
            </TextLine>
            <TextLine id="r1l12" custom="readingOrder {index:10;}">
                <Coords points="275,1308 611,1334 670,1300 894,1296 1050,1329 1335,1308 1335,1244 275,1255"/>
                <Baseline points="282,1296 334,1298 386,1298 439,1298 491,1296 543,1296 596,1296 648,1295 700,1295 753,1293 805,1293 857,1292 910,1292 962,1292 1014,1292 1067,1292 1119,1292 1171,1293 1224,1295 1276,1296 1329,1299"/>
                <TextEquiv>
                    <Unicode>ενναν εις το πυρ το ασβε</Unicode>
                </TextEquiv>
            </TextLine>
            <TextLine id="r1l13" custom="readingOrder {index:11;}">
                <Coords points="283,1382 391,1412 516,1372 1363,1402 1363,1333 1297,1318 283,1341"/>
                <Baseline points="290,1374 343,1376 396,1379 449,1379 503,1379 556,1379 609,1377 663,1376 716,1374 769,1373 823,1371 876,1371 929,1370 982,1370 1036,1371 1089,1373 1142,1376 1196,1380 1249,1386 1302,1393 1356,1401"/>
                <TextEquiv>
                    <Unicode>στον οπου ο σκωληξ αυτων ου </Unicode>
                </TextEquiv>
            </TextLine>
            <TextLine id="r1l14" custom="readingOrder {index:12;}">
                <Coords points="283,1466 453,1499 657,1457 715,1488 1051,1458 1101,1497 1182,1459 1348,1473 1348,1416 1259,1407 283,1421"/>
                <Baseline points="290,1457 342,1459 395,1460 447,1461 500,1461 552,1461 605,1461 657,1460 710,1460 762,1459 815,1458 868,1458 920,1457 973,1457 1025,1457 1078,1457 1130,1458 1183,1460 1235,1461 1288,1464 1341,1467"/>
                <TextEquiv>
                    <Unicode>τελευτα και το πυρ ου σβε</Unicode>
                </TextEquiv>
            </TextLine>
            <TextLine id="r1l15" custom="readingOrder {index:13;}">
                <Coords points="306,1558 1342,1560 1342,1510 1227,1493 306,1488"/>
                <Baseline points="313,1543 262,1542 318,1544 375,1544 431,1544 488,1544 544,1544 601,1544 657,1542 714,1542 770,1541 826,1541 883,1539 939,1539 996,1539 1052,1539 1109,1539 1165,1539 1222,1541 1278,1542 1335,1544"/>
                <TextEquiv>
                    <Unicode>νυται και εάν ο πους σου σκαν</Unicode>
                </TextEquiv>
            </TextLine>
            <TextLine id="r1l16" custom="readingOrder {index:14;}">
                <Coords points="279,1634 389,1682 429,1642 646,1620 1037,1643 1083,1675 1183,1626 1368,1617 1368,1545 1232,1586 1085,1551 1018,1586 702,1557 668,1586 278,1581"/>
                <Baseline points="285,1626 338,1626 392,1626 446,1625 500,1625 554,1623 607,1623 661,1623 715,1622 769,1622 823,1620 876,1620 930,1620 984,1619 1038,1619 1092,1618 1145,1617 1199,1617 1253,1617 1307,1616 1361,1616"/>
                <TextEquiv>
                    <Unicode>δαλιζη σε αποκοψον αυτόν</Unicode>
                </TextEquiv>
            </TextLine>
            <TextLine id="r1l18" custom="readingOrder {index:15;}">
                <Coords points="272,1745 350,1710 623,1733 725,1703 846,1761 890,1718 1252,1730 1277,1632 1124,1672 872,1644 822,1671 564,1642 390,1682 271,1663"/>
                <Baseline points="278,1716 327,1713 377,1712 426,1710 476,1709 526,1709 575,1707 625,1707 675,1706 724,1706 774,1704 824,1704 873,1704 923,1704 973,1704 1022,1703 1072,1703 1122,1703 1171,1703 1221,1703 1271,1701"/>
                <TextEquiv>
                    <Unicode>καλον εστι σοι εισελθειν εις την</Unicode>
                </TextEquiv>
            </TextLine>
            <TextLine id="r1l19" custom="readingOrder {index:16;}">
                <Coords points="281,1817 430,1792 579,1838 1034,1785 1348,1826 1348,1757 1280,1741 281,1733"/>
                <Baseline points="288,1779 340,1784 393,1787 445,1788 498,1790 551,1791 603,1791 656,1791 709,1791 761,1791 814,1790 867,1790 919,1788 972,1788 1025,1787 1077,1787 1130,1787 1183,1787 1235,1787 1288,1788 1341,1790"/>
                <TextEquiv>
                    <Unicode>ζωην χωλον η τους δυο πο</Unicode>
                </TextEquiv>
            </TextLine>
            <TextLine id="r1l20" custom="readingOrder {index:17;}">
                <Coords points="277,1877 415,1876 495,1926 651,1870 826,1921 872,1874 1066,1900 1326,1866 1306,1819 1129,1808 748,1841 669,1808 464,1841 277,1815"/>
                <Baseline points="284,1868 335,1869 387,1871 439,1871 491,1872 542,1872 594,1871 646,1871 698,1869 749,1869 801,1868 853,1866 905,1866 956,1865 1008,1865 1060,1865 1112,1865 1163,1865 1215,1865 1267,1867 1319,1869"/>
                <TextEquiv>
                    <Unicode>δας εχοντα κληθηναι εις τ</Unicode>
                </TextEquiv>
            </TextLine>
            <TextLine id="r1l21" custom="readingOrder {index:18;}">
                <Coords points="293,1961 981,1946 1053,1984 1185,1951 1265,1993 1350,1966 1349,1902 1235,1872 1115,1914 293,1903"/>
                <Baseline points="300,1943 352,1947 404,1949 456,1951 508,1952 560,1953 612,1953 665,1953 717,1952 769,1950 821,1950 873,1949 925,1947 977,1947 1030,1946 1082,1946 1134,1946 1186,1946 1238,1947 1290,1949 1343,1952"/>
                <TextEquiv>
                    <Unicode>γεεναν εις το πυρ το ασβε</Unicode>
                </TextEquiv>
            </TextLine>
            <TextLine id="r1l22" custom="readingOrder {index:19;}">
                <Coords points="268,2083 431,2043 550,2076 853,2043 1000,2106 1190,2104 1377,2078 1377,1996 1191,1955 1020,1995 916,1958 722,2014 267,1999"/>
                <Baseline points="275,2040 329,2042 384,2043 439,2043 494,2043 548,2043 603,2043 658,2042 713,2042 767,2042 822,2040 877,2040 932,2039 986,2039 1041,2039 1096,2039 1151,2039 1205,2039 1260,2040 1315,2040 1370,2043"/>
                <TextEquiv>
                    <Unicode>στον  οπου ο σκωληξ αυτων ου  	  </Unicode>
                </TextEquiv>
            </TextLine>
            <TextEquiv>
                <Unicode>των πιστευοντων των εις εμε &#13;
καλον εστιν αυτω μαλλον ει &#13;
περικειται λιθος μυλικος &#13;
περι τον τραχηλον αυτου και &#13;
βεβληται εις την θαλασσαν&#13;
και εαν σκανδαλιζη σε η χειρ &#13;
σου αποκοψον αυτην καλον &#13;
σοι εστιν κυλλον εις την ζωην &#13;
εισελθειν η τας δυο χειρ &#13;
εχοντα απελθειν εις την γε&#13;
ενναν εις το πυρ το ασβε&#13;
στον οπου ο σκωληξ αυτων ου &#13;
τελευτα και το πυρ ου σβε&#13;
νυται και εάν ο πους σου σκαν&#13;
δαλιζη σε αποκοψον αυτόν&#13;
καλον εστι σοι εισελθειν εις την&#13;
ζωην χωλον η τους δυο πο&#13;
δας εχοντα κληθηναι εις τ&#13;
γεεναν εις το πυρ το ασβε&#13;
στον  οπου ο σκωληξ αυτων ου  	  </Unicode>
            </TextEquiv>
        </TextRegion>
        <TextRegion orientation="0.0" id="r3" custom="readingOrder {index:1;}">
            <Coords points="1833,2143 1833,2293 1848,2293 1848,2143"/>
            <TextEquiv>
                <Unicode></Unicode>
            </TextEquiv>
        </TextRegion>
    </Page>
</PcGts>
