<?xml version="1.0" encoding="UTF-8" standalone="yes"?>
<PcGts xmlns="http://schema.primaresearch.org/PAGE/gts/pagecontent/2013-07-15" xmlns:xsi="http://www.w3.org/2001/XMLSchema-instance" xsi:schemaLocation="http://schema.primaresearch.org/PAGE/gts/pagecontent/2013-07-15 http://schema.primaresearch.org/PAGE/gts/pagecontent/2013-07-15/pagecontent.xsd">
    <Metadata>
        <Creator>prov=University of Rostock/Institute of Mathematics/CITlab|PLANET AI GmbH/Gundram Leifert/gundram.leifert@planet-ai.de:name=HPGTR(htr_id=41125)::::v=2.6.7
prov=University of Rostock/Institute of Mathematics/CITlab|PLANET AI GmbH/Tobias Gruening/tobias.gruening@planet-ai.de:name=de.uros.citlab.module.baseline2polygon.B2PSeamMultiOriented:v=2.6.7
prov=University of Rostock/Institute of Mathematics/CITlab|PLANET AI GmbH/Tobias Gruening/tobias.gruening@planet-ai.de:name=/net_tf/LA73_249_0mod360.pb:de.uros.citlab.segmentation.CITlab_LA_ML:v=2.6.7
Transkribus</Creator>
        <Created>2021-09-19T17:37:20.193+03:00</Created>
        <LastChange>2023-06-03T19:24:17.218+02:00</LastChange>
        <TranskribusMetadata docId="1458633" pageId="56018935" pageNr="28" tsid="125471749" status="IN_PROGRESS" userId="99263" imgUrl="https://files.transkribus.eu/Get?id=SSZLAZIUQBTAAKAEJFLEWZBM&amp;fileType=view" xmlUrl="https://files.transkribus.eu/Get?id=YPYMSZKYZLKSSWODEBDJEARU" imageId="23265823"/>
    </Metadata>
    <Page imageFilename="0028_58 Bodleian-Library-MS-Barocci-31_00318_fol-155v.jpg" imageWidth="2061" imageHeight="2490">
        <ReadingOrder>
            <OrderedGroup id="ro_1686139444165" caption="Regions reading order">
                <RegionRefIndexed index="0" regionRef="r2"/>
                <RegionRefIndexed index="1" regionRef="r3"/>
            </OrderedGroup>
        </ReadingOrder>
        <TextRegion orientation="0.0" id="r2" custom="readingOrder {index:0;}">
            <Coords points="225,2329 225,2479 243,2479 243,2329"/>
            <TextEquiv>
                <Unicode></Unicode>
            </TextEquiv>
        </TextRegion>
        <TextRegion orientation="0.0" id="r3" custom="readingOrder {index:1;}">
            <Coords points="686,407 686,2062 1853,2062 1853,407"/>
            <TextLine id="r3l1" custom="readingOrder {index:0;}">
                <Coords points="757,463 1614,475 1788,453 1788,380 1481,415 757,400"/>
                <Baseline points="764,452 814,450 865,450 916,450 967,449 1018,449 1069,449 1119,447 1170,447 1221,446 1272,446 1323,446 1374,446 1425,446 1475,446 1526,446 1577,446 1628,446 1679,447 1730,447 1781,449"/>
                <TextEquiv>
                    <Unicode>τελευτα και το πυρ ου σβεν</Unicode>
                </TextEquiv>
            </TextLine>
            <TextLine id="r3l2" custom="readingOrder {index:1;}">
                <Coords points="737,567 955,540 1020,575 1324,542 1385,590 1445,545 1815,564 1814,521 1747,502 1390,494 1301,457 1145,511 737,491"/>
                <Baseline points="744,543 797,542 850,542 903,540 956,540 1010,539 1063,539 1116,537 1169,537 1222,537 1276,536 1329,536 1382,536 1435,536 1488,536 1542,536 1595,536 1648,536 1701,537 1754,537 1808,539"/>
                <TextEquiv>
                    <Unicode>νυται και εάν ο οφθαλμος σου</Unicode>
                </TextEquiv>
            </TextLine>
            <TextLine id="r3l3" custom="readingOrder {index:2;}">
                <Coords points="746,671 891,637 1774,642 1822,624 1822,577 1200,564 1136,596 966,549 900,591 746,593"/>
                <Baseline points="753,624 806,624 859,624 912,624 965,624 1018,624 1071,623 1124,623 1177,621 1230,620 1284,620 1337,619 1390,618 1443,618 1496,617 1549,617 1602,617 1655,618 1708,618 1761,620 1815,620"/>
                <TextEquiv>
                    <Unicode>σκανδαλιζη σε ἔκβαλε αὐ </Unicode>
                </TextEquiv>
            </TextLine>
            <TextLine id="r3l4" custom="readingOrder {index:3;}">
                <Coords points="748,734 807,707 1038,751 1510,710 1654,763 1704,719 1805,725 1804,639 1732,672 1652,638 1605,669 1394,674 1340,639 1134,677 747,670"/>
                <Baseline points="755,713 807,711 859,710 911,709 963,708 1015,707 1067,707 1119,707 1171,705 1223,705 1276,705 1328,705 1380,705 1432,704 1484,704 1536,704 1588,704 1640,702 1692,702 1744,701 1797,699"/>
                <TextEquiv>
                    <Unicode>τὸν καλόν σοί ἐστι μονόφθαλ</Unicode>
                </TextEquiv>
            </TextLine>
            <TextLine id="r3l5" custom="readingOrder {index:4;}">
                <Coords points="746,810 1342,827 1695,792 1791,819 1824,725 1749,708 1654,760 1332,724 1268,758 745,755"/>
                <Baseline points="753,789 806,789 859,789 912,790 966,791 1019,791 1072,791 1125,791 1179,791 1232,792 1285,792 1338,792 1392,791 1445,791 1498,789 1551,789 1605,787 1658,785 1711,783 1764,780 1818,777"/>
                <TextEquiv>
                    <Unicode>μον εἰσελθεῖν εἰς τὴν βασιλει</Unicode>
                </TextEquiv>
            </TextLine>
            <TextLine id="r3l6" custom="readingOrder {index:5;}">
                <Coords points="732,889 1372,880 1438,930 1564,880 1819,871 1818,838 1465,838 1383,802 1294,850 732,837"/>
                <Baseline points="740,872 793,873 847,875 900,875 954,876 1007,876 1061,876 1114,876 1168,876 1221,875 1275,875 1329,875 1382,873 1436,873 1489,873 1543,872 1596,872 1650,872 1703,872 1757,873 1811,873"/>
                <TextEquiv>
                    <Unicode>αν του θυ, ἢ δύο ὀφθαλμοὺς </Unicode>
                </TextEquiv>
            </TextLine>
            <TextLine id="r3l7" custom="readingOrder {index:6;}">
                <Coords points="736,1007 1007,955 1060,997 1202,955 1318,984 1794,961 1793,902 1692,924 1648,894 1581,926 1166,902 868,930 783,891 735,924"/>
                <Baseline points="743,965 795,963 847,962 899,960 951,959 1004,957 1056,957 1108,956 1160,956 1212,956 1265,956 1317,956 1369,956 1421,956 1473,956 1526,956 1578,956 1630,956 1682,956 1734,956 1787,956"/>
                <TextEquiv>
                    <Unicode>ἔχοντα βληθῆναι εἰς τὴν γέ</Unicode>
                </TextEquiv>
            </TextLine>
            <TextLine id="r3l8" custom="readingOrder {index:7;}">
                <Coords points="734,1073 1817,1031 1816,993 733,1006"/>
                <Baseline points="741,1049 794,1046 847,1045 901,1043 954,1041 1008,1041 1061,1040 1114,1040 1168,1038 1221,1038 1275,1038 1328,1038 1381,1038 1435,1038 1488,1037 1542,1037 1595,1037 1648,1037 1702,1037 1755,1037 1809,1035"/>
                <TextEquiv>
                    <Unicode>ενναν τοῦ πυρός οπου ο σ</Unicode>
                </TextEquiv>
            </TextLine>
            <TextLine id="r3l9" custom="readingOrder {index:8;}">
                <Coords points="679,1169 840,1131 992,1182 1096,1117 1185,1149 1650,1118 1819,1146 1818,1080 1477,1089 1407,1057 679,1099"/>
                <Baseline points="686,1133 742,1132 798,1130 854,1129 911,1127 967,1127 1023,1125 1080,1124 1136,1124 1192,1122 1249,1121 1305,1121 1361,1121 1417,1121 1474,1121 1530,1121 1586,1121 1643,1121 1699,1122 1755,1124 1812,1125"/>
                <TextEquiv>
                    <Unicode>κωληξ αυτων ου τελευτα και</Unicode>
                </TextEquiv>
            </TextLine>
            <TextLine id="r3l10" custom="readingOrder {index:9;}">
                <Coords points="745,1223 851,1205 987,1256 1045,1210 1109,1233 1155,1205 1341,1259 1403,1214 1826,1208 1807,1167 1366,1173 1255,1137 1176,1174 745,1167"/>
                <Baseline points="752,1212 805,1211 858,1211 911,1209 965,1208 1018,1208 1071,1208 1125,1206 1178,1206 1231,1206 1285,1206 1338,1206 1391,1206 1444,1206 1498,1208 1551,1208 1604,1208 1658,1209 1711,1209 1764,1209 1818,1211"/>
                <TextEquiv>
                    <Unicode>το πυρ ου σβεννυται πας</Unicode>
                </TextEquiv>
            </TextLine>
            <TextLine id="r3l11" custom="readingOrder {index:10;}">
                <Coords points="733,1306 860,1334 930,1300 1021,1340 1072,1304 1140,1351 1267,1291 1827,1305 1827,1257 732,1248"/>
                <Baseline points="740,1295 794,1295 848,1295 902,1293 956,1293 1010,1293 1064,1292 1118,1292 1172,1290 1226,1290 1280,1290 1334,1289 1388,1289 1442,1287 1496,1287 1550,1287 1604,1286 1658,1286 1712,1286 1766,1286 1820,1286"/>
                <TextEquiv>
                    <Unicode>γαρ πυρι αλισθησεται και πα</Unicode>
                </TextEquiv>
            </TextLine>
            <TextLine id="r3l12" custom="readingOrder {index:11;}">
                <Coords points="746,1383 1432,1398 1561,1365 1609,1397 1839,1377 1839,1329 1714,1299 1358,1342 1217,1318 1146,1352 1083,1322 745,1329"/>
                <Baseline points="753,1374 809,1373 866,1373 923,1371 980,1371 1036,1371 1093,1371 1150,1371 1207,1371 1264,1371 1320,1370 1377,1370 1434,1370 1491,1370 1548,1370 1604,1368 1661,1368 1718,1367 1775,1365 1832,1364"/>
                <TextEquiv>
                    <Unicode>σαι θυσιαι αλι αλισθησεται </Unicode>
                </TextEquiv>
            </TextLine>
            <TextLine id="r3l13" custom="readingOrder {index:12;}">
                <Coords points="742,1482 1247,1482 1361,1444 1492,1486 1812,1458 1860,1485 1860,1424 1630,1424 1538,1376 1437,1427 1180,1386 1133,1422 741,1425"/>
                <Baseline points="749,1469 804,1466 859,1463 914,1462 969,1460 1025,1458 1080,1458 1135,1457 1190,1457 1245,1457 1301,1457 1356,1455 1411,1457 1466,1457 1521,1457 1577,1457 1632,1457 1687,1458 1742,1458 1797,1458 1853,1458"/>
                <TextEquiv>
                    <Unicode>καλον το αλας εαν δε το αλας </Unicode>
                </TextEquiv>
            </TextLine>
            <TextLine id="r3l14" custom="readingOrder {index:13;}">
                <Coords points="747,1568 1231,1532 1709,1555 1828,1535 1828,1470 1679,1507 1419,1466 1363,1503 1122,1468 1048,1505 746,1509"/>
                <Baseline points="753,1548 806,1547 859,1545 913,1544 966,1542 1020,1541 1073,1539 1126,1538 1180,1536 1233,1536 1287,1535 1340,1534 1393,1533 1447,1533 1500,1533 1554,1532 1607,1533 1660,1533 1714,1533 1767,1535 1821,1536"/>
                <TextEquiv>
                    <Unicode>αναλον γενηται εν τινι αυτο </Unicode>
                </TextEquiv>
            </TextLine>
            <TextLine id="r3l15" custom="readingOrder {index:14;}">
                <Coords points="738,1627 1184,1626 1259,1668 1460,1618 1835,1636 1834,1577 1595,1547 1552,1573 1304,1542 1234,1584 738,1567"/>
                <Baseline points="746,1620 800,1620 854,1620 908,1620 962,1619 1016,1619 1070,1617 1124,1616 1178,1616 1232,1614 1286,1613 1340,1611 1394,1611 1448,1610 1502,1610 1556,1610 1610,1610 1664,1610 1718,1611 1772,1611 1827,1614"/>
                <TextEquiv>
                    <Unicode>αρτυσετε εχετε εν εαυτοις </Unicode>
                </TextEquiv>
            </TextLine>
            <TextLine id="r3l16" custom="readingOrder {index:15;}">
                <Coords points="745,1702 944,1749 1164,1705 1220,1744 1300,1712 1371,1745 1562,1697 1675,1725 1797,1663 1507,1639 745,1674"/>
                <Baseline points="752,1700 803,1701 855,1704 907,1706 959,1706 1011,1706 1063,1706 1115,1706 1167,1704 1219,1703 1271,1701 1322,1700 1374,1698 1426,1697 1478,1696 1530,1695 1582,1695 1634,1695 1686,1695 1738,1697 1790,1698"/>
                <TextEquiv>
                    <Unicode>αλας και ειρηνευετε εν α</Unicode>
                </TextEquiv>
            </TextLine>
            <TextLine id="r3l17" custom="readingOrder {index:16;}">
                <Coords points="758,1803 1150,1818 1345,1778 1483,1808 1522,1778 1603,1805 1697,1776 1744,1802 1837,1786 1835,1690 1554,1749 1294,1717 1187,1756 870,1761 756,1722"/>
                <Baseline points="765,1791 818,1791 871,1791 924,1790 978,1790 1031,1788 1084,1787 1137,1787 1191,1785 1244,1784 1297,1782 1350,1781 1404,1780 1457,1779 1510,1778 1563,1778 1617,1776 1670,1776 1723,1776 1776,1776 1830,1776"/>
                <TextEquiv>
                    <Unicode>λληλοις κακειθεν αν α α </Unicode>
                </TextEquiv>
            </TextLine>
            <TextLine id="r3l18" custom="readingOrder {index:17;}">
                <Coords points="812,1906 1200,1863 1345,1903 1406,1863 1777,1875 1775,1809 1594,1829 1510,1789 1439,1825 1339,1793 1202,1836 810,1830"/>
                <Baseline points="818,1878 865,1877 913,1875 960,1874 1008,1872 1055,1871 1103,1869 1150,1868 1198,1866 1245,1865 1293,1863 1341,1862 1388,1862 1436,1860 1483,1859 1531,1859 1578,1857 1626,1857 1673,1857 1721,1856 1769,1856"/>
                <TextEquiv>
                    <Unicode>ερχεται εις τα ορια της ιου</Unicode>
                </TextEquiv>
            </TextLine>
            <TextLine id="r3l19" custom="readingOrder {index:18;}">
                <Coords points="845,1956 947,1979 1068,1948 1189,1980 1362,1942 1539,1980 1837,1939 1828,1899 1560,1910 1495,1875 1351,1915 1221,1890 1166,1916 1063,1869 1000,1905 845,1904"/>
                <Baseline points="852,1950 900,1950 949,1950 998,1950 1047,1950 1096,1949 1145,1949 1194,1949 1243,1947 1292,1947 1341,1947 1389,1946 1438,1946 1487,1944 1536,1944 1585,1943 1634,1942 1683,1941 1732,1941 1781,1940 1830,1938"/>
                <TextEquiv>
                    <Unicode>δαιας δια του περαν του ι</Unicode>
                </TextEquiv>
            </TextLine>
            <TextLine id="r3l20" custom="readingOrder {index:19;}">
                <Coords points="782,2102 1021,2098 1124,2052 1376,2079 1424,2049 1545,2074 1618,2037 1807,2035 1786,1955 1622,2001 1223,2009 1142,1958 1021,1983 847,1953 780,1992"/>
                <Baseline points="788,2043 838,2042 889,2042 939,2042 990,2042 1040,2042 1091,2042 1141,2040 1192,2040 1242,2040 1293,2039 1344,2039 1394,2039 1445,2037 1495,2036 1546,2035 1596,2034 1647,2031 1697,2030 1748,2028 1799,2027"/>
                <TextEquiv>
                    <Unicode>ορδανου και συμπορευονται </Unicode>
                </TextEquiv>
            </TextLine>
            <TextEquiv>
                <Unicode>τελευτα και το πυρ ου σβεν&#13;
νυται και εάν ο οφθαλμος σου&#13;
σκανδαλιζη σε ἔκβαλε αὐ &#13;
τὸν καλόν σοί ἐστι μονόφθαλ&#13;
μον εἰσελθεῖν εἰς τὴν βασιλει&#13;
αν του θυ, ἢ δύο ὀφθαλμοὺς &#13;
ἔχοντα βληθῆναι εἰς τὴν γέ&#13;
ενναν τοῦ πυρός οπου ο σ&#13;
κωληξ αυτων ου τελευτα και&#13;
το πυρ ου σβεννυται πας&#13;
γαρ πυρι αλισθησεται και πα&#13;
σαι θυσιαι αλι αλισθησεται &#13;
καλον το αλας εαν δε το αλας &#13;
αναλον γενηται εν τινι αυτο &#13;
αρτυσετε εχετε εν εαυτοις &#13;
αλας και ειρηνευετε εν α&#13;
λληλοις κακειθεν αν α α &#13;
ερχεται εις τα ορια της ιου&#13;
δαιας δια του περαν του ι&#13;
ορδανου και συμπορευονται </Unicode>
            </TextEquiv>
        </TextRegion>
    </Page>
</PcGts>
