<?xml version="1.0" encoding="UTF-8" standalone="yes"?>
<PcGts xmlns="http://schema.primaresearch.org/PAGE/gts/pagecontent/2013-07-15" xmlns:xsi="http://www.w3.org/2001/XMLSchema-instance" xsi:schemaLocation="http://schema.primaresearch.org/PAGE/gts/pagecontent/2013-07-15 http://schema.primaresearch.org/PAGE/gts/pagecontent/2013-07-15/pagecontent.xsd">
    <Metadata>
        <Creator>prov=University of Rostock/Institute of Mathematics/CITlab|PLANET AI GmbH/Gundram Leifert/gundram.leifert@planet-ai.de:name=HPGTR(htr_id=41125)::::v=2.6.7
prov=University of Rostock/Institute of Mathematics/CITlab|PLANET AI GmbH/Tobias Gruening/tobias.gruening@planet-ai.de:name=de.uros.citlab.module.baseline2polygon.B2PSeamMultiOriented:v=2.6.7
prov=University of Rostock/Institute of Mathematics/CITlab|PLANET AI GmbH/Tobias Gruening/tobias.gruening@planet-ai.de:name=/net_tf/LA73_249_0mod360.pb:de.uros.citlab.segmentation.CITlab_LA_ML:v=2.6.7
Transkribus</Creator>
        <Created>2021-09-19T17:37:20.316+03:00</Created>
        <LastChange>2023-06-03T19:26:51.478+02:00</LastChange>
        <TranskribusMetadata docId="1458633" pageId="56018937" pageNr="29" tsid="125472329" status="IN_PROGRESS" userId="99263" imgUrl="https://files.transkribus.eu/Get?id=MBHUNEGPVRUHYVZOWNDWWNNE&amp;fileType=view" xmlUrl="https://files.transkribus.eu/Get?id=FJCNBSLTYAQIIBOECSNKKSPJ" imageId="23265824"/>
    </Metadata>
    <Page imageFilename="0029_59 Bodleian-Library-MS-Barocci-31_00319_fol-156r.jpg" imageWidth="2093" imageHeight="2490">
        <ReadingOrder>
            <OrderedGroup id="ro_1686139444302" caption="Regions reading order">
                <RegionRefIndexed index="0" regionRef="r1"/>
                <RegionRefIndexed index="1" regionRef="r2"/>
                <RegionRefIndexed index="2" regionRef="r3"/>
                <RegionRefIndexed index="3" regionRef="r4"/>
                <RegionRefIndexed index="4" regionRef="r5"/>
                <RegionRefIndexed index="5" regionRef="r8"/>
                <RegionRefIndexed index="6" regionRef="r9"/>
                <RegionRefIndexed index="7" regionRef="r10"/>
                <RegionRefIndexed index="8" regionRef="r11"/>
            </OrderedGroup>
        </ReadingOrder>
        <TextRegion orientation="0.0" id="r1" custom="readingOrder {index:0;}">
            <Coords points="201,300 201,2073 1451,2073 1451,300"/>
            <TextLine id="r1l2" custom="readingOrder {index:0;}">
                <Coords points="289,494 427,519 554,489 690,528 824,480 904,535 1017,481 1276,513 1386,500 1387,422 894,448 654,392 454,448 290,413"/>
                <Baseline points="296,470 350,473 404,475 458,477 512,479 566,480 620,480 675,482 729,482 783,482 837,482 891,482 945,482 999,482 1054,482 1108,482 1162,483 1216,483 1270,485 1324,487 1379,491"/>
                <TextEquiv>
                    <Unicode>παλιν οχλοι προς αυτόν κ</Unicode>
                </TextEquiv>
            </TextLine>
            <TextLine id="r1l3" custom="readingOrder {index:1;}">
                <Coords points="282,594 1384,573 1371,535 1109,533 1031,485 917,537 283,529"/>
                <Baseline points="290,561 344,563 398,564 452,564 507,566 561,566 615,566 670,566 724,566 778,566 833,566 887,566 941,566 995,566 1050,566 1104,566 1158,566 1213,567 1267,569 1321,570 1376,573"/>
                <TextEquiv>
                    <Unicode>ως ειωθει παλιν εδιδασκε</Unicode>
                </TextEquiv>
            </TextLine>
            <TextLine id="r1l4" custom="readingOrder {index:2;}">
                <Coords points="194,654 851,689 970,651 1268,690 1378,671 1379,598 668,616 507,575 194,607"/>
                <Baseline points="201,641 259,642 318,644 376,644 435,645 493,645 552,647 610,647 669,647 727,647 786,648 844,648 903,648 961,648 1020,650 1078,650 1137,650 1195,651 1254,651 1312,651 1371,653"/>
                <TextEquiv>
                    <Unicode>αυτοις και προσελθοντες</Unicode>
                </TextEquiv>
            </TextLine>
            <TextLine id="r1l5" custom="readingOrder {index:3;}">
                <Coords points="258,770 418,781 572,732 954,776 997,745 1379,750 1379,706 1293,688 258,673"/>
                <Baseline points="266,734 321,734 376,734 431,734 487,734 542,734 597,735 652,735 708,735 763,737 818,737 873,737 929,738 984,738 1039,738 1094,738 1150,738 1205,738 1260,738 1315,737 1371,737"/>
                <TextEquiv>
                    <Unicode>Φαρισαιοι επηρωτησαν αυ</Unicode>
                </TextEquiv>
            </TextLine>
            <TextLine id="r1l6" custom="readingOrder {index:4;}">
                <Coords points="278,819 526,821 659,873 814,827 884,854 961,823 1005,858 1385,835 1386,785 278,770"/>
                <Baseline points="285,803 339,808 394,811 448,813 503,816 558,818 612,819 667,821 721,822 776,822 831,824 885,824 940,824 994,824 1049,824 1104,824 1158,824 1213,824 1267,824 1322,824 1377,824"/>
                <TextEquiv>
                    <Unicode>τον ει εξεστιν ανδρι γυναικα</Unicode>
                </TextEquiv>
            </TextLine>
            <TextLine id="r1l8" custom="readingOrder {index:5;}">
                <Coords points="280,906 715,899 771,932 819,903 925,936 997,902 1124,940 1391,916 1409,875 281,849"/>
                <Baseline points="288,890 343,893 399,894 454,896 510,897 566,899 621,900 677,901 733,902 788,903 844,903 900,903 955,905 1011,905 1067,905 1122,905 1178,905 1234,905 1289,905 1345,905 1401,905"/>
                <TextEquiv>
                    <Unicode>απολυσαι πειραζοντες αυτ</Unicode>
                </TextEquiv>
            </TextLine>
            <TextLine id="r1l9" custom="readingOrder {index:6;}">
                <Coords points="219,1009 1041,991 1239,1022 1373,996 1374,951 343,948 221,906"/>
                <Baseline points="227,966 283,970 340,974 397,977 454,981 511,983 568,985 625,986 682,987 739,989 796,989 852,989 909,990 966,990 1023,990 1080,990 1137,990 1194,990 1251,990 1308,990 1365,992"/>
                <TextEquiv>
                    <Unicode>ο δε αποκριθεις ειπεν αυ</Unicode>
                </TextEquiv>
            </TextLine>
            <TextLine id="r1l10" custom="readingOrder {index:7;}">
                <Coords points="301,1071 993,1103 1408,1082 1409,1036 301,1013"/>
                <Baseline points="309,1056 363,1058 418,1059 472,1061 527,1062 582,1062 636,1064 691,1065 745,1065 800,1067 855,1068 909,1068 964,1070 1018,1070 1073,1070 1128,1071 1182,1071 1237,1071 1291,1071 1346,1070 1401,1070"/>
                <TextEquiv>
                    <Unicode>τοις τι υμιν ενετειλατο Μω</Unicode>
                </TextEquiv>
            </TextLine>
            <TextLine id="r1l11" custom="readingOrder {index:8;}">
                <Coords points="269,1142 1113,1152 1147,1184 1324,1165 1325,1080 1211,1118 660,1111 583,1065 428,1108 269,1093"/>
                <Baseline points="276,1136 328,1137 380,1138 432,1139 484,1140 536,1142 588,1143 640,1143 692,1145 744,1145 796,1146 848,1146 900,1148 952,1148 1004,1148 1056,1148 1108,1148 1160,1148 1212,1148 1264,1148 1317,1148"/>
                <TextEquiv>
                    <Unicode>σης οι δε ειπον Μωσης ε</Unicode>
                </TextEquiv>
            </TextLine>
            <TextLine id="r1l12" custom="readingOrder {index:9;}">
                <Coords points="283,1228 495,1264 827,1236 939,1286 1140,1238 1433,1248 1433,1202 857,1169 784,1204 674,1158 552,1196 443,1152 283,1185"/>
                <Baseline points="290,1223 346,1225 403,1226 460,1227 517,1229 573,1230 630,1232 687,1232 744,1233 800,1233 857,1235 914,1235 971,1236 1027,1236 1084,1237 1141,1238 1198,1238 1254,1238 1311,1238 1368,1238 1425,1238"/>
                <TextEquiv>
                    <Unicode>πετρεψε βιβλίον αποστα</Unicode>
                </TextEquiv>
            </TextLine>
            <TextLine id="r1l13" custom="readingOrder {index:10;}">
                <Coords points="261,1302 691,1370 757,1320 1202,1343 1413,1311 1173,1262 942,1290 262,1256"/>
                <Baseline points="269,1304 325,1305 382,1307 439,1308 496,1310 553,1311 610,1311 666,1313 723,1313 780,1314 837,1314 894,1314 951,1316 1008,1316 1064,1316 1121,1316 1178,1316 1235,1316 1292,1317 1349,1317 1406,1317"/>
                <TextEquiv>
                    <Unicode>σίου γράψαι και απολυσαι</Unicode>
                </TextEquiv>
            </TextLine>
            <TextLine id="r1l14" custom="readingOrder {index:11;}">
                <Coords points="196,1446 417,1383 600,1442 680,1396 1399,1423 1400,1368 1345,1356 198,1342"/>
                <Baseline points="204,1374 263,1379 322,1383 382,1386 441,1389 501,1391 560,1393 619,1395 679,1395 738,1397 798,1397 857,1397 916,1397 976,1397 1035,1397 1095,1397 1154,1397 1213,1398 1273,1398 1332,1399 1392,1400"/>
                <TextEquiv>
                    <Unicode>και αποκριθεις ο ις ειπεν αυτ</Unicode>
                </TextEquiv>
            </TextLine>
            <TextLine id="r1l15" custom="readingOrder {index:12;}">
                <Coords points="273,1487 388,1516 542,1463 891,1523 1145,1494 1206,1531 1263,1494 1389,1499 1390,1457 274,1411"/>
                <Baseline points="281,1470 336,1470 391,1472 446,1473 501,1473 556,1475 611,1476 666,1478 721,1479 776,1481 831,1482 886,1483 941,1484 996,1485 1051,1485 1106,1487 1161,1487 1216,1487 1271,1487 1326,1485 1382,1485"/>
                <TextEquiv>
                    <Unicode>προς την σκληροκαρδιαν </Unicode>
                </TextEquiv>
            </TextLine>
            <TextLine id="r1l16" custom="readingOrder {index:13;}">
                <Coords points="268,1573 549,1565 613,1602 708,1561 807,1598 1147,1561 1338,1620 1405,1603 1406,1508 1366,1493 1174,1531 603,1492 269,1519"/>
                <Baseline points="275,1553 331,1553 387,1553 443,1554 499,1554 555,1554 611,1554 667,1555 723,1556 779,1556 836,1556 892,1557 948,1557 1004,1557 1060,1559 1116,1560 1172,1560 1228,1562 1284,1563 1340,1565 1397,1568"/>
                <TextEquiv>
                    <Unicode>υμων εγραψε υμιν την εν</Unicode>
                </TextEquiv>
            </TextLine>
            <TextLine id="r1l17" custom="readingOrder {index:14;}">
                <Coords points="279,1636 1213,1643 1314,1704 1431,1673 1405,1600 1180,1610 1065,1567 943,1605 280,1586"/>
                <Baseline points="287,1628 343,1629 400,1631 457,1631 514,1631 571,1632 628,1632 684,1634 741,1634 798,1635 855,1635 912,1637 969,1638 1026,1638 1082,1640 1139,1641 1196,1643 1253,1644 1310,1646 1367,1648 1424,1650"/>
                <TextEquiv>
                    <Unicode>τολην ταυτη από δε αρχης</Unicode>
                </TextEquiv>
            </TextLine>
            <TextLine id="r1l18" custom="readingOrder {index:15;}">
                <Coords points="277,1743 1295,1746 1362,1739 1363,1690 1269,1695 1184,1648 1079,1699 881,1658 822,1685 278,1664"/>
                <Baseline points="285,1716 338,1715 392,1715 445,1715 499,1715 552,1715 606,1716 659,1716 713,1718 766,1719 820,1719 873,1721 927,1722 980,1724 1034,1725 1087,1727 1141,1728 1194,1730 1248,1731 1301,1733 1355,1734"/>
                <TextEquiv>
                    <Unicode>κτισεως αρσεν και θηλυ ε</Unicode>
                </TextEquiv>
            </TextLine>
            <TextLine id="r1l19" custom="readingOrder {index:16;}">
                <Coords points="277,1802 1378,1825 1379,1757 1305,1740 1190,1771 1131,1742 969,1770 278,1744"/>
                <Baseline points="285,1793 339,1793 393,1793 447,1794 502,1794 556,1794 610,1794 665,1794 719,1796 773,1796 828,1796 882,1797 936,1797 990,1799 1045,1799 1099,1800 1153,1802 1208,1803 1262,1803 1316,1805 1371,1806"/>
                <TextEquiv>
                    <Unicode>ποιησεν αυτους ο θς ενε</Unicode>
                </TextEquiv>
            </TextLine>
            <TextLine id="r1l20" custom="readingOrder {index:17;}">
                <Coords points="217,1900 626,1873 1232,1890 1294,1923 1402,1897 1403,1824 1267,1858 218,1821"/>
                <Baseline points="225,1871 283,1871 341,1872 400,1872 458,1874 517,1874 575,1875 634,1875 692,1876 751,1877 809,1877 867,1878 926,1880 984,1880 1043,1881 1101,1881 1160,1883 1218,1884 1277,1886 1335,1888 1394,1890"/>
                <TextEquiv>
                    <Unicode>κεν τουτου καταλειψει ανος</Unicode>
                </TextEquiv>
            </TextLine>
            <TextLine id="r1l21" custom="readingOrder {index:18;}">
                <Coords points="292,1961 391,1994 497,1961 544,1995 618,1951 1117,1992 1166,1962 1275,2007 1392,1982 1375,1898 1240,1935 1127,1894 1002,1929 293,1915"/>
                <Baseline points="300,1949 354,1950 408,1952 462,1953 517,1955 571,1956 625,1956 679,1958 734,1958 788,1959 842,1959 896,1961 951,1961 1005,1962 1059,1962 1113,1964 1168,1964 1222,1965 1276,1967 1330,1967 1385,1968"/>
                <TextEquiv>
                    <Unicode>τον πρα αυτου και την μρα </Unicode>
                </TextEquiv>
            </TextLine>
            <TextLine id="r1l22" custom="readingOrder {index:19;}">
                <Coords points="265,2088 442,2039 547,2079 1243,2060 1314,2104 1345,2097 1346,1969 1279,2021 941,1979 266,1990"/>
                <Baseline points="272,2020 325,2024 379,2028 432,2031 486,2033 539,2035 593,2037 646,2038 700,2039 753,2040 807,2041 861,2041 914,2042 968,2043 1021,2043 1075,2043 1128,2043 1182,2043 1235,2044 1330,2040 1339,1989"/>
                <TextEquiv>
                    <Unicode>και προσκολληθησεται προ</Unicode>
                </TextEquiv>
            </TextLine>
            <TextEquiv>
                <Unicode>παλιν οχλοι προς αυτόν κ&#13;
ως ειωθει παλιν εδιδασκε&#13;
αυτοις και προσελθοντες&#13;
Φαρισαιοι επηρωτησαν αυ&#13;
τον ει εξεστιν ανδρι γυναικα&#13;
απολυσαι πειραζοντες αυτ&#13;
ο δε αποκριθεις ειπεν αυ&#13;
τοις τι υμιν ενετειλατο Μω&#13;
σης οι δε ειπον Μωσης ε&#13;
πετρεψε βιβλίον αποστα&#13;
σίου γράψαι και απολυσαι&#13;
και αποκριθεις ο ις ειπεν αυτ&#13;
προς την σκληροκαρδιαν &#13;
υμων εγραψε υμιν την εν&#13;
τολην ταυτη από δε αρχης&#13;
κτισεως αρσεν και θηλυ ε&#13;
ποιησεν αυτους ο θς ενε&#13;
κεν τουτου καταλειψει ανος&#13;
τον πρα αυτου και την μρα &#13;
και προσκολληθησεται προ</Unicode>
            </TextEquiv>
        </TextRegion>
        <TextRegion orientation="0.0" id="r2" custom="readingOrder {index:1;}">
            <Coords points="1515,193 1515,344 1587,344 1587,193"/>
            <TextEquiv>
                <Unicode></Unicode>
            </TextEquiv>
        </TextRegion>
        <TextRegion orientation="0.0" id="r3" custom="readingOrder {index:2;}">
            <Coords points="1599,122 1599,275 1659,275 1659,122"/>
            <TextEquiv>
                <Unicode></Unicode>
            </TextEquiv>
        </TextRegion>
        <TextRegion orientation="0.0" id="r4" custom="readingOrder {index:3;}">
            <Coords points="1818,2272 1818,2425 1833,2425 1833,2272"/>
            <TextEquiv>
                <Unicode></Unicode>
            </TextEquiv>
        </TextRegion>
        <TextRegion orientation="0.0" id="r5" custom="readingOrder {index:4;}">
            <Coords points="1863,2282 1863,2432 1896,2432 1896,2282"/>
            <TextEquiv>
                <Unicode></Unicode>
            </TextEquiv>
        </TextRegion>
        <TextRegion orientation="0.0" id="r8" custom="readingOrder {index:5;}">
            <Coords points="1895,185 1895,344 1910,344 1910,185"/>
            <TextEquiv>
                <Unicode></Unicode>
            </TextEquiv>
        </TextRegion>
        <TextRegion orientation="0.0" id="r9" custom="readingOrder {index:6;}">
            <Coords points="1896,418 1896,574 1911,574 1911,418"/>
            <TextEquiv>
                <Unicode></Unicode>
            </TextEquiv>
        </TextRegion>
        <TextRegion orientation="0.0" id="r10" custom="readingOrder {index:7;}">
            <Coords points="1901,310 1901,467 1917,467 1917,310"/>
            <TextEquiv>
                <Unicode></Unicode>
            </TextEquiv>
        </TextRegion>
        <TextRegion orientation="0.0" id="r11" custom="readingOrder {index:8;}">
            <Coords points="1934,1174 1934,1327 1949,1327 1949,1174"/>
            <TextEquiv>
                <Unicode></Unicode>
            </TextEquiv>
        </TextRegion>
    </Page>
</PcGts>
