<?xml version="1.0" encoding="UTF-8" standalone="yes"?>
<PcGts xmlns="http://schema.primaresearch.org/PAGE/gts/pagecontent/2013-07-15" xmlns:xsi="http://www.w3.org/2001/XMLSchema-instance" xsi:schemaLocation="http://schema.primaresearch.org/PAGE/gts/pagecontent/2013-07-15 http://schema.primaresearch.org/PAGE/gts/pagecontent/2013-07-15/pagecontent.xsd">
    <Metadata>
        <Creator>prov=University of Rostock/Institute of Mathematics/CITlab|PLANET AI GmbH/Gundram Leifert/gundram.leifert@planet-ai.de:name=HPGTR(htr_id=41125)::::v=2.6.7
prov=University of Rostock/Institute of Mathematics/CITlab|PLANET AI GmbH/Tobias Gruening/tobias.gruening@planet-ai.de:name=de.uros.citlab.module.baseline2polygon.B2PSeamMultiOriented:v=2.6.7
prov=University of Rostock/Institute of Mathematics/CITlab|PLANET AI GmbH/Tobias Gruening/tobias.gruening@planet-ai.de:name=/net_tf/LA73_249_0mod360.pb:de.uros.citlab.segmentation.CITlab_LA_ML:v=2.6.7
Transkribus</Creator>
        <Created>2021-09-19T17:37:20.437+03:00</Created>
        <LastChange>2023-06-03T19:29:02.451+02:00</LastChange>
        <TranskribusMetadata docId="1458633" pageId="56018939" pageNr="30" tsid="125472809" status="IN_PROGRESS" userId="99263" imgUrl="https://files.transkribus.eu/Get?id=VSCTEXSJFRCYJNYDMEFTGLAJ&amp;fileType=view" xmlUrl="https://files.transkribus.eu/Get?id=DHPGQSAEHMJIMSQXHIGFGOAD" imageId="23265825"/>
    </Metadata>
    <Page imageFilename="0030_60 Bodleian-Library-MS-Barocci-31_00320_fol-156v.jpg" imageWidth="2061" imageHeight="2490">
        <ReadingOrder>
            <OrderedGroup id="ro_1686139444430" caption="Regions reading order">
                <RegionRefIndexed index="0" regionRef="r2"/>
                <RegionRefIndexed index="1" regionRef="r3"/>
            </OrderedGroup>
        </ReadingOrder>
        <TextRegion orientation="0.0" id="r2" custom="readingOrder {index:0;}">
            <Coords points="671,628 671,784 704,784 704,628"/>
            <TextEquiv>
                <Unicode></Unicode>
            </TextEquiv>
        </TextRegion>
        <TextRegion orientation="0.0" id="r3" custom="readingOrder {index:1;}">
            <Coords points="699,427 699,2056 1863,2056 1863,427"/>
            <TextLine id="r3l1" custom="readingOrder {index:0;}">
                <Coords points="768,483 1350,468 1430,511 1539,466 1618,499 1851,465 1851,425 1766,417 768,424"/>
                <Baseline points="775,463 828,463 881,463 935,463 988,463 1042,463 1095,463 1149,465 1202,465 1256,465 1328,454 1303,387 1416,465 1469,465 1523,465 1576,465 1630,465 1683,465 1737,465 1790,465 1844,465"/>
                <TextEquiv>
                    <Unicode>την γυναικα αυτου και εσονται</Unicode>
                </TextEquiv>
            </TextLine>
            <TextLine id="r3l2" custom="readingOrder {index:1;}">
                <Coords points="730,558 1795,575 1795,504 1182,522 1084,492 929,534 730,480"/>
                <Baseline points="738,551 790,551 843,551 895,550 948,549 1000,549 1053,549 1105,548 1158,548 1210,548 1263,548 1315,546 1368,546 1420,546 1473,546 1525,548 1578,548 1630,548 1683,549 1735,551 1788,552"/>
                <TextEquiv>
                    <Unicode>οι δυο εις σαρκα μιαν ώστε</Unicode>
                </TextEquiv>
            </TextLine>
            <TextLine id="r3l3" custom="readingOrder {index:2;}">
                <Coords points="737,664 1328,633 1736,685 1836,647 1836,599 1363,578 1230,606 1116,562 971,603 862,552 736,596"/>
                <Baseline points="744,645 798,642 852,639 906,637 961,635 1015,633 1069,633 1123,632 1178,630 1232,630 1286,630 1340,629 1395,629 1449,629 1503,629 1557,629 1612,629 1666,629 1720,629 1774,629 1829,629"/>
                <TextEquiv>
                    <Unicode>ουκετι εισι δυο αλλα σαρξ μια</Unicode>
                </TextEquiv>
            </TextLine>
            <TextLine id="r3l4" custom="readingOrder {index:3;}">
                <Coords points="664,752 888,727 962,765 1138,756 1196,724 1360,772 1585,721 1774,737 1774,671 1348,688 1282,647 1232,689 895,663 728,695 664,659"/>
                <Baseline points="672,715 794,722 845,721 896,720 947,720 999,720 1050,719 1101,719 1152,719 1203,719 1255,719 1306,719 1357,719 1408,719 1459,719 1511,719 1562,719 1613,719 1664,719 1715,719 1767,719"/>
                <TextEquiv>
                    <Unicode>ο ουν ο θς συνεζευξε ανος</Unicode>
                </TextEquiv>
            </TextLine>
            <TextLine id="r3l5" custom="readingOrder {index:4;}">
                <Coords points="740,810 892,844 1260,814 1534,851 1625,810 1820,817 1819,755 1784,744 1594,769 1538,739 1452,774 1231,772 1174,739 740,779"/>
                <Baseline points="747,803 800,804 853,804 906,806 960,806 1013,806 1066,806 1119,804 1173,804 1226,804 1279,804 1332,803 1386,803 1439,803 1492,801 1545,801 1599,801 1652,801 1705,801 1758,801 1812,801"/>
                <TextEquiv>
                    <Unicode>μη χωριζετω και εν τη</Unicode>
                </TextEquiv>
            </TextLine>
            <TextLine id="r3l6" custom="readingOrder {index:5;}">
                <Coords points="724,908 1023,893 1128,944 1196,897 1771,900 1819,893 1819,850 724,857"/>
                <Baseline points="731,888 785,890 839,890 893,890 947,889 1001,888 1055,888 1109,888 1163,887 1217,887 1271,885 1325,885 1379,884 1433,884 1487,882 1541,882 1595,881 1649,881 1703,881 1757,881 1812,881"/>
                <TextEquiv>
                    <Unicode>οικια παλιν οι μαθηται αυ</Unicode>
                </TextEquiv>
            </TextLine>
            <TextLine id="r3l7" custom="readingOrder {index:6;}">
                <Coords points="746,989 1805,993 1805,937 1732,922 746,938"/>
                <Baseline points="753,969 805,971 857,971 909,971 961,971 1014,972 1066,972 1118,972 1170,972 1222,972 1275,971 1327,971 1379,971 1431,971 1483,971 1536,969 1588,969 1640,969 1692,969 1744,969 1797,969"/>
                <TextEquiv>
                    <Unicode>του περι του αυτου επηρω</Unicode>
                </TextEquiv>
            </TextLine>
            <TextLine id="r3l8" custom="readingOrder {index:7;}">
                <Coords points="735,1060 1247,1058 1405,1105 1480,1057 1745,1071 1790,1018 1411,993 1366,1024 1308,996 1071,1022 991,993 735,1019"/>
                <Baseline points="743,1052 797,1052 852,1052 907,1052 961,1052 1016,1052 1071,1052 1125,1052 1180,1052 1235,1052 1289,1052 1344,1052 1399,1052 1453,1052 1508,1052 1563,1052 1617,1052 1672,1052 1727,1052 1782,1050"/>
                <TextEquiv>
                    <Unicode>τησαν αυτόν λεγει αυτοις</Unicode>
                </TextEquiv>
            </TextLine>
            <TextLine id="r3l9" custom="readingOrder {index:8;}">
                <Coords points="727,1147 868,1130 941,1169 1008,1137 1385,1135 1493,1172 1581,1127 1666,1132 1729,1193 1818,1144 1818,1111 1738,1090 727,1094"/>
                <Baseline points="735,1130 788,1131 842,1131 896,1131 950,1131 1004,1131 1057,1131 1111,1131 1165,1131 1219,1131 1273,1131 1326,1130 1380,1130 1434,1130 1488,1131 1542,1131 1595,1131 1649,1133 1703,1134 1757,1135 1811,1137"/>
                <TextEquiv>
                    <Unicode>ος εάν απολυση την γυναικα </Unicode>
                </TextEquiv>
            </TextLine>
            <TextLine id="r3l10" custom="readingOrder {index:9;}">
                <Coords points="727,1213 997,1250 1408,1211 1546,1277 1834,1223 1797,1177 727,1179"/>
                <Baseline points="734,1215 788,1217 843,1217 897,1218 952,1218 1007,1218 1061,1220 1116,1220 1170,1220 1225,1220 1280,1220 1334,1220 1389,1220 1443,1220 1498,1220 1553,1220 1607,1220 1662,1220 1716,1218 1771,1218 1826,1218"/>
                <TextEquiv>
                    <Unicode>αυτου και γαμηση αλλην μοι</Unicode>
                </TextEquiv>
            </TextLine>
            <TextLine id="r3l11" custom="readingOrder {index:10;}">
                <Coords points="711,1352 970,1305 1378,1337 1535,1301 1620,1341 1821,1293 1821,1219 1719,1268 1009,1244 711,1273"/>
                <Baseline points="719,1301 773,1301 828,1301 883,1301 938,1301 992,1301 1047,1301 1102,1302 1157,1302 1211,1304 1266,1304 1321,1304 1376,1304 1430,1304 1485,1304 1540,1304 1595,1302 1649,1301 1704,1300 1759,1298 1814,1295"/>
                <TextEquiv>
                    <Unicode>χαται επ αυτην και εάν γυνη</Unicode>
                </TextEquiv>
            </TextLine>
            <TextLine id="r3l12" custom="readingOrder {index:11;}">
                <Coords points="734,1395 1369,1387 1433,1419 1783,1373 1727,1334 1461,1353 1349,1313 1277,1352 825,1349 783,1318 734,1348"/>
                <Baseline points="741,1379 792,1379 844,1380 896,1380 947,1382 999,1382 1051,1382 1102,1383 1154,1383 1206,1383 1258,1383 1309,1383 1361,1382 1413,1382 1464,1382 1516,1380 1568,1379 1619,1378 1671,1376 1723,1374 1775,1373"/>
                <TextEquiv>
                    <Unicode>απολυση τον ανδρα αυτης</Unicode>
                </TextEquiv>
            </TextLine>
            <TextLine id="r3l13" custom="readingOrder {index:12;}">
                <Coords points="736,1518 1185,1464 1269,1517 1458,1467 1561,1516 1606,1480 1871,1458 1682,1416 737,1416"/>
                <Baseline points="744,1458 802,1462 861,1464 920,1466 979,1466 1038,1466 1097,1466 1156,1465 1215,1464 1274,1463 1332,1463 1391,1461 1450,1461 1509,1461 1568,1463 1627,1464 1686,1467 1745,1470 1804,1474 1863,1481"/>
                <TextEquiv>
                    <Unicode>και γαμηθη αλλω μοιχαται</Unicode>
                </TextEquiv>
            </TextLine>
            <TextLine id="r3l14" custom="readingOrder {index:13;}">
                <Coords points="693,1583 1767,1549 1863,1509 692,1498"/>
                <Baseline points="699,1539 756,1541 814,1543 872,1544 930,1545 988,1545 1046,1545 1103,1545 1161,1545 1219,1545 1277,1544 1335,1542 1393,1542 1451,1541 1508,1539 1566,1537 1624,1535 1682,1533 1740,1531 1798,1529 1856,1526"/>
                <TextEquiv>
                    <Unicode>και προσεφερον αυτω παιδια</Unicode>
                </TextEquiv>
            </TextLine>
            <TextLine id="r3l15" custom="readingOrder {index:14;}">
                <Coords points="749,1645 891,1626 1008,1687 1104,1634 1819,1628 1818,1570 1658,1583 1592,1527 1474,1588 748,1591"/>
                <Baseline points="755,1628 807,1628 860,1628 913,1628 966,1627 1019,1626 1071,1625 1124,1625 1177,1623 1230,1622 1283,1622 1335,1620 1388,1619 1441,1617 1494,1616 1547,1615 1599,1614 1652,1613 1705,1613 1758,1611 1811,1611"/>
                <TextEquiv>
                    <Unicode>ινα αψηται αυτων οι δε μα</Unicode>
                </TextEquiv>
            </TextLine>
            <TextLine id="r3l16" custom="readingOrder {index:15;}">
                <Coords points="724,1732 1359,1735 1521,1699 1657,1747 1809,1696 1808,1664 1732,1648 1210,1648 1005,1689 722,1651"/>
                <Baseline points="731,1707 784,1710 838,1712 891,1713 945,1713 998,1713 1052,1712 1105,1711 1159,1709 1212,1707 1266,1705 1320,1703 1373,1701 1427,1699 1480,1697 1534,1696 1587,1695 1641,1694 1694,1695 1748,1695 1802,1697"/>
                <TextEquiv>
                    <Unicode>θηται επετιμων τοις προς</Unicode>
                </TextEquiv>
            </TextLine>
            <TextLine id="r3l18" custom="readingOrder {index:16;}">
                <Coords points="718,1802 885,1842 1098,1787 1271,1830 1450,1776 1768,1785 1767,1734 1720,1713 1669,1746 1324,1725 1221,1752 1146,1719 972,1764 717,1743"/>
                <Baseline points="725,1791 776,1793 828,1793 880,1793 932,1791 983,1791 1035,1790 1087,1789 1139,1788 1190,1787 1242,1784 1294,1782 1346,1781 1397,1779 1449,1778 1501,1776 1553,1776 1604,1775 1656,1773 1708,1773 1760,1773"/>
                <TextEquiv>
                    <Unicode>φερουσιν ιδων δε ο ις ηγα</Unicode>
                </TextEquiv>
            </TextLine>
            <TextLine id="r3l19" custom="readingOrder {index:17;}">
                <Coords points="743,1893 1849,1865 1848,1802 741,1825"/>
                <Baseline points="749,1869 803,1869 858,1869 912,1869 967,1868 1022,1866 1076,1865 1131,1863 1185,1862 1240,1860 1295,1857 1349,1856 1404,1854 1458,1853 1513,1853 1568,1851 1622,1851 1677,1851 1731,1851 1786,1853 1841,1854"/>
                <TextEquiv>
                    <Unicode>νακτησε και ειπεν αυτοις α</Unicode>
                </TextEquiv>
            </TextLine>
            <TextLine id="r3l20" custom="readingOrder {index:18;}">
                <Coords points="725,2005 1087,1939 1308,1945 1441,1994 1697,1935 1775,1986 1800,1901 1479,1905 1417,1870 1257,1908 1164,1875 1110,1914 723,1893"/>
                <Baseline points="732,1958 785,1956 838,1953 891,1952 944,1950 997,1947 1050,1946 1103,1944 1156,1942 1209,1941 1262,1940 1315,1938 1368,1937 1421,1936 1474,1935 1527,1935 1580,1935 1633,1935 1686,1937 1739,1938 1793,1940"/>
                <TextEquiv>
                    <Unicode>φετε τα παιδια ερχεσθαι προ</Unicode>
                </TextEquiv>
            </TextLine>
            <TextLine id="r3l21" custom="readingOrder {index:19;}">
                <Coords points="713,2078 840,2035 897,2063 1036,2029 1130,2071 1271,2034 1483,2054 1611,2028 1610,1986 1559,1977 1298,1967 1257,1992 1184,1962 1050,1997 842,1974 712,2016"/>
                <Baseline points="719,2039 763,2037 807,2034 851,2033 896,2032 940,2031 984,2030 1028,2030 1073,2030 1117,2030 1161,2028 1205,2028 1250,2028 1294,2027 1338,2027 1382,2024 1427,2024 1471,2021 1515,2019 1559,2016 1604,2012"/>
                <TextEquiv>
                    <Unicode>με μη κωλυετε αυτά  </Unicode>
                </TextEquiv>
            </TextLine>
            <TextEquiv>
                <Unicode>την γυναικα αυτου και εσονται&#13;
οι δυο εις σαρκα μιαν ώστε&#13;
ουκετι εισι δυο αλλα σαρξ μια&#13;
ο ουν ο θς συνεζευξε ανος&#13;
μη χωριζετω και εν τη&#13;
οικια παλιν οι μαθηται αυ&#13;
του περι του αυτου επηρω&#13;
τησαν αυτόν λεγει αυτοις&#13;
ος εάν απολυση την γυναικα &#13;
αυτου και γαμηση αλλην μοι&#13;
χαται επ αυτην και εάν γυνη&#13;
απολυση τον ανδρα αυτης&#13;
και γαμηθη αλλω μοιχαται&#13;
και προσεφερον αυτω παιδια&#13;
ινα αψηται αυτων οι δε μα&#13;
θηται επετιμων τοις προς&#13;
φερουσιν ιδων δε ο ις ηγα&#13;
νακτησε και ειπεν αυτοις α&#13;
φετε τα παιδια ερχεσθαι προ&#13;
με μη κωλυετε αυτά  </Unicode>
            </TextEquiv>
        </TextRegion>
    </Page>
</PcGts>
