<?xml version="1.0" encoding="UTF-8" standalone="yes"?>
<PcGts xmlns="http://schema.primaresearch.org/PAGE/gts/pagecontent/2013-07-15" xmlns:xsi="http://www.w3.org/2001/XMLSchema-instance" xsi:schemaLocation="http://schema.primaresearch.org/PAGE/gts/pagecontent/2013-07-15 http://schema.primaresearch.org/PAGE/gts/pagecontent/2013-07-15/pagecontent.xsd">
    <Metadata>
        <Creator>prov=University of Rostock/Institute of Mathematics/CITlab|PLANET AI GmbH/Gundram Leifert/gundram.leifert@planet-ai.de:name=HPGTR(htr_id=41125)::::v=2.6.7
prov=University of Rostock/Institute of Mathematics/CITlab|PLANET AI GmbH/Tobias Gruening/tobias.gruening@planet-ai.de:name=de.uros.citlab.module.baseline2polygon.B2PSeamMultiOriented:v=2.6.7
prov=University of Rostock/Institute of Mathematics/CITlab|PLANET AI GmbH/Tobias Gruening/tobias.gruening@planet-ai.de:name=/net_tf/LA73_249_0mod360.pb:de.uros.citlab.segmentation.CITlab_LA_ML:v=2.6.7
Transkribus</Creator>
        <Created>2021-09-19T17:37:20.700+03:00</Created>
        <LastChange>2023-06-03T19:34:43.084+02:00</LastChange>
        <TranskribusMetadata docId="1458633" pageId="56018940" pageNr="31" tsid="125474042" status="IN_PROGRESS" userId="99263" imgUrl="https://files.transkribus.eu/Get?id=PXSMSWTDTNLAVUVCRIACMLSI&amp;fileType=view" xmlUrl="https://files.transkribus.eu/Get?id=ETQSIDURTWTDERJVMDEBQARE" imageId="23265826"/>
    </Metadata>
    <Page imageFilename="0031_61 Bodleian-Library-MS-Barocci-127_00131_fol-64r.jpg" imageWidth="3909" imageHeight="5212">
        <ReadingOrder>
            <OrderedGroup id="ro_1686139444643" caption="Regions reading order">
                <RegionRefIndexed index="0" regionRef="r1"/>
                <RegionRefIndexed index="1" regionRef="r2"/>
                <RegionRefIndexed index="2" regionRef="r3"/>
            </OrderedGroup>
        </ReadingOrder>
        <TextRegion orientation="0.0" id="r1" custom="readingOrder {index:0;}">
            <Coords points="624,2622 624,2772 644,2772 644,2622"/>
            <TextEquiv>
                <Unicode></Unicode>
            </TextEquiv>
        </TextRegion>
        <TextRegion orientation="0.0" id="r2" custom="readingOrder {index:1;}">
            <Coords points="554,630 554,4015 2932,4015 2932,630"/>
            <TextLine id="r2l5" custom="readingOrder {index:0;}">
                <Coords points="668,856 1110,827 1970,912 2345,857 2347,763 2187,715 2108,787 1946,799 1723,718 1554,777 1205,684 1019,762 672,711"/>
                <Baseline points="682,816 764,814 847,812 929,812 1012,812 1094,814 1177,816 1259,819 1342,822 1424,826 1507,830 1589,833 1672,836 1754,840 1837,842 1919,845 2002,847 2084,848 2167,848 2249,847 2332,846"/>
                <TextEquiv>
                    <Unicode>ὁ Ξανθίας. ποῦ Ξανθίας; ἤ, Ξανθία. ἰαῦ.</Unicode>
                </TextEquiv>
            </TextLine>
            <TextLine id="r2l7" custom="readingOrder {index:1;}">
                <Coords points="597,1033 2688,1026 2689,894 1890,967 599,874"/>
                <Baseline points="612,996 715,996 818,996 921,998 1024,1000 1127,1002 1230,1004 1333,1006 1436,1008 1539,1010 1643,1012 1746,1014 1849,1016 1952,1016 2055,1018 2158,1018 2261,1018 2364,1018 2467,1016 2570,1014 2674,1012"/>
                <TextEquiv>
                    <Unicode>βάδιζε δεῦρο. χαῖρ᾽, ὦ δέσποτα. τί ἐστι τἀνταυθοῖ;</Unicode>
                </TextEquiv>
            </TextLine>
            <TextLine id="r2l8" custom="readingOrder {index:2;}">
                <Coords points="541,1194 2665,1181 2460,1069 1878,1033 1568,1132 1085,1044 542,1109"/>
                <Baseline points="554,1178 658,1174 763,1172 868,1172 973,1170 1078,1170 1183,1170 1288,1171 1393,1172 1498,1174 1603,1174 1707,1176 1812,1178 1917,1179 2022,1180 2127,1182 2232,1182 2337,1182 2442,1182 2547,1182 2652,1182"/>
                <TextEquiv>
                    <Unicode>σκότος κ βόρβορος. κατεῖδες οὖν που τοὺς πατραλοίας</Unicode>
                </TextEquiv>
            </TextLine>
            <TextLine id="r2l9" custom="readingOrder {index:3;}">
                <Coords points="686,1356 1288,1431 1576,1355 2508,1403 2510,1296 1955,1315 1803,1243 1547,1303 1121,1204 688,1290"/>
                <Baseline points="700,1330 789,1330 879,1332 969,1334 1059,1336 1149,1338 1238,1338 1328,1340 1418,1343 1508,1345 1598,1346 1687,1350 1777,1352 1867,1354 1957,1356 2047,1359 2136,1362 2226,1364 2316,1366 2406,1370 2496,1372"/>
                <TextEquiv>
                    <Unicode> αὐτόθι καὶ τοὺς ἐπιόρκους, οὓς ἔλεγεν ἡμῖν;  σὺ δ᾽ οὔ;</Unicode>
                </TextEquiv>
            </TextLine>
            <TextLine id="r2l11" custom="readingOrder {index:4;}">
                <Coords points="666,1549 2442,1574 2595,1558 2596,1388 2253,1382 2008,1464 1419,1391 1084,1473 790,1401 667,1472"/>
                <Baseline points="680,1516 775,1516 870,1518 965,1518 1060,1518 1155,1520 1250,1520 1345,1522 1440,1522 1535,1522 1631,1524 1726,1524 1821,1524 1916,1524 2011,1524 2106,1524 2201,1522 2296,1522 2391,1520 2486,1518 2582,1514"/>
                <TextEquiv>
                    <Unicode>νὴ τὸν Ποσειδῶ ᾽γε, κ νυνί γ᾽ ὁρῶ. ἄγε δή, τί δρῶμεν;</Unicode>
                </TextEquiv>
            </TextLine>
            <TextLine id="r2l18" custom="readingOrder {index:5;}">
                <Coords points="582,1725 2804,1734 2805,1581 2596,1649 1902,1553 1639,1646 582,1610"/>
                <Baseline points="596,1692 705,1692 815,1690 925,1690 1034,1690 1144,1690 1254,1690 1363,1690 1473,1690 1583,1692 1693,1692 1802,1692 1912,1694 2022,1694 2131,1694 2241,1696 2351,1696 2460,1696 2570,1696 2680,1694 2790,1694"/>
                <TextEquiv>
                    <Unicode>προϊέναι βέλτιστον νωιν, ὡς οὗτος ὁ τόπος ἐστὶν οὗ τὰ θηρία</Unicode>
                </TextEquiv>
            </TextLine>
            <TextLine id="r2l22" custom="readingOrder {index:6;}">
                <Coords points="706,1875 2352,1909 2353,1822 2091,1765 1736,1811 1281,1759 1179,1821 1133,1773 1033,1813 708,1758"/>
                <Baseline points="720,1846 801,1848 882,1850 963,1852 1044,1854 1125,1857 1206,1860 1287,1862 1368,1864 1449,1866 1530,1870 1611,1871 1692,1872 1773,1874 1854,1874 1935,1874 2016,1874 2097,1874 2178,1872 2259,1869 2340,1866"/>
                <TextEquiv>
                    <Unicode>τὰ δείν᾽ ἔφασκ᾽ κεῖνος. διο οἰμώξεται.</Unicode>
                </TextEquiv>
            </TextLine>
            <TextLine id="r2l25" custom="readingOrder {index:7;}">
                <Coords points="697,2085 2429,2063 2104,1899 1949,1996 1426,1911 1282,1997 1100,1937 698,1969"/>
                <Baseline points="710,2032 795,2030 880,2030 965,2030 1051,2030 1136,2032 1221,2032 1307,2034 1392,2034 1477,2036 1563,2038 1648,2040 1733,2041 1818,2042 1904,2044 1989,2046 2074,2048 2160,2048 2245,2050 2330,2050 2416,2052"/>
                <TextEquiv>
                    <Unicode>ἠλαζονεύεθ᾽ ἵνα φοβηθείην ἐγώ,εἰδώς με </Unicode>
                </TextEquiv>
            </TextLine>
            <TextLine id="r2l30" custom="readingOrder {index:8;}">
                <Coords points="665,2266 1219,2208 1650,2290 1834,2205 2671,2268 2671,2106 2471,2056 1944,2158 1604,2106 1337,2156 1143,2090 665,2164"/>
                <Baseline points="680,2216 778,2214 877,2214 976,2212 1075,2212 1174,2210 1272,2210 1371,2210 1470,2208 1569,2208 1668,2208 1766,2208 1865,2208 1964,2210 2063,2210 2162,2210 2260,2210 2359,2212 2458,2212 2557,2214 2656,2214"/>
                <TextEquiv>
                    <Unicode>μάχιμον ὄντα, φιλοτιμούμενος. οὐδὲν γὰρ οὕτω γαῦρόν</Unicode>
                </TextEquiv>
            </TextLine>
            <TextLine id="r2l31" custom="readingOrder {index:9;}">
                <Coords points="645,2406 1709,2390 2198,2470 2456,2392 2376,2255 2184,2322 1991,2254 1391,2345 644,2274"/>
                <Baseline points="658,2390 747,2388 836,2388 925,2386 1014,2386 1104,2384 1193,2384 1282,2384 1371,2384 1460,2384 1550,2386 1639,2386 1728,2386 1817,2386 1906,2384 1996,2384 2085,2383 2174,2382 2263,2380 2352,2377 2442,2374"/>
                <TextEquiv>
                    <Unicode>ἐσθ᾽ ὡς Ἡρακλῆς. ἐγὼ δ᾽ εὐξαίμην ἂν ἐντυχεῖν τινι</Unicode>
                </TextEquiv>
            </TextLine>
            <TextLine id="r2l32" custom="readingOrder {index:10;}">
                <Coords points="643,2588 2111,2582 2111,2489 1869,2415 1565,2515 1507,2468 1274,2505 1216,2447 643,2462"/>
                <Baseline points="656,2570 728,2564 800,2560 872,2556 944,2553 1016,2552 1088,2550 1160,2550 1232,2550 1304,2550 1377,2552 1449,2552 1521,2554 1593,2555 1665,2556 1737,2556 1809,2556 1881,2556 1953,2556 2025,2554 2098,2552"/>
                <TextEquiv>
                    <Unicode>λαβεῖν τ᾽ ἀγώνισμ᾽ ἄξιόν τι τῆς ὁδοῦ</Unicode>
                </TextEquiv>
            </TextLine>
            <TextLine id="r2l33" custom="readingOrder {index:11;}">
                <Coords points="705,2778 2656,2733 2655,2643 2304,2563 1270,2690 1179,2611 704,2652"/>
                <Baseline points="718,2738 814,2738 910,2736 1006,2736 1102,2734 1199,2732 1295,2732 1391,2730 1487,2728 1583,2728 1680,2726 1776,2726 1872,2724 1968,2724 2064,2724 2161,2724 2257,2726 2353,2726 2449,2728 2545,2730 2642,2732"/>
                <TextEquiv>
                    <Unicode>νὴ τὸν Δία· κ μὴν αἰσθάνομαι ψόφου τινός. διο ποῦ ποῦ ᾽στιν; </Unicode>
                </TextEquiv>
            </TextLine>
            <TextLine id="r2l34" custom="readingOrder {index:12;}">
                <Coords points="664,2951 793,2988 869,2917 1292,2917 1413,2971 1487,2910 1923,2904 2112,2950 2111,2796 1840,2773 1406,2831 1346,2787 1231,2851 1063,2789 869,2862 663,2814"/>
                <Baseline points="676,2922 747,2916 818,2913 889,2908 960,2906 1031,2904 1102,2904 1173,2902 1244,2902 1315,2902 1387,2902 1458,2904 1529,2904 1600,2904 1671,2906 1742,2906 1813,2906 1884,2904 1955,2904 2026,2902 2098,2900"/>
                <TextEquiv>
                    <Unicode>ἐξόπισθεν.  διο ἐξόπισθ᾽ νυν ἴθι.</Unicode>
                </TextEquiv>
            </TextLine>
            <TextLine id="r2l35" custom="readingOrder {index:13;}">
                <Coords points="611,3142 1461,3072 1945,3147 2381,3088 2379,2949 2256,2939 1949,2999 1850,2923 1575,2950 1433,3031 1117,2959 1014,3023 844,3033 750,2960 610,3013"/>
                <Baseline points="624,3092 711,3087 798,3082 885,3080 972,3078 1059,3076 1146,3074 1233,3074 1320,3074 1407,3074 1495,3074 1582,3074 1669,3074 1756,3074 1843,3074 1930,3074 2017,3072 2104,3072 2191,3070 2278,3068 2366,3066"/>
                <TextEquiv>
                    <Unicode>ἀλλ᾽ ἔστιν ἐν τῷ πρόσθε διο πρόσθε νυν ἴθι.</Unicode>
                </TextEquiv>
            </TextLine>
            <TextLine id="r2l36" custom="readingOrder {index:14;}">
                <Coords points="679,3298 1911,3250 2405,3303 2468,3291 2468,3146 2251,3133 2136,3197 2026,3134 1469,3120 1329,3194 1211,3131 901,3215 679,3183"/>
                <Baseline points="692,3270 780,3262 868,3256 956,3252 1044,3249 1132,3246 1220,3244 1308,3244 1396,3244 1484,3244 1573,3244 1661,3244 1749,3246 1837,3246 1925,3248 2013,3248 2101,3250 2189,3250 2277,3250 2365,3250 2454,3250"/>
                <TextEquiv>
                    <Unicode>κ μὴν ὁρῶ νὴ τὸν Δία θηρίον μέγα. διον  ποῖόν τι  </Unicode>
                </TextEquiv>
            </TextLine>
            <TextLine id="r2l39" custom="readingOrder {index:15;}">
                <Coords points="674,3471 1055,3417 1736,3471 2548,3432 2547,3273 2223,3277 1990,3361 1754,3285 1623,3376 1387,3319 1041,3389 939,3316 673,3298"/>
                <Baseline points="688,3428 780,3426 872,3424 964,3424 1057,3422 1149,3420 1241,3420 1334,3420 1426,3420 1518,3418 1611,3418 1703,3418 1795,3418 1887,3418 1980,3418 2072,3418 2164,3418 2257,3418 2349,3418 2441,3418 2534,3416"/>
                <TextEquiv>
                    <Unicode>δεινόν. παντοδαπὸν γοῦν γίγνεται· τοτὲ μέν γε βοῦς,</Unicode>
                </TextEquiv>
            </TextLine>
            <TextLine id="r2l40" custom="readingOrder {index:16;}">
                <Coords points="653,3634 1457,3594 1671,3644 1855,3593 2426,3641 2481,3627 2478,3435 2005,3522 1861,3458 1624,3549 1392,3491 1121,3546 1033,3484 653,3571"/>
                <Baseline points="666,3610 756,3605 846,3602 936,3598 1026,3596 1116,3594 1206,3592 1296,3592 1386,3590 1476,3590 1566,3590 1656,3590 1746,3590 1836,3590 1926,3590 2016,3588 2106,3588 2196,3586 2286,3584 2376,3582 2466,3578"/>
                <TextEquiv>
                    <Unicode>νυνὶ δ᾽ ὀρεύς, ποτὲ δ᾽ αὖ γυνὴ ὡραιοτάτη τις.  </Unicode>
                </TextEquiv>
            </TextLine>
            <TextLine id="r2l41" custom="readingOrder {index:17;}">
                <Coords points="610,3822 797,3852 1416,3776 1713,3824 1918,3767 1915,3673 1535,3727 1336,3644 1022,3737 884,3694 838,3739 608,3739"/>
                <Baseline points="624,3798 688,3798 752,3798 816,3797 880,3796 944,3794 1008,3792 1072,3790 1136,3788 1200,3785 1264,3782 1328,3780 1392,3778 1456,3776 1520,3774 1584,3774 1648,3772 1712,3772 1776,3773 1840,3774 1904,3776"/>
                <TextEquiv>
                    <Unicode>ποῦ ᾽στι; φέρ᾽ ἐπ᾽ αὐτὴν ἴω.</Unicode>
                </TextEquiv>
            </TextLine>
            <TextLine id="r2l42" custom="readingOrder {index:18;}">
                <Coords points="688,4012 1058,4023 1387,3955 2332,4017 2329,3871 2062,3804 1866,3906 1522,3824 1408,3886 1072,3814 686,3878"/>
                <Baseline points="700,3990 780,3984 861,3979 942,3976 1023,3972 1104,3968 1185,3966 1266,3962 1347,3960 1428,3958 1509,3956 1589,3954 1670,3954 1751,3954 1832,3954 1913,3954 1994,3956 2075,3958 2156,3960 2237,3963 2318,3966"/>
                <TextEquiv>
                    <Unicode> ἀλλ᾽ οὐκέτ᾽ αὖ γυνή ᾽στιν, ἀλλ᾽ ἤδη κύων. </Unicode>
                </TextEquiv>
            </TextLine>
            <TextEquiv>
                <Unicode>ὁ Ξανθίας. ποῦ Ξανθίας; ἤ, Ξανθία. ἰαῦ.&#13;
βάδιζε δεῦρο. χαῖρ᾽, ὦ δέσποτα. τί ἐστι τἀνταυθοῖ;&#13;
σκότος κ βόρβορος. κατεῖδες οὖν που τοὺς πατραλοίας&#13;
 αὐτόθι καὶ τοὺς ἐπιόρκους, οὓς ἔλεγεν ἡμῖν;  σὺ δ᾽ οὔ;&#13;
νὴ τὸν Ποσειδῶ ᾽γε, κ νυνί γ᾽ ὁρῶ. ἄγε δή, τί δρῶμεν;&#13;
προϊέναι βέλτιστον νωιν, ὡς οὗτος ὁ τόπος ἐστὶν οὗ τὰ θηρία&#13;
τὰ δείν᾽ ἔφασκ᾽ κεῖνος. διο οἰμώξεται.&#13;
ἠλαζονεύεθ᾽ ἵνα φοβηθείην ἐγώ,εἰδώς με &#13;
μάχιμον ὄντα, φιλοτιμούμενος. οὐδὲν γὰρ οὕτω γαῦρόν&#13;
ἐσθ᾽ ὡς Ἡρακλῆς. ἐγὼ δ᾽ εὐξαίμην ἂν ἐντυχεῖν τινι&#13;
λαβεῖν τ᾽ ἀγώνισμ᾽ ἄξιόν τι τῆς ὁδοῦ&#13;
νὴ τὸν Δία· κ μὴν αἰσθάνομαι ψόφου τινός. διο ποῦ ποῦ ᾽στιν; &#13;
ἐξόπισθεν.  διο ἐξόπισθ᾽ νυν ἴθι.&#13;
ἀλλ᾽ ἔστιν ἐν τῷ πρόσθε διο πρόσθε νυν ἴθι.&#13;
κ μὴν ὁρῶ νὴ τὸν Δία θηρίον μέγα. διον  ποῖόν τι  &#13;
δεινόν. παντοδαπὸν γοῦν γίγνεται· τοτὲ μέν γε βοῦς,&#13;
νυνὶ δ᾽ ὀρεύς, ποτὲ δ᾽ αὖ γυνὴ ὡραιοτάτη τις.  &#13;
ποῦ ᾽στι; φέρ᾽ ἐπ᾽ αὐτὴν ἴω.&#13;
 ἀλλ᾽ οὐκέτ᾽ αὖ γυνή ᾽στιν, ἀλλ᾽ ἤδη κύων. </Unicode>
            </TextEquiv>
        </TextRegion>
        <TextRegion orientation="0.0" id="r3" custom="readingOrder {index:2;}">
            <Coords points="3092,490 3092,646 3220,646 3220,490"/>
            <TextEquiv>
                <Unicode></Unicode>
            </TextEquiv>
        </TextRegion>
    </Page>
</PcGts>
