<?xml version="1.0" encoding="UTF-8" standalone="yes"?>
<PcGts xmlns="http://schema.primaresearch.org/PAGE/gts/pagecontent/2013-07-15" xmlns:xsi="http://www.w3.org/2001/XMLSchema-instance" xsi:schemaLocation="http://schema.primaresearch.org/PAGE/gts/pagecontent/2013-07-15 http://schema.primaresearch.org/PAGE/gts/pagecontent/2013-07-15/pagecontent.xsd">
    <Metadata>
        <Creator>prov=University of Rostock/Institute of Mathematics/CITlab|PLANET AI GmbH/Gundram Leifert/gundram.leifert@planet-ai.de:name=HPGTR(htr_id=41125)::::v=2.6.7
prov=University of Rostock/Institute of Mathematics/CITlab|PLANET AI GmbH/Tobias Gruening/tobias.gruening@planet-ai.de:name=de.uros.citlab.module.baseline2polygon.B2PSeamMultiOriented:v=2.6.7
prov=University of Rostock/Institute of Mathematics/CITlab|PLANET AI GmbH/Tobias Gruening/tobias.gruening@planet-ai.de:name=/net_tf/LA73_249_0mod360.pb:de.uros.citlab.segmentation.CITlab_LA_ML:v=2.6.7
Transkribus</Creator>
        <Created>2021-09-19T17:37:20.830+03:00</Created>
        <LastChange>2023-06-03T19:43:40.653+02:00</LastChange>
        <TranskribusMetadata docId="1458633" pageId="56018942" pageNr="32" tsid="125476010" status="IN_PROGRESS" userId="99263" imgUrl="https://files.transkribus.eu/Get?id=OIBLWCEXZVDNFSAXSNCOJZSY&amp;fileType=view" xmlUrl="https://files.transkribus.eu/Get?id=NRLMJEBFXVYQXFBSHLMQFZQB" imageId="23265827"/>
    </Metadata>
    <Page imageFilename="0032_62 Bodleian-Library-MS-Barocci-127_00132_fol-64v.jpg" imageWidth="3909" imageHeight="5212">
        <ReadingOrder>
            <OrderedGroup id="ro_1686139444836" caption="Regions reading order">
                <RegionRefIndexed index="0" regionRef="r1"/>
            </OrderedGroup>
        </ReadingOrder>
        <TextRegion orientation="0.0" id="r1" custom="readingOrder {index:0;}">
            <Coords points="816,749 816,4044 3456,4044 3456,749"/>
            <TextLine id="r1l2" custom="readingOrder {index:0;}">
                <Coords points="1303,835 3257,830 3253,629 2982,738 2106,672 1446,783 1301,703"/>
                <Baseline points="1316,830 1412,827 1508,824 1605,820 1701,818 1798,814 1894,812 1990,808 2087,806 2183,804 2280,800 2376,799 2472,798 2569,796 2665,794 2762,794 2858,794 2954,794 3051,794 3147,795 3244,796"/>
                <TextEquiv>
                    <Unicode>ἔμπουσα τοίνυν ἐστί. πυρὶ γοῦν λάμπεται</Unicode>
                </TextEquiv>
            </TextLine>
            <TextLine id="r1l4" custom="readingOrder {index:1;}">
                <Coords points="1424,1013 2477,984 2660,1040 3002,988 3149,1055 3326,1004 3326,890 3048,937 2881,855 2708,942 2518,852 2405,927 2060,866 1424,902"/>
                <Baseline points="1436,1004 1529,997 1623,990 1717,984 1811,980 1905,976 1999,974 2093,972 2187,972 2281,972 2375,972 2468,972 2562,974 2656,976 2750,978 2844,980 2938,983 3032,986 3126,988 3220,990 3314,992"/>
                <TextEquiv>
                    <Unicode>ἅπαν τὸ πρόσωπον.  κ σκέλος χαλκοῦν ἔχει;</Unicode>
                </TextEquiv>
            </TextLine>
            <TextLine id="line_1632137144276_108" custom="readingOrder {index:2;}">
                <Coords points="1447,1213 2561,1149 3287,1203 3333,1072 3085,1014 2929,1085 2846,1023 2615,1089 2125,1033 1853,1110 1446,1058"/>
                <Baseline points="1460,1151 1660,1147 1860,1144 2060,1139 2260,1138 2560,1136 2760,1136 2960,1136 3160,1138 3319,1138"/>
                <TextEquiv>
                    <Unicode> νὴ τὸν Ποσειδῶ κ βολίτινον θἄτερον σάφ᾽ ἴσθι.</Unicode>
                </TextEquiv>
            </TextLine>
            <TextLine id="r1l9" custom="readingOrder {index:3;}">
                <Coords points="1395,1383 2560,1324 2682,1394 2761,1338 2985,1332 2982,1247 2340,1178 2097,1263 2009,1216 1912,1275 1721,1267 1591,1213 1392,1267"/>
                <Baseline points="1406,1346 1484,1340 1562,1335 1640,1332 1718,1327 1797,1324 1875,1320 1953,1317 2031,1314 2109,1312 2188,1312 2266,1310 2344,1308 2422,1308 2500,1306 2579,1306 2657,1306 2735,1306 2813,1306 2891,1306 2970,1304"/>
                <TextEquiv>
                    <Unicode>ποῖ δῆτ᾽ ἂν τραποίμην;  ποῖ δ᾽ ἐγώ;</Unicode>
                </TextEquiv>
            </TextLine>
            <TextLine id="r1l13" custom="readingOrder {index:4;}">
                <Coords points="1357,1539 2517,1484 3064,1538 3148,1501 3147,1393 2794,1431 2601,1367 2331,1448 2207,1378 1992,1440 1849,1377 1355,1384"/>
                <Baseline points="1370,1510 1458,1508 1546,1505 1634,1502 1722,1499 1811,1496 1899,1494 1987,1492 2075,1490 2163,1488 2252,1486 2340,1486 2428,1484 2516,1484 2604,1484 2693,1484 2781,1484 2869,1484 2957,1486 3045,1486 3134,1488"/>
                <TextEquiv>
                    <Unicode> Ἱερεῦ, διαφύλαξόν μ᾽, ἵν᾽ ὦ σοι ξυμπότης.</Unicode>
                </TextEquiv>
            </TextLine>
            <TextLine id="r1l16" custom="readingOrder {index:5;}">
                <Coords points="1424,1706 1703,1736 2106,1655 2199,1706 2654,1655 3355,1697 3354,1600 3171,1581 1423,1572"/>
                <Baseline points="1438,1680 1533,1673 1628,1668 1723,1664 1818,1662 1914,1659 2009,1658 2104,1656 2199,1656 2294,1656 2390,1656 2485,1658 2580,1658 2675,1658 2770,1658 2866,1658 2961,1656 3056,1655 3151,1652 3246,1649 3342,1644"/>
                <TextEquiv>
                    <Unicode> ἀπολούμεθ᾽, ὦναξ Ἡράκλεις.  οὐ μὴ καλεῖς μ᾽ων,</Unicode>
                </TextEquiv>
            </TextLine>
            <TextLine id="r1l21" custom="readingOrder {index:6;}">
                <Coords points="1445,1872 2717,1898 2850,1834 3332,1839 3329,1711 3250,1702 2631,1804 2342,1742 1897,1813 1444,1764"/>
                <Baseline points="1458,1854 1551,1852 1644,1850 1737,1848 1830,1846 1923,1844 2016,1842 2109,1840 2202,1840 2295,1838 2388,1836 2481,1834 2574,1834 2667,1832 2760,1830 2853,1830 2946,1828 3039,1828 3132,1826 3225,1826 3318,1824"/>
                <TextEquiv>
                    <Unicode>ἱκετεύω, μηδὲ κατερεῖς τοὔνομα. Διόνυσε τοίνυν </Unicode>
                </TextEquiv>
            </TextLine>
            <TextLine id="r1l25" custom="readingOrder {index:7;}">
                <Coords points="2709,2050 2755,2053 2824,2009 2945,2017 2976,2048 3028,2038 3076,2069 3213,2059 3272,2011 3373,2050 3401,2037 3401,1918 3334,1895 3249,1926 3103,1861 3041,1902 2992,1889 2910,1961 2843,1963 2804,1929 2755,1968 2709,1965"/>
                <Baseline points="2722,2008 2755,2008 2788,2006 2821,2006 2855,2004 2888,2004 2921,2004 2955,2006 2988,2006 3021,2006 3055,2006 3088,2008 3121,2008 3154,2008 3188,2008 3221,2008 3254,2008 3288,2008 3321,2008 3354,2006 3388,2006"/>
                <TextEquiv>
                    <Unicode>ἴθ᾽ ᾗπερ ἔρχει δεῦρο </Unicode>
                </TextEquiv>
            </TextLine>
            <TextLine id="r1l26" custom="readingOrder {index:8;}">
                <Coords points="1392,2056 1729,2033 1843,2096 2004,2024 2048,2065 2197,2014 2653,2029 2702,2010 2700,1879 2530,1904 2468,1856 2232,1939 2003,1921 1931,1971 1785,1971 1691,1884 1389,1860"/>
                <Baseline points="1404,2016 1468,2016 1532,2018 1596,2018 1660,2018 1725,2018 1789,2018 1853,2016 1917,2016 1981,2014 2046,2014 2110,2012 2174,2011 2238,2010 2302,2008 2367,2006 2431,2006 2495,2004 2559,2004 2623,2004 2688,2004"/>
                <TextEquiv>
                    <Unicode>τοῦτο δ᾽ ἔσθ᾽ ἧττον θἀτέρου</Unicode>
                </TextEquiv>
            </TextLine>
            <TextLine id="r1l31" custom="readingOrder {index:9;}">
                <Coords points="2696,2202 2810,2219 2848,2200 2893,2227 2943,2197 2977,2220 3031,2210 3107,2262 3195,2257 3301,2200 3371,2206 3367,2072 3300,2079 3266,2052 3185,2105 3114,2061 3032,2058 2933,2097 2882,2050 2823,2039 2737,2085 2693,2081"/>
                <Baseline points="2708,2186 2740,2184 2773,2183 2805,2180 2838,2180 2870,2180 2903,2178 2935,2178 2968,2177 3000,2176 3033,2176 3065,2176 3098,2175 3130,2174 3163,2173 3195,2172 3228,2170 3260,2168 3293,2167 3325,2165 3358,2162"/>
                <TextEquiv>
                    <Unicode>θάρρει· πάντ ἀγαθὰ </Unicode>
                </TextEquiv>
            </TextLine>
            <TextLine id="r1l32" custom="readingOrder {index:10;}">
                <Coords points="1416,2248 1607,2204 1807,2247 1872,2202 1972,2236 2093,2196 2521,2206 2595,2248 2696,2220 2697,2112 2568,2113 2494,2048 2163,2151 2077,2088 1878,2088 1790,2144 1701,2081 1595,2127 1418,2053"/>
                <Baseline points="1430,2180 1492,2182 1555,2182 1617,2182 1680,2182 1743,2182 1805,2182 1868,2182 1930,2182 1993,2184 2056,2184 2118,2184 2181,2184 2243,2184 2306,2186 2369,2186 2431,2188 2494,2190 2556,2192 2619,2195 2682,2198"/>
                <TextEquiv>
                    <Unicode>δεῦρ᾽, ὦ δέσποτα. διο τί δ᾽ ἐστί ξα</Unicode>
                </TextEquiv>
            </TextLine>
            <TextLine id="r1l36" custom="readingOrder {index:11;}">
                <Coords points="1422,2369 3159,2421 3324,2375 3324,2241 2902,2318 2609,2248 2341,2307 1929,2209 1749,2304 1597,2214 1422,2253"/>
                <Baseline points="1436,2354 1529,2356 1623,2356 1717,2356 1811,2356 1905,2356 1998,2356 2092,2356 2186,2356 2280,2356 2374,2356 2467,2356 2561,2356 2655,2356 2749,2356 2843,2356 2936,2356 3030,2356 3124,2356 3218,2357 3312,2358"/>
                <TextEquiv>
                    <Unicode>πεπράγαμεν, ἔξεστί δ᾽ ὥσπερ Ἡγέλοχος ἡμῖν λέγειν·</Unicode>
                </TextEquiv>
            </TextLine>
            <TextLine id="r1l39" custom="readingOrder {index:12;}">
                <Coords points="1459,2580 2260,2539 3251,2598 3400,2559 3399,2368 2403,2482 2133,2485 1986,2406 1459,2461"/>
                <Baseline points="1472,2536 1567,2534 1663,2532 1759,2530 1855,2528 1951,2528 2046,2526 2142,2526 2238,2524 2334,2524 2430,2524 2525,2524 2621,2524 2717,2524 2813,2524 2909,2526 3004,2526 3100,2526 3196,2528 3292,2528 3388,2528"/>
                <TextEquiv>
                    <Unicode>ἐκ κυμάτων γὰρ αὖθις αὖ γαλῆν ὁρῶ. ἥμπουσα φρούδη. </Unicode>
                </TextEquiv>
            </TextLine>
            <TextLine id="r1l40" custom="readingOrder {index:13;}">
                <Coords points="1385,2756 3470,2742 3469,2649 3101,2566 2638,2628 1598,2593 1384,2664"/>
                <Baseline points="1398,2726 1500,2720 1603,2717 1706,2712 1809,2710 1912,2707 2015,2704 2118,2704 2221,2702 2324,2702 2427,2702 2529,2702 2632,2702 2735,2702 2838,2702 2941,2704 3044,2704 3147,2706 3250,2706 3353,2708 3456,2708"/>
                <TextEquiv>
                    <Unicode>κατόμοσον. νὴ τὸν Δία. διο οἴμοι τάλας, ὡς ὠχρίασ᾽ </Unicode>
                </TextEquiv>
            </TextLine>
            <TextLine id="r1l42" custom="readingOrder {index:14;}">
                <Coords points="1457,2931 2131,2882 3176,2949 3395,2895 3395,2826 2844,2764 2438,2833 2209,2720 1457,2826"/>
                <Baseline points="1470,2884 1565,2882 1661,2880 1756,2880 1852,2878 1948,2878 2043,2876 2139,2876 2234,2876 2330,2876 2426,2876 2521,2876 2617,2878 2712,2878 2808,2878 2904,2878 2999,2880 3095,2880 3190,2880 3286,2880 3382,2880"/>
                <TextEquiv>
                    <Unicode>αὐτὴν ἰδών. ὁδὶ δὲ δείσας ὑπερεπυρρίασέ μοι.</Unicode>
                </TextEquiv>
            </TextLine>
            <TextLine id="r1l44" custom="readingOrder {index:15;}">
                <Coords points="1465,3097 1904,3080 2023,3135 2247,3066 2705,3054 3055,3107 3194,3077 3193,2949 2552,2971 2459,2925 2123,3024 1981,2974 1464,2997"/>
                <Baseline points="1476,3060 1561,3058 1646,3056 1731,3054 1817,3054 1902,3052 1987,3052 2073,3050 2158,3050 2243,3048 2329,3048 2414,3048 2499,3046 2584,3046 2670,3046 2755,3044 2840,3044 2926,3044 3011,3042 3096,3042 3182,3040"/>
                <TextEquiv>
                    <Unicode>οἴμοι, πόθεν μοι τὰ κακὰ ταυτὶ προσέπεσεν;</Unicode>
                </TextEquiv>
            </TextLine>
            <TextLine id="r1l45" custom="readingOrder {index:16;}">
                <Coords points="1515,3255 3248,3268 3316,3231 3314,3094 2834,3167 2196,3088 1807,3184 1512,3131"/>
                <Baseline points="1528,3258 1616,3252 1705,3248 1794,3244 1883,3240 1972,3238 2060,3235 2149,3232 2238,3230 2327,3230 2416,3228 2504,3226 2593,3226 2682,3224 2771,3223 2860,3222 2948,3220 3037,3218 3126,3216 3215,3214 3304,3212"/>
                <TextEquiv>
                    <Unicode>τίν᾽ αἰτιάσομαι θεῶν μ᾽ ἀπολύναι; αἰθέρα</Unicode>
                </TextEquiv>
            </TextLine>
            <TextLine id="r1l49" custom="readingOrder {index:17;}">
                <Coords points="1475,3420 2207,3487 2441,3416 3131,3445 3465,3384 3363,3308 3009,3354 2706,3248 2208,3366 1904,3350 1728,3254 1473,3281"/>
                <Baseline points="1488,3408 1586,3410 1684,3410 1782,3410 1880,3410 1979,3408 2077,3406 2175,3406 2273,3404 2371,3402 2470,3400 2568,3398 2666,3396 2764,3394 2862,3392 2961,3390 3059,3390 3157,3388 3255,3388 3353,3388 3452,3388"/>
                <TextEquiv>
                    <Unicode> Διὸς δωμάτιον ἢ χρόνου πόδα διο αυλ τις ενδο</Unicode>
                </TextEquiv>
            </TextLine>
            <TextLine id="r1l50" custom="readingOrder {index:18;}">
                <Coords points="1492,3605 3191,3609 3224,3491 3034,3450 2745,3520 2511,3458 2334,3525 2089,3445 1989,3510 1780,3453 1492,3520"/>
                <Baseline points="1504,3564 1589,3564 1674,3566 1760,3568 1845,3568 1931,3568 2016,3570 2101,3570 2187,3570 2272,3570 2358,3570 2443,3570 2528,3570 2614,3570 2699,3569 2785,3568 2870,3568 2955,3566 3041,3566 3126,3564 3212,3562"/>
                <TextEquiv>
                    <Unicode>οὗτος. ξα τί ἐστιν διο οὐ κατήκουσας; ξα τίνος;</Unicode>
                </TextEquiv>
            </TextLine>
            <TextLine id="r1l51" custom="readingOrder {index:19;}">
                <Coords points="1464,3768 2144,3810 2568,3756 2664,3825 2874,3751 3145,3809 3446,3742 3417,3668 2915,3702 2593,3573 2205,3715 1739,3630 1464,3694"/>
                <Baseline points="1478,3748 1575,3748 1673,3748 1771,3748 1868,3748 1966,3748 2064,3748 2161,3748 2259,3748 2357,3748 2455,3748 2552,3746 2650,3746 2748,3746 2845,3744 2943,3742 3041,3741 3138,3740 3236,3737 3334,3735 3432,3732"/>
                <TextEquiv>
                    <Unicode>αὐλῶν πνοῆς. ξα ἔγωγε δαδων δέ με αὔρα τις εἰσέπνευσε </Unicode>
                </TextEquiv>
            </TextLine>
            <TextLine id="r1l55" custom="readingOrder {index:20;}">
                <Coords points="1455,3969 2094,3997 2281,3942 2516,3994 3367,3925 3365,3801 2460,3872 2021,3789 1811,3865 1454,3869"/>
                <Baseline points="1468,3928 1562,3924 1656,3921 1750,3918 1845,3916 1939,3916 2033,3914 2128,3914 2222,3912 2316,3912 2411,3912 2505,3912 2599,3910 2693,3909 2788,3907 2882,3905 2976,3902 3071,3898 3165,3893 3259,3887 3354,3880"/>
                <TextEquiv>
                    <Unicode>μυστικωτάτη. διο ἀλλ᾽ ἠρεμεὶ πτήξαντες ἀκροασώ</Unicode>
                </TextEquiv>
            </TextLine>
            <TextLine id="line_1632137389876_228" custom="readingOrder {index:21;}">
                <Coords points="2872,4065 2898,4075 2923,4059 2967,4071 3003,4039 3060,4053 3092,4022 3103,4032 3142,4033 3140,3956 3119,3959 3101,3947 3086,3957 3050,3945 2996,3954 2985,3944 2950,3973 2932,3963 2919,3971 2890,3954 2870,3959"/>
                <Baseline points="2883,4004 2983,4002 3083,4000 3127,3999"/>
                <TextEquiv>
                    <Unicode>μεθα </Unicode>
                </TextEquiv>
            </TextLine>
            <TextEquiv>
                <Unicode>ἔμπουσα τοίνυν ἐστί. πυρὶ γοῦν λάμπεται&#13;
ἅπαν τὸ πρόσωπον.  κ σκέλος χαλκοῦν ἔχει;&#13;
 νὴ τὸν Ποσειδῶ κ βολίτινον θἄτερον σάφ᾽ ἴσθι.&#13;
ποῖ δῆτ᾽ ἂν τραποίμην;  ποῖ δ᾽ ἐγώ;&#13;
 Ἱερεῦ, διαφύλαξόν μ᾽, ἵν᾽ ὦ σοι ξυμπότης.&#13;
 ἀπολούμεθ᾽, ὦναξ Ἡράκλεις.  οὐ μὴ καλεῖς μ᾽ων,&#13;
ἱκετεύω, μηδὲ κατερεῖς τοὔνομα. Διόνυσε τοίνυν &#13;
ἴθ᾽ ᾗπερ ἔρχει δεῦρο &#13;
τοῦτο δ᾽ ἔσθ᾽ ἧττον θἀτέρου&#13;
θάρρει· πάντ ἀγαθὰ &#13;
δεῦρ᾽, ὦ δέσποτα. διο τί δ᾽ ἐστί ξα&#13;
πεπράγαμεν, ἔξεστί δ᾽ ὥσπερ Ἡγέλοχος ἡμῖν λέγειν·&#13;
ἐκ κυμάτων γὰρ αὖθις αὖ γαλῆν ὁρῶ. ἥμπουσα φρούδη. &#13;
κατόμοσον. νὴ τὸν Δία. διο οἴμοι τάλας, ὡς ὠχρίασ᾽ &#13;
αὐτὴν ἰδών. ὁδὶ δὲ δείσας ὑπερεπυρρίασέ μοι.&#13;
οἴμοι, πόθεν μοι τὰ κακὰ ταυτὶ προσέπεσεν;&#13;
τίν᾽ αἰτιάσομαι θεῶν μ᾽ ἀπολύναι; αἰθέρα&#13;
 Διὸς δωμάτιον ἢ χρόνου πόδα διο αυλ τις ενδο&#13;
οὗτος. ξα τί ἐστιν διο οὐ κατήκουσας; ξα τίνος;&#13;
αὐλῶν πνοῆς. ξα ἔγωγε δαδων δέ με αὔρα τις εἰσέπνευσε &#13;
μυστικωτάτη. διο ἀλλ᾽ ἠρεμεὶ πτήξαντες ἀκροασώ&#13;
μεθα </Unicode>
            </TextEquiv>
        </TextRegion>
    </Page>
</PcGts>
