<?xml version="1.0" encoding="UTF-8" standalone="yes"?>
<PcGts xmlns="http://schema.primaresearch.org/PAGE/gts/pagecontent/2013-07-15" xmlns:xsi="http://www.w3.org/2001/XMLSchema-instance" xsi:schemaLocation="http://schema.primaresearch.org/PAGE/gts/pagecontent/2013-07-15 http://schema.primaresearch.org/PAGE/gts/pagecontent/2013-07-15/pagecontent.xsd">
    <Metadata>
        <Creator>prov=University of Rostock/Institute of Mathematics/CITlab|PLANET AI GmbH/Gundram Leifert/gundram.leifert@planet-ai.de:name=HPGTR(htr_id=41125)::::v=2.6.7
prov=University of Rostock/Institute of Mathematics/CITlab|PLANET AI GmbH/Tobias Gruening/tobias.gruening@planet-ai.de:name=de.uros.citlab.module.baseline2polygon.B2PSeamMultiOriented:v=2.6.7
prov=University of Rostock/Institute of Mathematics/CITlab|PLANET AI GmbH/Tobias Gruening/tobias.gruening@planet-ai.de:name=/net_tf/LA73_249_0mod360.pb:de.uros.citlab.segmentation.CITlab_LA_ML:v=2.6.7
Transkribus</Creator>
        <Created>2021-09-19T17:37:20.966+03:00</Created>
        <LastChange>2023-06-03T19:50:01.660+02:00</LastChange>
        <TranskribusMetadata docId="1458633" pageId="56018943" pageNr="33" tsid="125477278" status="IN_PROGRESS" userId="99263" imgUrl="https://files.transkribus.eu/Get?id=UMNDSQQXAUGMJMUWFTBDEBSD&amp;fileType=view" xmlUrl="https://files.transkribus.eu/Get?id=OLIBANJNUSCRLTIZGGZIVICT" imageId="23265828"/>
    </Metadata>
    <Page imageFilename="0033_63 Bodleian-Library-MS-Barocci-127_00133_fol-65r.jpg" imageWidth="3909" imageHeight="5212">
        <ReadingOrder>
            <OrderedGroup id="ro_1686139445040" caption="Regions reading order">
                <RegionRefIndexed index="0" regionRef="r1"/>
                <RegionRefIndexed index="1" regionRef="r3"/>
            </OrderedGroup>
        </ReadingOrder>
        <TextRegion orientation="0.0" id="r1" custom="readingOrder {index:0;}">
            <Coords points="594,450 594,3867 2634,3867 2634,450"/>
            <TextLine id="r1l5" custom="readingOrder {index:0;}">
                <Coords points="584,971 696,913 1868,927 2028,854 2463,839 2435,757 1976,800 1773,744 1667,811 579,871"/>
                <Baseline points="594,908 686,908 779,905 872,902 965,900 1058,897 1150,894 1243,890 1336,886 1429,882 1522,878 1614,872 1707,867 1800,861 1893,856 1986,850 2078,843 2171,836 2264,829 2357,822 2450,814"/>
                <TextEquiv>
                    <Unicode>Ἴακχ᾽, ὦ Ἴακχε. Ἴακχ᾽, ὦ Ἴακχε. τοῦτ᾽ ἔστ᾽ ἐκεῖν᾽, ὦ </Unicode>
                </TextEquiv>
            </TextLine>
            <TextLine id="r1l6" custom="readingOrder {index:1;}">
                <Coords points="707,1100 1450,1039 1876,1089 2532,998 2485,913 2260,893 2060,965 1725,927 1434,997 960,935 701,989"/>
                <Baseline points="716,1060 806,1058 896,1058 986,1055 1076,1052 1166,1049 1256,1045 1346,1042 1436,1037 1526,1032 1617,1026 1707,1022 1797,1017 1887,1011 1977,1005 2067,1000 2157,995 2247,989 2337,985 2427,980 2518,976"/>
                <TextEquiv>
                    <Unicode>δέσποθ᾽· οἱ μεμυημένοι ἐνταῦθά που παίζουσιν, </Unicode>
                </TextEquiv>
            </TextLine>
            <TextLine id="r1l8" custom="readingOrder {index:2;}">
                <Coords points="736,1264 1533,1190 1767,1249 2010,1172 2315,1242 2576,1143 2569,1010 2033,1121 1947,1071 1344,1159 729,1136"/>
                <Baseline points="746,1228 836,1224 927,1218 1018,1212 1109,1208 1200,1202 1291,1198 1382,1192 1473,1188 1564,1184 1655,1177 1745,1174 1836,1169 1927,1165 2018,1160 2109,1156 2200,1151 2291,1148 2382,1142 2473,1138 2564,1134"/>
                <TextEquiv>
                    <Unicode>οὓς ἔφραζε νωιν. ἄδουσι γοῦν τὸν Ἴακχον ὅνπερ δι᾽ ἀγρ</Unicode>
                </TextEquiv>
            </TextLine>
            <TextLine id="r1l9" custom="readingOrder {index:3;}">
                <Coords points="635,1421 1023,1373 1229,1410 1316,1351 1841,1397 1983,1326 2265,1362 2275,1264 2190,1229 1884,1283 1710,1234 1431,1315 749,1262 630,1312"/>
                <Baseline points="646,1380 727,1376 808,1373 889,1370 970,1367 1051,1362 1132,1360 1213,1356 1294,1352 1375,1349 1456,1346 1537,1342 1618,1339 1699,1334 1780,1332 1861,1328 1942,1324 2023,1320 2104,1315 2185,1312 2266,1308"/>
                <TextEquiv>
                    <Unicode>διο κἀμοὶ δοκοῦσιν. ἡσυχίαν τοίνυν ἄγειν</Unicode>
                </TextEquiv>
            </TextLine>
            <TextLine id="r1l10" custom="readingOrder {index:4;}">
                <Coords points="736,1569 1731,1494 2056,1536 2249,1486 2244,1387 2158,1381 1907,1446 1684,1411 1580,1461 1464,1422 1250,1470 1095,1413 730,1443"/>
                <Baseline points="746,1534 820,1534 895,1534 969,1534 1044,1530 1118,1528 1193,1525 1267,1520 1342,1516 1416,1512 1491,1506 1565,1503 1640,1498 1714,1494 1789,1489 1863,1485 1938,1482 2012,1480 2087,1478 2161,1476 2236,1476"/>
                <TextEquiv>
                    <Unicode>βέλτιστόν ἐστιν, ὡς ἂν εἰδῶμεν σαφῶς.</Unicode>
                </TextEquiv>
            </TextLine>
            <TextLine id="r1l13" custom="readingOrder {index:5;}">
                <Coords points="670,1760 2399,1636 2396,1584 2145,1517 1894,1581 1740,1545 1651,1614 1438,1559 987,1651 662,1613"/>
                <Baseline points="678,1702 763,1699 848,1697 934,1694 1019,1690 1105,1686 1190,1682 1275,1678 1361,1671 1446,1667 1532,1662 1617,1656 1702,1650 1788,1644 1873,1640 1959,1634 2044,1629 2129,1625 2215,1621 2300,1616 2386,1614"/>
                <TextEquiv>
                    <Unicode>Ἴακχ᾽, ὦ πολυτίμητ᾽ ἐν ἕδραις ἐνθάδε ναίων</Unicode>
                </TextEquiv>
            </TextLine>
            <TextLine id="r1l15" custom="readingOrder {index:6;}">
                <Coords points="743,1898 2202,1839 2538,1805 2536,1741 1553,1710 1139,1802 739,1789"/>
                <Baseline points="754,1846 842,1846 931,1844 1019,1844 1108,1842 1197,1840 1285,1838 1374,1834 1462,1832 1551,1829 1640,1826 1728,1822 1817,1818 1905,1814 1994,1810 2083,1806 2171,1801 2260,1795 2348,1790 2437,1784 2526,1778"/>
                <TextEquiv>
                    <Unicode>Ἴακχ᾽ ὦ Ἴακχ ὦ Ἴακχε ἐλθὲ τόνδ᾽ ἀνὰ λειμῶνα </Unicode>
                </TextEquiv>
            </TextLine>
            <TextLine id="r1l20" custom="readingOrder {index:7;}">
                <Coords points="804,2072 970,2006 2480,1992 2595,1959 2594,1905 799,1939"/>
                <Baseline points="814,2018 902,2013 990,2008 1079,2004 1167,2000 1256,1996 1344,1994 1432,1991 1521,1988 1609,1986 1698,1984 1786,1981 1874,1979 1963,1976 2051,1974 2140,1970 2228,1968 2316,1962 2405,1958 2493,1953 2582,1946"/>
                <TextEquiv>
                    <Unicode>Χορεύσων ὁσίους εἰς θιασώτας, πολύκαρπον μὲν τινάσσων</Unicode>
                </TextEquiv>
            </TextLine>
            <TextLine id="r1l23" custom="readingOrder {index:8;}">
                <Coords points="728,2224 1625,2145 2406,2178 2402,2069 2249,2041 2002,2109 1689,2070 1558,2119 1278,2048 832,2142 724,2098"/>
                <Baseline points="738,2196 820,2188 903,2179 986,2173 1068,2167 1151,2163 1234,2159 1316,2156 1399,2154 1482,2152 1565,2152 1647,2150 1730,2148 1813,2146 1895,2145 1978,2142 2061,2140 2143,2136 2226,2133 2309,2127 2392,2120"/>
                <TextEquiv>
                    <Unicode>αμφι κρατὶ ση βρύοντα στέφανον μύρτων, </Unicode>
                </TextEquiv>
            </TextLine>
            <TextLine id="r1l24" custom="readingOrder {index:9;}">
                <Coords points="716,2378 1038,2349 1202,2395 1557,2314 1699,2354 2343,2295 2340,2231 2216,2207 1940,2259 1814,2204 1503,2276 1138,2233 870,2301 711,2245"/>
                <Baseline points="726,2342 806,2340 886,2337 966,2334 1046,2332 1127,2328 1207,2326 1287,2323 1367,2320 1447,2318 1528,2314 1608,2311 1688,2308 1768,2304 1848,2301 1929,2298 2009,2294 2089,2290 2169,2286 2249,2282 2330,2278"/>
                <TextEquiv>
                    <Unicode>θρασεῖ δ᾽ ἐγκατακρούων ποδὶ τὰν ἀκόλαστον</Unicode>
                </TextEquiv>
            </TextLine>
            <TextLine id="r1l27" custom="readingOrder {index:10;}">
                <Coords points="726,2559 2198,2461 2311,2509 2471,2452 2608,2510 2645,2404 2127,2408 1900,2346 1164,2448 720,2379"/>
                <Baseline points="736,2508 830,2502 925,2498 1020,2494 1115,2491 1210,2488 1305,2485 1400,2482 1495,2480 1590,2478 1685,2476 1779,2473 1874,2470 1969,2468 2064,2466 2159,2462 2254,2458 2349,2454 2444,2450 2539,2445 2634,2440"/>
                <TextEquiv>
                    <Unicode>φιλοπαίγμονα τιμάν, χαρίτων πλεῖστον ἔχουσαν μέρος</Unicode>
                </TextEquiv>
            </TextLine>
            <TextLine id="r1l28" custom="readingOrder {index:11;}">
                <Coords points="638,2689 2324,2665 2320,2570 2099,2502 1664,2602 916,2622 779,2572 636,2620"/>
                <Baseline points="650,2678 733,2676 816,2672 899,2670 982,2667 1065,2664 1148,2662 1231,2658 1314,2656 1397,2654 1480,2650 1563,2648 1646,2644 1729,2641 1812,2638 1895,2634 1978,2630 2061,2627 2144,2624 2227,2620 2310,2616"/>
                <TextEquiv>
                    <Unicode>ὁσίοις μύσταις χορείαν ἁγνήν, ἱερὰν</Unicode>
                </TextEquiv>
            </TextLine>
            <TextLine id="r1l30" custom="readingOrder {index:12;}">
                <Coords points="655,2820 935,2888 1169,2848 1371,2938 1695,2807 2317,2809 2315,2721 1979,2698 1881,2762 1685,2703 1575,2773 1374,2721 1191,2781 997,2734 870,2795 654,2779"/>
                <Baseline points="668,2832 749,2832 831,2832 913,2830 995,2830 1077,2829 1158,2828 1240,2826 1322,2824 1404,2822 1486,2820 1567,2818 1649,2816 1731,2812 1813,2809 1895,2806 1976,2802 2058,2799 2140,2795 2222,2792 2304,2788"/>
                <TextEquiv>
                    <Unicode>ὦ πότνια πολυτίμητε Δήμητρος κόρη,</Unicode>
                </TextEquiv>
            </TextLine>
            <TextLine id="r1l32" custom="readingOrder {index:13;}">
                <Coords points="807,3031 1143,2983 1736,3035 2434,2955 2432,2898 2322,2866 1852,2934 804,2936"/>
                <Baseline points="818,2998 898,2995 978,2992 1058,2988 1138,2986 1219,2984 1299,2982 1379,2981 1459,2980 1539,2978 1620,2976 1700,2974 1780,2974 1860,2971 1940,2969 2021,2965 2101,2962 2181,2958 2261,2954 2341,2948 2422,2942"/>
                <TextEquiv>
                    <Unicode> ἡδύ μοι προσέπνευσε χοιρείων κρεῶν.</Unicode>
                </TextEquiv>
            </TextLine>
            <TextLine id="r1l35" custom="readingOrder {index:14;}">
                <Coords points="689,3237 1151,3172 1667,3210 1777,3146 2191,3191 2271,3149 2268,3018 1880,3101 1597,3048 1543,3092 1475,3041 1301,3116 1170,3065 1066,3112 989,3057 905,3113 686,3095"/>
                <Baseline points="700,3180 777,3177 855,3172 933,3168 1011,3166 1089,3163 1167,3160 1245,3158 1323,3156 1401,3155 1479,3154 1556,3152 1634,3150 1712,3150 1790,3148 1868,3148 1946,3146 2024,3144 2102,3143 2180,3142 2258,3140"/>
                <TextEquiv>
                    <Unicode>οὔκουν ἀτρέμ᾽ ἕξεις, ἤν τι καὶ χορδῆς λάβης;</Unicode>
                </TextEquiv>
            </TextLine>
            <TextLine id="r1l39" custom="readingOrder {index:15;}">
                <Coords points="694,3460 1031,3450 1296,3330 1477,3372 1856,3315 1969,3371 2347,3318 2386,3182 2039,3188 1887,3266 689,3294"/>
                <Baseline points="702,3344 785,3344 869,3342 953,3340 1037,3340 1121,3338 1204,3336 1288,3334 1372,3331 1456,3330 1540,3326 1623,3324 1707,3320 1791,3318 1875,3314 1959,3311 2042,3308 2126,3304 2210,3301 2294,3297 2378,3294"/>
                <TextEquiv>
                    <Unicode>ἔγειρε· φλογέας ἐν χερσὶ γὰρ ἥκει </Unicode>
                </TextEquiv>
            </TextLine>
            <TextLine id="r1l41" custom="readingOrder {index:16;}">
                <Coords points="809,3536 1429,3507 1529,3551 1621,3502 1723,3534 1808,3498 1887,3516 1867,3419 808,3434"/>
                <Baseline points="820,3506 872,3502 925,3497 978,3494 1030,3491 1083,3490 1136,3488 1188,3488 1241,3486 1294,3486 1347,3486 1399,3486 1452,3488 1505,3488 1557,3488 1610,3488 1663,3488 1715,3486 1768,3486 1821,3484 1874,3482"/>
                <TextEquiv>
                    <Unicode>τινάσσων ὦ Ἴακχε Ἴακχε,</Unicode>
                </TextEquiv>
            </TextLine>
            <TextLine id="r1l44" custom="readingOrder {index:17;}">
                <Coords points="792,3709 1651,3665 1831,3743 2227,3728 2223,3581 2008,3546 1509,3619 1096,3516 790,3619"/>
                <Baseline points="802,3668 872,3670 943,3670 1013,3672 1084,3670 1154,3670 1225,3668 1295,3666 1366,3662 1436,3660 1507,3658 1577,3654 1648,3652 1718,3648 1789,3647 1859,3644 1930,3644 2000,3642 2071,3642 2141,3642 2212,3644"/>
                <TextEquiv>
                    <Unicode>νυκτέρου τελετῆς φωσφόρος ἀστήρ.</Unicode>
                </TextEquiv>
            </TextLine>
            <TextLine id="r1l49" custom="readingOrder {index:18;}">
                <Coords points="774,3913 904,3850 2370,3849 2512,3786 2508,3691 1310,3739 1144,3799 1044,3730 768,3775"/>
                <Baseline points="782,3854 867,3852 953,3852 1039,3849 1125,3848 1211,3845 1297,3842 1383,3840 1469,3837 1555,3834 1641,3830 1726,3827 1812,3822 1898,3818 1984,3813 2070,3807 2156,3802 2242,3797 2328,3790 2414,3785 2500,3776"/>
                <TextEquiv>
                    <Unicode>φλογὶ φέγγεται δὲ λειμών· γόνυ πάλλεται γερόντων·  </Unicode>
                </TextEquiv>
            </TextLine>
            <TextEquiv>
                <Unicode>Ἴακχ᾽, ὦ Ἴακχε. Ἴακχ᾽, ὦ Ἴακχε. τοῦτ᾽ ἔστ᾽ ἐκεῖν᾽, ὦ &#13;
δέσποθ᾽· οἱ μεμυημένοι ἐνταῦθά που παίζουσιν, &#13;
οὓς ἔφραζε νωιν. ἄδουσι γοῦν τὸν Ἴακχον ὅνπερ δι᾽ ἀγρ&#13;
διο κἀμοὶ δοκοῦσιν. ἡσυχίαν τοίνυν ἄγειν&#13;
βέλτιστόν ἐστιν, ὡς ἂν εἰδῶμεν σαφῶς.&#13;
Ἴακχ᾽, ὦ πολυτίμητ᾽ ἐν ἕδραις ἐνθάδε ναίων&#13;
Ἴακχ᾽ ὦ Ἴακχ ὦ Ἴακχε ἐλθὲ τόνδ᾽ ἀνὰ λειμῶνα &#13;
Χορεύσων ὁσίους εἰς θιασώτας, πολύκαρπον μὲν τινάσσων&#13;
αμφι κρατὶ ση βρύοντα στέφανον μύρτων, &#13;
θρασεῖ δ᾽ ἐγκατακρούων ποδὶ τὰν ἀκόλαστον&#13;
φιλοπαίγμονα τιμάν, χαρίτων πλεῖστον ἔχουσαν μέρος&#13;
ὁσίοις μύσταις χορείαν ἁγνήν, ἱερὰν&#13;
ὦ πότνια πολυτίμητε Δήμητρος κόρη,&#13;
 ἡδύ μοι προσέπνευσε χοιρείων κρεῶν.&#13;
οὔκουν ἀτρέμ᾽ ἕξεις, ἤν τι καὶ χορδῆς λάβης;&#13;
ἔγειρε· φλογέας ἐν χερσὶ γὰρ ἥκει &#13;
τινάσσων ὦ Ἴακχε Ἴακχε,&#13;
νυκτέρου τελετῆς φωσφόρος ἀστήρ.&#13;
φλογὶ φέγγεται δὲ λειμών· γόνυ πάλλεται γερόντων·  </Unicode>
            </TextEquiv>
        </TextRegion>
        <TextRegion orientation="0.0" id="r3" custom="readingOrder {index:1;}">
            <Coords points="3124,534 3124,696 3264,696 3264,534"/>
            <TextEquiv>
                <Unicode></Unicode>
            </TextEquiv>
        </TextRegion>
    </Page>
</PcGts>
