<?xml version="1.0" encoding="UTF-8" standalone="yes"?>
<PcGts xmlns="http://schema.primaresearch.org/PAGE/gts/pagecontent/2013-07-15" xmlns:xsi="http://www.w3.org/2001/XMLSchema-instance" xsi:schemaLocation="http://schema.primaresearch.org/PAGE/gts/pagecontent/2013-07-15 http://schema.primaresearch.org/PAGE/gts/pagecontent/2013-07-15/pagecontent.xsd">
    <Metadata>
        <Creator>prov=University of Rostock/Institute of Mathematics/CITlab|PLANET AI GmbH/Gundram Leifert/gundram.leifert@planet-ai.de:name=HPGTR(htr_id=41125)::::v=2.6.7
prov=University of Rostock/Institute of Mathematics/CITlab|PLANET AI GmbH/Tobias Gruening/tobias.gruening@planet-ai.de:name=de.uros.citlab.module.baseline2polygon.B2PSeamMultiOriented:v=2.6.7
prov=University of Rostock/Institute of Mathematics/CITlab|PLANET AI GmbH/Tobias Gruening/tobias.gruening@planet-ai.de:name=/net_tf/LA73_249_0mod360.pb:de.uros.citlab.segmentation.CITlab_LA_ML:v=2.6.7
Transkribus</Creator>
        <Created>2021-09-19T17:37:21.087+03:00</Created>
        <LastChange>2023-06-03T19:57:09.028+02:00</LastChange>
        <TranskribusMetadata docId="1458633" pageId="56018945" pageNr="34" tsid="125478675" status="IN_PROGRESS" userId="99263" imgUrl="https://files.transkribus.eu/Get?id=GQKGBRQJYKQJVZMCFLVTXGQZ&amp;fileType=view" xmlUrl="https://files.transkribus.eu/Get?id=CVXHKEHBSMMWNOMMYFRCUTMV" imageId="23265829"/>
    </Metadata>
    <Page imageFilename="0034_64 Bodleian-Library-MS-Barocci-127_00134_fol-65v.jpg" imageWidth="3909" imageHeight="5212">
        <ReadingOrder>
            <OrderedGroup id="ro_1686139445240" caption="Regions reading order">
                <RegionRefIndexed index="0" regionRef="r2"/>
            </OrderedGroup>
        </ReadingOrder>
        <TextRegion orientation="0.0" id="r2" custom="readingOrder {index:0;}">
            <Coords points="1376,639 1376,3798 3496,3798 3496,639"/>
            <TextLine id="r2l2" custom="readingOrder {index:0;}">
                <Coords points="1514,794 1831,846 2032,800 2428,899 3072,849 3410,933 3421,683 2976,787 2582,668 2362,736 2135,668 1798,729 1520,676"/>
                <Baseline points="1528,776 1621,781 1715,786 1808,789 1902,794 1996,800 2089,804 2183,810 2276,814 2370,818 2464,824 2557,828 2651,832 2744,837 2838,841 2932,844 3025,848 3119,850 3212,852 3306,854 3400,856"/>
                <TextEquiv>
                    <Unicode>ἀποσείονται δὲ λύπας χρονίους τ᾽ ἐτῶν παλαιῶν τ' ἐνιαυτοὺς</Unicode>
                </TextEquiv>
            </TextLine>
            <TextLine id="r2l5" custom="readingOrder {index:1;}">
                <Coords points="1498,972 3072,1060 3285,1005 3288,942 3047,968 2931,908 2792,960 2215,854 1833,916 1614,836 1504,861"/>
                <Baseline points="1512,938 1600,942 1688,944 1776,948 1864,952 1952,957 2040,962 2128,967 2216,972 2304,978 2392,983 2480,989 2568,994 2656,999 2744,1004 2832,1008 2920,1010 3008,1013 3096,1016 3184,1016 3272,1016"/>
                <TextEquiv>
                    <Unicode>ἱερᾶς ὑπὸ τιμῆς. σὺ δὲ λαμπάσι φέγγων</Unicode>
                </TextEquiv>
            </TextLine>
            <TextLine id="r2l7" custom="readingOrder {index:2;}">
                <Coords points="1520,1127 1690,1164 1887,1115 2053,1180 2207,1143 2606,1209 2736,1184 2740,1085 2502,1098 1982,1015 1603,1072 1523,1041"/>
                <Baseline points="1532,1116 1591,1115 1651,1114 1710,1114 1770,1114 1830,1116 1889,1118 1949,1121 2008,1123 2068,1128 2128,1130 2187,1134 2247,1138 2306,1141 2366,1145 2426,1147 2485,1150 2545,1152 2604,1154 2664,1154 2724,1154"/>
                <TextEquiv>
                    <Unicode>προβάδην ἔξαγ᾽ ἐπ᾽ ἀνθηρὸν</Unicode>
                </TextEquiv>
            </TextLine>
            <TextLine id="r2l8" custom="readingOrder {index:3;}">
                <Coords points="1522,1294 3272,1350 3274,1277 3007,1190 2363,1253 2232,1177 2058,1216 1858,1173 1524,1230"/>
                <Baseline points="1536,1274 1622,1272 1708,1272 1794,1272 1880,1274 1967,1276 2053,1280 2139,1284 2225,1288 2311,1291 2398,1296 2484,1302 2570,1305 2656,1309 2742,1314 2829,1318 2915,1320 3001,1324 3087,1324 3173,1326 3260,1326"/>
                <TextEquiv>
                    <Unicode> ἕλειον δάπεδον χοροποιόν, μάκαρ, ἥβαν.</Unicode>
                </TextEquiv>
            </TextLine>
            <TextLine id="r2l10" custom="readingOrder {index:4;}">
                <Coords points="1500,1473 1916,1526 2506,1467 3217,1542 3437,1455 2964,1372 2728,1398 2579,1308 2344,1392 1503,1382"/>
                <Baseline points="1514,1448 1609,1448 1704,1448 1800,1448 1895,1449 1991,1450 2086,1453 2181,1456 2277,1458 2372,1462 2468,1465 2563,1468 2658,1472 2754,1476 2849,1479 2945,1482 3040,1486 3135,1490 3231,1493 3326,1495 3422,1498"/>
                <TextEquiv>
                    <Unicode>εὐφημεῖν χρὴ κἀξίστασθαι τοῖς ἡμετέροις χοροῖς</Unicode>
                </TextEquiv>
            </TextLine>
            <TextLine id="r2l12" custom="readingOrder {index:5;}">
                <Coords points="1485,1612 2842,1702 3411,1674 3414,1606 2897,1539 2489,1585 2156,1499 1488,1521"/>
                <Baseline points="1498,1588 1593,1591 1688,1595 1783,1598 1878,1602 1973,1605 2068,1609 2163,1612 2258,1616 2353,1620 2449,1624 2544,1627 2639,1630 2734,1632 2829,1636 2924,1638 3019,1639 3114,1640 3209,1640 3304,1640 3400,1640"/>
                <TextEquiv>
                    <Unicode>ὅστις ἄπειρος τοιῶνδε λόγων ἢ γνώμην μὴ καθαρεύει,</Unicode>
                </TextEquiv>
            </TextLine>
            <TextLine id="r2l13" custom="readingOrder {index:6;}">
                <Coords points="1497,1799 2733,1805 2996,1872 3318,1839 3321,1763 3177,1764 3066,1682 2854,1728 2639,1663 2237,1749 2062,1693 1500,1708"/>
                <Baseline points="1512,1750 1601,1756 1691,1761 1781,1765 1870,1770 1960,1774 2050,1778 2139,1781 2229,1785 2319,1788 2409,1792 2498,1794 2588,1796 2678,1798 2767,1800 2857,1802 2947,1804 3036,1805 3126,1806 3216,1808 3306,1808"/>
                <TextEquiv>
                    <Unicode>ἢ γενναίων ὄργια Μουσῶν μήτ᾽ εἶδεν μήτ᾽ ἐχόρευσεν,</Unicode>
                </TextEquiv>
            </TextLine>
            <TextLine id="r2l16" custom="readingOrder {index:7;}">
                <Coords points="1495,1961 2769,2020 3094,1972 3204,2017 3207,1904 1736,1896 1614,1840 1497,1880"/>
                <Baseline points="1508,1928 1592,1934 1676,1938 1760,1942 1844,1944 1929,1946 2013,1948 2097,1952 2181,1953 2265,1954 2350,1956 2434,1958 2518,1960 2602,1960 2686,1962 2771,1964 2855,1966 2939,1968 3023,1970 3107,1973 3192,1976"/>
                <TextEquiv>
                    <Unicode>μηδὲ Κρατίνου τοῦ ταυροφάγου γλώττης </Unicode>
                </TextEquiv>
            </TextLine>
            <TextLine id="r2l20" custom="readingOrder {index:8;}">
                <Coords points="1499,2118 1613,2089 1907,2213 2090,2209 2237,2112 2578,2126 2736,2215 2810,2202 2816,2013 2289,1993 2117,2076 1502,2002"/>
                <Baseline points="1512,2076 1576,2082 1640,2089 1705,2094 1769,2097 1834,2100 1898,2102 1962,2104 2027,2106 2091,2106 2156,2108 2220,2108 2284,2109 2349,2110 2413,2112 2478,2114 2542,2116 2606,2121 2671,2125 2735,2129 2800,2136"/>
                <TextEquiv>
                    <Unicode>Βακχεῖ᾽ ἐτελέσθη, ἢ βωμολόχοις </Unicode>
                </TextEquiv>
            </TextLine>
            <TextLine id="r2l21" custom="readingOrder {index:9;}">
                <Coords points="2805,2146 2883,2163 2980,2131 3050,2173 3113,2169 3268,2253 3358,2176 3497,2153 3499,2075 3410,2101 3365,2082 3341,2105 3274,2083 3102,2093 2807,2027"/>
                <Baseline points="2818,2132 2851,2130 2884,2130 2917,2128 2951,2128 2984,2128 3017,2130 3051,2131 3084,2132 3117,2134 3151,2136 3184,2136 3217,2138 3250,2139 3284,2140 3317,2140 3350,2140 3384,2138 3417,2138 3450,2135 3484,2132"/>
                <TextEquiv>
                    <Unicode>ἔπεσιν χαίρει μὴ ᾽ν καιρω </Unicode>
                </TextEquiv>
            </TextLine>
            <TextLine id="r2l26" custom="readingOrder {index:10;}">
                <Coords points="1534,2258 3216,2304 3373,2367 3507,2362 3511,2263 1536,2200"/>
                <Baseline points="1548,2242 1645,2246 1742,2250 1840,2255 1937,2259 2035,2262 2132,2266 2229,2270 2327,2274 2424,2277 2522,2280 2619,2283 2716,2286 2814,2290 2911,2292 3009,2296 3106,2298 3203,2302 3301,2305 3398,2308 3496,2312"/>
                <TextEquiv>
                    <Unicode>τοῦτο ποιοῦσιν, ἢ στάσιν ἐχθρὰν μὴ καταλύει μηδ᾽ εὔκολός ἐστι </Unicode>
                </TextEquiv>
            </TextLine>
            <TextLine id="r2l29" custom="readingOrder {index:11;}">
                <Coords points="1462,2474 1716,2423 3208,2485 3337,2462 3340,2348 3154,2400 3016,2342 2876,2415 2728,2343 2436,2416 2246,2346 2164,2405 1790,2387 1466,2284"/>
                <Baseline points="1476,2416 1568,2420 1660,2426 1753,2429 1845,2432 1938,2436 2030,2438 2122,2442 2215,2444 2307,2446 2400,2448 2492,2450 2584,2450 2677,2452 2769,2454 2862,2454 2954,2454 3046,2456 3139,2456 3231,2456 3324,2456"/>
                <TextEquiv>
                    <Unicode>ἀλλ᾽ ἀνεγείρει καὶ ῥιπίζει κερδῶν ἰδίων ἐπιθυμῶν,</Unicode>
                </TextEquiv>
            </TextLine>
            <TextLine id="r2l33" custom="readingOrder {index:12;}">
                <Coords points="1446,2594 2145,2663 2239,2614 2496,2670 3333,2643 3334,2583 3072,2531 2286,2570 2221,2518 1667,2543 1449,2478"/>
                <Baseline points="1460,2572 1553,2581 1646,2587 1739,2593 1832,2597 1925,2602 2018,2604 2111,2606 2204,2608 2297,2610 2390,2610 2483,2612 2576,2612 2669,2612 2762,2614 2855,2616 2948,2616 3041,2618 3134,2622 3227,2624 3320,2628"/>
                <TextEquiv>
                    <Unicode>ἢ τῆς πόλεως χειμαζομένης ἄρχων καταδωροδοκεῖται,</Unicode>
                </TextEquiv>
            </TextLine>
            <TextLine id="r2l35" custom="readingOrder {index:13;}">
                <Coords points="1466,2757 3307,2824 3309,2745 3218,2728 2311,2738 1803,2646 1468,2696"/>
                <Baseline points="1478,2744 1568,2749 1659,2753 1750,2758 1841,2762 1932,2765 2022,2769 2113,2772 2204,2774 2295,2777 2386,2779 2476,2782 2567,2784 2658,2786 2749,2786 2840,2788 2930,2788 3021,2790 3112,2790 3203,2792 3294,2792"/>
                <TextEquiv>
                    <Unicode>ἢ προδίδωσιν φρούριον ἢ ναῦς, ἢ τἀπόρρητ᾽</Unicode>
                </TextEquiv>
            </TextLine>
            <TextLine id="r2l38" custom="readingOrder {index:14;}">
                <Coords points="1458,2936 3393,2989 3350,2854 3212,2914 2490,2898 2214,2806 1907,2888 1460,2858"/>
                <Baseline points="1472,2914 1567,2920 1662,2927 1758,2930 1853,2934 1949,2938 2044,2940 2139,2942 2235,2944 2330,2946 2426,2948 2521,2948 2616,2950 2712,2950 2807,2952 2903,2954 2998,2955 3093,2958 3189,2960 3284,2964 3380,2970"/>
                <TextEquiv>
                    <Unicode>ἀποπέμπει ἐξ Αἰγίνης Θορυκίων ὢν εἰκοστολόγος </Unicode>
                </TextEquiv>
            </TextLine>
            <TextLine id="r2l44" custom="readingOrder {index:15;}">
                <Coords points="1439,3172 1650,3118 3362,3183 3486,3165 3488,3097 3264,3039 2752,3083 2491,2990 2202,3078 1877,2991 1443,3003"/>
                <Baseline points="1454,3102 1555,3105 1656,3108 1757,3110 1858,3114 1959,3116 2060,3118 2161,3120 2262,3121 2363,3123 2464,3124 2565,3126 2666,3128 2767,3130 2868,3132 2969,3133 3070,3134 3171,3136 3272,3138 3373,3140 3474,3144"/>
                <TextEquiv>
                    <Unicode>κακοδαίμων, ἀσκώματα καὶ λίνα καὶ πίτταν διαπέμπων εἰς Ἐπίδαυρον,</Unicode>
                </TextEquiv>
            </TextLine>
            <TextLine id="r2l45" custom="readingOrder {index:16;}">
                <Coords points="1456,3314 2659,3288 2908,3403 3365,3385 3368,3193 3039,3251 2801,3159 2519,3243 1914,3139 1459,3157"/>
                <Baseline points="1470,3268 1564,3268 1658,3270 1752,3272 1846,3273 1941,3274 2035,3277 2129,3280 2223,3282 2317,3284 2412,3286 2506,3288 2600,3290 2694,3292 2788,3293 2883,3294 2977,3294 3071,3294 3165,3294 3259,3293 3354,3292"/>
                <TextEquiv>
                    <Unicode>ἢ χρήματα ταῖς ἀντιπάλων ναυσὶν παρέχειν πείθει τινα</Unicode>
                </TextEquiv>
            </TextLine>
            <TextLine id="r2l48" custom="readingOrder {index:17;}">
                <Coords points="1456,3456 2878,3510 3399,3465 3400,3386 1457,3385"/>
                <Baseline points="1468,3426 1563,3430 1659,3433 1755,3436 1851,3438 1947,3442 2043,3444 2139,3446 2235,3448 2331,3450 2427,3450 2522,3452 2618,3454 2714,3454 2810,3456 2906,3456 3002,3456 3098,3456 3194,3456 3290,3456 3386,3456"/>
                <TextEquiv>
                    <Unicode>ἢ κατατιλα τῶν Ἑκατείων κυκλείοισι χοροῖσιν ὑπαδων,</Unicode>
                </TextEquiv>
            </TextLine>
            <TextLine id="r2l50" custom="readingOrder {index:18;}">
                <Coords points="1446,3607 2615,3666 3330,3640 3370,3577 3207,3511 2991,3582 2554,3528 2233,3580 2077,3521 1874,3568 1643,3502 1447,3561"/>
                <Baseline points="1460,3596 1554,3600 1649,3604 1744,3606 1839,3610 1934,3612 2028,3614 2123,3616 2218,3618 2313,3620 2408,3622 2502,3622 2597,3624 2692,3626 2787,3626 2882,3628 2976,3630 3071,3632 3166,3634 3261,3638 3356,3640"/>
                <TextEquiv>
                    <Unicode>ἢ τοὺς μισθοὺς τῶν ποιητῶν ῥήτωρ ὢν εἶτ᾽ ἀποτρώγει,</Unicode>
                </TextEquiv>
            </TextLine>
            <TextLine id="r2l52" custom="readingOrder {index:19;}">
                <Coords points="1438,3801 3287,3824 3466,3885 3468,3736 3340,3706 2902,3729 2729,3650 2232,3619 2003,3717 1767,3647 1441,3672"/>
                <Baseline points="1452,3746 1552,3751 1652,3754 1752,3758 1852,3762 1953,3764 2053,3767 2153,3770 2253,3772 2353,3774 2454,3774 2554,3776 2654,3776 2754,3778 2854,3778 2955,3780 3055,3780 3155,3780 3255,3782 3355,3782 3456,3782"/>
                <TextEquiv>
                    <Unicode>κωμωδηθεὶς ἐν ταῖς πατρίοις τελεταῖς ταῖς τοῦ Διονύσου. 	 </Unicode>
                </TextEquiv>
            </TextLine>
            <TextEquiv>
                <Unicode>ἀποσείονται δὲ λύπας χρονίους τ᾽ ἐτῶν παλαιῶν τ' ἐνιαυτοὺς&#13;
ἱερᾶς ὑπὸ τιμῆς. σὺ δὲ λαμπάσι φέγγων&#13;
προβάδην ἔξαγ᾽ ἐπ᾽ ἀνθηρὸν&#13;
 ἕλειον δάπεδον χοροποιόν, μάκαρ, ἥβαν.&#13;
εὐφημεῖν χρὴ κἀξίστασθαι τοῖς ἡμετέροις χοροῖς&#13;
ὅστις ἄπειρος τοιῶνδε λόγων ἢ γνώμην μὴ καθαρεύει,&#13;
ἢ γενναίων ὄργια Μουσῶν μήτ᾽ εἶδεν μήτ᾽ ἐχόρευσεν,&#13;
μηδὲ Κρατίνου τοῦ ταυροφάγου γλώττης &#13;
Βακχεῖ᾽ ἐτελέσθη, ἢ βωμολόχοις &#13;
ἔπεσιν χαίρει μὴ ᾽ν καιρω &#13;
τοῦτο ποιοῦσιν, ἢ στάσιν ἐχθρὰν μὴ καταλύει μηδ᾽ εὔκολός ἐστι &#13;
ἀλλ᾽ ἀνεγείρει καὶ ῥιπίζει κερδῶν ἰδίων ἐπιθυμῶν,&#13;
ἢ τῆς πόλεως χειμαζομένης ἄρχων καταδωροδοκεῖται,&#13;
ἢ προδίδωσιν φρούριον ἢ ναῦς, ἢ τἀπόρρητ᾽&#13;
ἀποπέμπει ἐξ Αἰγίνης Θορυκίων ὢν εἰκοστολόγος &#13;
κακοδαίμων, ἀσκώματα καὶ λίνα καὶ πίτταν διαπέμπων εἰς Ἐπίδαυρον,&#13;
ἢ χρήματα ταῖς ἀντιπάλων ναυσὶν παρέχειν πείθει τινα&#13;
ἢ κατατιλα τῶν Ἑκατείων κυκλείοισι χοροῖσιν ὑπαδων,&#13;
ἢ τοὺς μισθοὺς τῶν ποιητῶν ῥήτωρ ὢν εἶτ᾽ ἀποτρώγει,&#13;
κωμωδηθεὶς ἐν ταῖς πατρίοις τελεταῖς ταῖς τοῦ Διονύσου. 	 </Unicode>
            </TextEquiv>
        </TextRegion>
    </Page>
</PcGts>
