<?xml version="1.0" encoding="UTF-8" standalone="yes"?>
<PcGts xmlns="http://schema.primaresearch.org/PAGE/gts/pagecontent/2013-07-15" xmlns:xsi="http://www.w3.org/2001/XMLSchema-instance" xsi:schemaLocation="http://schema.primaresearch.org/PAGE/gts/pagecontent/2013-07-15 http://schema.primaresearch.org/PAGE/gts/pagecontent/2013-07-15/pagecontent.xsd">
    <Metadata>
        <Creator>prov=University of Rostock/Institute of Mathematics/CITlab|PLANET AI GmbH/Gundram Leifert/gundram.leifert@planet-ai.de:name=HPGTR(htr_id=41125)::::v=2.6.7
prov=University of Rostock/Institute of Mathematics/CITlab|PLANET AI GmbH/Tobias Gruening/tobias.gruening@planet-ai.de:name=de.uros.citlab.module.baseline2polygon.B2PSeamMultiOriented:v=2.6.7
prov=University of Rostock/Institute of Mathematics/CITlab|PLANET AI GmbH/Tobias Gruening/tobias.gruening@planet-ai.de:name=/net_tf/LA73_249_0mod360.pb:de.uros.citlab.segmentation.CITlab_LA_ML:v=2.6.7
Transkribus</Creator>
        <Created>2021-09-19T17:37:21.273+03:00</Created>
        <LastChange>2023-06-04T18:43:28.279+02:00</LastChange>
        <TranskribusMetadata docId="1458633" pageId="56018946" pageNr="35" tsid="125669702" status="IN_PROGRESS" userId="99263" imgUrl="https://files.transkribus.eu/Get?id=GDDPUGCHOFYKCBWAULVVXJZH&amp;fileType=view" xmlUrl="https://files.transkribus.eu/Get?id=ZMUERJQEGMNYSWFVGDLGDGEK" imageId="23265830"/>
    </Metadata>
    <Page imageFilename="0035_65 Bodleian-Library-MS-Barocci-127_00135_fol-66r.jpg" imageWidth="3909" imageHeight="5212">
        <ReadingOrder>
            <OrderedGroup id="ro_1686139445444" caption="Regions reading order">
                <RegionRefIndexed index="0" regionRef="r1"/>
                <RegionRefIndexed index="1" regionRef="r2"/>
                <RegionRefIndexed index="2" regionRef="r3"/>
                <RegionRefIndexed index="3" regionRef="r4"/>
                <RegionRefIndexed index="4" regionRef="r5"/>
                <RegionRefIndexed index="5" regionRef="r6"/>
            </OrderedGroup>
        </ReadingOrder>
        <TextRegion orientation="0.0" id="r1" custom="readingOrder {index:0;}">
            <Coords points="582,1302 582,1458 706,1458 706,1302"/>
            <TextEquiv>
                <Unicode></Unicode>
            </TextEquiv>
        </TextRegion>
        <TextRegion orientation="0.0" id="r2" custom="readingOrder {index:1;}">
            <Coords points="700,2320 700,2474 740,2474 740,2320"/>
            <TextEquiv>
                <Unicode></Unicode>
            </TextEquiv>
        </TextRegion>
        <TextRegion orientation="0.0" id="r3" custom="readingOrder {index:2;}">
            <Coords points="738,2036 738,2186 784,2186 784,2036"/>
            <TextEquiv>
                <Unicode></Unicode>
            </TextEquiv>
        </TextRegion>
        <TextRegion orientation="0.0" id="r4" custom="readingOrder {index:3;}">
            <Coords points="688,682 688,4066 2832,4066 2832,682"/>
            <TextLine id="r4l5" custom="readingOrder {index:0;}">
                <Coords points="677,901 2496,871 2623,854 2621,797 1942,795 1823,734 674,828"/>
                <Baseline points="688,882 784,882 880,881 976,880 1072,878 1168,876 1264,872 1360,868 1456,865 1552,861 1648,858 1744,853 1840,849 1936,846 2032,842 2128,839 2224,836 2320,834 2416,832 2512,832 2608,832"/>
                <TextEquiv>
                    <Unicode>τούτοις απαὐδῶ καὖθις απαυδῶ καὖθις τρί μάλα</Unicode>
                </TextEquiv>
            </TextLine>
            <TextLine id="r4l9" custom="readingOrder {index:1;}">
                <Coords points="738,1082 1315,1051 1632,1135 1759,1047 2627,1026 2606,849 2234,949 1096,949 921,1014 735,960"/>
                <Baseline points="752,1062 845,1060 938,1058 1031,1056 1124,1053 1217,1050 1310,1048 1403,1044 1496,1042 1589,1038 1683,1036 1776,1033 1869,1030 1962,1027 2055,1024 2148,1020 2241,1018 2334,1014 2427,1012 2520,1008 2614,1006"/>
                <TextEquiv>
                    <Unicode>ἐξίστασθαι μύσταισι χοροῖς· ὑμεῖς δ᾽ ἀνεγείρετε μολπὴν</Unicode>
                </TextEquiv>
            </TextLine>
            <TextLine id="r4l11" custom="readingOrder {index:2;}">
                <Coords points="763,1247 1147,1294 1406,1212 2187,1216 2346,1290 2620,1244 2614,1101 2218,1030 1872,1154 1683,1107 1316,1175 758,1141"/>
                <Baseline points="776,1230 867,1230 958,1228 1050,1226 1141,1224 1233,1221 1324,1218 1415,1215 1507,1212 1598,1208 1690,1205 1781,1200 1872,1196 1964,1190 2055,1186 2147,1181 2238,1177 2329,1172 2421,1166 2512,1161 2604,1156"/>
                <TextEquiv>
                    <Unicode>κ παννυχίδας τὰς ἡμετέρας αἳ τηδε πρέπουσιν ἑορτῇ.</Unicode>
                </TextEquiv>
            </TextLine>
            <TextLine id="r4l15" custom="readingOrder {index:3;}">
                <Coords points="723,1509 1159,1392 2511,1392 2540,1264 2258,1307 2126,1249 1832,1301 1617,1252 1456,1338 1082,1286 719,1371"/>
                <Baseline points="734,1406 823,1404 913,1400 1003,1396 1093,1394 1183,1390 1272,1387 1362,1385 1452,1382 1542,1379 1632,1376 1721,1374 1811,1370 1901,1368 1991,1364 2081,1360 2170,1357 2260,1353 2350,1350 2440,1346 2530,1340"/>
                <TextEquiv>
                    <Unicode>χώρει νυν πᾶς ἀνδρείως εἰς τοὺς εὐανθεῖς κόλπους</Unicode>
                </TextEquiv>
            </TextLine>
            <TextLine id="r4l18" custom="readingOrder {index:4;}">
                <Coords points="794,1619 1650,1550 2078,1645 2240,1534 2549,1519 2544,1418 2200,1463 2058,1365 1685,1388 1440,1512 790,1518"/>
                <Baseline points="806,1576 892,1574 979,1572 1065,1569 1152,1566 1238,1562 1325,1559 1411,1556 1498,1550 1584,1547 1671,1542 1757,1540 1844,1535 1930,1531 2017,1528 2103,1524 2190,1520 2276,1518 2363,1516 2449,1514 2536,1512"/>
                <TextEquiv>
                    <Unicode>λειμώνων ἐγκρούων κ σκώπτων κ παίζων </Unicode>
                </TextEquiv>
            </TextLine>
            <TextLine id="r4l20" custom="readingOrder {index:5;}">
                <Coords points="805,1824 866,1853 1005,1739 1165,1778 1496,1723 1689,1810 1897,1720 2025,1757 2359,1699 2356,1610 2160,1588 2079,1646 1781,1604 1468,1669 1111,1627 1027,1684 801,1689"/>
                <Baseline points="816,1738 892,1735 969,1733 1045,1729 1122,1726 1198,1724 1275,1719 1351,1716 1428,1712 1504,1710 1581,1706 1657,1703 1734,1700 1810,1698 1887,1696 1963,1694 2040,1692 2116,1692 2193,1692 2269,1692 2346,1692"/>
                <TextEquiv>
                    <Unicode>κ χλευάζων. ἠρίστηται δ᾽ ἐξαρκούντως.</Unicode>
                </TextEquiv>
            </TextLine>
            <TextLine id="r4l24" custom="readingOrder {index:6;}">
                <Coords points="796,1943 2371,1896 2489,1862 2483,1724 2281,1811 1883,1742 1683,1811 1497,1722 1292,1854 792,1841"/>
                <Baseline points="808,1912 891,1908 974,1904 1057,1901 1141,1898 1224,1896 1307,1892 1391,1890 1474,1887 1557,1884 1641,1882 1724,1879 1807,1876 1890,1872 1974,1867 2057,1863 2140,1858 2224,1852 2307,1847 2390,1839 2474,1832"/>
                <TextEquiv>
                    <Unicode>ἀλλ᾽ ἔμβα χὤπως αιρεις τὴν σώτειραν γενναίως</Unicode>
                </TextEquiv>
            </TextLine>
            <TextLine id="r4l27" custom="readingOrder {index:7;}">
                <Coords points="776,2066 2005,2153 2128,2067 2527,2032 2524,1915 2136,1892 1974,1959 1721,1930 1596,2011 1491,1970 1201,2023 1011,1932 772,1936"/>
                <Baseline points="788,2048 874,2053 960,2056 1046,2059 1133,2060 1219,2060 1305,2060 1392,2058 1478,2056 1564,2053 1651,2050 1737,2046 1823,2042 1909,2038 1996,2034 2082,2030 2168,2026 2255,2022 2341,2018 2427,2016 2514,2012"/>
                <TextEquiv>
                    <Unicode>τῇ φωνῇ μολπάζων ἣ τὴν χώραν σώζειν φήσ᾽ εἰς </Unicode>
                </TextEquiv>
            </TextLine>
            <TextLine id="r4l29" custom="readingOrder {index:8;}">
                <Coords points="805,2242 2416,2227 2414,2136 2271,2116 1736,2168 803,2151"/>
                <Baseline points="818,2218 897,2220 976,2220 1055,2220 1134,2220 1214,2218 1293,2218 1372,2216 1451,2214 1530,2212 1610,2208 1689,2206 1768,2203 1847,2202 1926,2198 2006,2196 2085,2194 2164,2192 2243,2190 2322,2190 2402,2188"/>
                <TextEquiv>
                    <Unicode>τὰς ὥρας,κἂν θωρυκίων μὴ βούληται.</Unicode>
                </TextEquiv>
            </TextLine>
            <TextLine id="r4l31" custom="readingOrder {index:9;}">
                <Coords points="751,2457 1524,2384 2203,2483 2542,2358 2769,2370 2766,2281 2215,2298 2026,2239 1647,2331 911,2237 746,2302"/>
                <Baseline points="762,2410 861,2404 961,2397 1060,2392 1160,2388 1260,2384 1359,2382 1459,2380 1558,2376 1658,2375 1758,2373 1857,2370 1957,2368 2056,2366 2156,2364 2256,2360 2355,2357 2455,2353 2554,2348 2654,2342 2754,2334"/>
                <TextEquiv>
                    <Unicode>ἄγε νυν ἑτέραν ὕμνων ἰδέαν τὴν καρποφόρον βασίλειαν,</Unicode>
                </TextEquiv>
            </TextLine>
            <TextLine id="r4l34" custom="readingOrder {index:10;}">
                <Coords points="787,2614 2787,2546 2829,2456 782,2445"/>
                <Baseline points="798,2558 898,2556 999,2554 1100,2552 1201,2550 1302,2547 1403,2545 1504,2543 1605,2540 1706,2539 1807,2536 1907,2534 2008,2532 2109,2528 2210,2524 2311,2521 2412,2516 2513,2512 2614,2507 2715,2502 2816,2496"/>
                <TextEquiv>
                    <Unicode>Δήμητρα θεάν, ἐπικοσμοῦντες ζαθέαις μολπαῖς κελαδεῖτε.</Unicode>
                </TextEquiv>
            </TextLine>
            <TextLine id="r4l37" custom="readingOrder {index:11;}">
                <Coords points="788,2746 1938,2773 2570,2695 2565,2521 1899,2569 1745,2664 1295,2659 1155,2572 785,2619"/>
                <Baseline points="800,2732 887,2730 975,2730 1063,2728 1151,2728 1239,2726 1327,2726 1415,2724 1503,2723 1591,2722 1679,2720 1766,2717 1854,2714 1942,2712 2030,2708 2118,2704 2206,2699 2294,2694 2382,2689 2470,2683 2558,2676"/>
                <TextEquiv>
                    <Unicode>Δήμητερ, ἁγνῶν ὀργίων ἄνασσα, συμπαραστάτει,</Unicode>
                </TextEquiv>
            </TextLine>
            <TextLine id="r4l39" custom="readingOrder {index:12;}">
                <Coords points="774,2925 1680,2966 2619,2875 2615,2686 2168,2790 1845,2752 1308,2843 771,2751"/>
                <Baseline points="788,2904 878,2900 969,2898 1060,2896 1151,2895 1242,2894 1333,2892 1424,2892 1515,2890 1606,2890 1697,2888 1787,2888 1878,2886 1969,2884 2060,2882 2151,2880 2242,2878 2333,2874 2424,2871 2515,2866 2606,2862"/>
                <TextEquiv>
                    <Unicode>κ σωζε τὸν σαυτῆς χορόν· κ μ᾽ ἀσφαλῶς πανήμερον</Unicode>
                </TextEquiv>
            </TextLine>
            <TextLine id="r4l41" custom="readingOrder {index:13;}">
                <Coords points="828,3087 1179,3068 1380,3133 1831,3057 2460,3078 2688,3043 2687,2968 2420,2991 2075,2910 827,3012"/>
                <Baseline points="842,3074 933,3070 1025,3064 1116,3062 1208,3060 1300,3058 1391,3056 1483,3056 1574,3056 1666,3056 1758,3056 1849,3056 1941,3056 2032,3054 2124,3052 2216,3050 2307,3048 2399,3044 2490,3040 2582,3034 2674,3026"/>
                <TextEquiv>
                    <Unicode>παῖσαί τε κ χορεῦσαι. κ πολλὰ μὲν γέλοιά μ᾽ εἰπεῖν, </Unicode>
                </TextEquiv>
            </TextLine>
            <TextLine id="r4l42" custom="readingOrder {index:14;}">
                <Coords points="777,3287 2570,3262 2623,3155 2289,3072 2113,3155 1523,3104 775,3190"/>
                <Baseline points="788,3252 879,3247 970,3242 1061,3238 1152,3237 1243,3234 1334,3234 1425,3233 1516,3232 1607,3232 1699,3232 1790,3232 1881,3232 1972,3232 2063,3230 2154,3228 2245,3226 2336,3223 2427,3219 2518,3215 2610,3208"/>
                <TextEquiv>
                    <Unicode>πολλὰ δὲ σπουδαῖα, κ τῆς σῆς ἑορτῆς ἀξίως</Unicode>
                </TextEquiv>
            </TextLine>
            <TextLine id="r4l44" custom="readingOrder {index:15;}">
                <Coords points="803,3428 1252,3415 1427,3475 1496,3409 2273,3391 2658,3444 2656,3217 801,3342"/>
                <Baseline points="816,3406 907,3410 998,3412 1090,3412 1181,3412 1273,3410 1364,3410 1455,3408 1547,3406 1638,3402 1730,3400 1821,3398 1912,3396 2004,3394 2095,3392 2187,3392 2278,3392 2369,3392 2461,3394 2552,3396 2644,3402"/>
                <TextEquiv>
                    <Unicode>παίσαντα κ σκώψαντα νικήσαντα ταινιοῦσθαι.</Unicode>
                </TextEquiv>
            </TextLine>
            <TextLine id="r4l47" custom="readingOrder {index:16;}">
                <Coords points="686,3678 889,3585 2659,3551 2656,3455 2207,3478 1995,3407 1805,3492 1261,3494 1052,3413 954,3475 681,3460"/>
                <Baseline points="696,3586 793,3584 891,3581 988,3579 1086,3577 1183,3575 1281,3572 1378,3570 1476,3569 1573,3566 1671,3564 1768,3564 1866,3560 1963,3558 2061,3556 2158,3554 2256,3552 2353,3548 2451,3546 2548,3543 2646,3540"/>
                <TextEquiv>
                    <Unicode>ἄγ᾽ εἶά νυν καὶ τὸν ὡραῖον θεὸν παρακαλεῖτε δεῦρο</Unicode>
                </TextEquiv>
            </TextLine>
            <TextLine id="r4l49" custom="readingOrder {index:17;} structure {type:paragraph;}">
                <Coords points="850,3773 1235,3762 1339,3818 1653,3758 1748,3819 2126,3740 2225,3796 2552,3759 2510,3565 2368,3643 2233,3590 1929,3621 1795,3709 1529,3661 1431,3712 1209,3612 848,3638"/>
                <Baseline points="862,3754 945,3754 1029,3754 1113,3754 1197,3754 1281,3754 1364,3754 1448,3754 1532,3754 1616,3754 1700,3752 1783,3752 1867,3750 1951,3748 2035,3746 2119,3742 2202,3740 2286,3737 2370,3732 2454,3728 2538,3722"/>
                <TextEquiv>
                    <Unicode>ωδαῖσι, τὸν ξυνέμπορον τῆσδε τῆς χορείας</Unicode>
                </TextEquiv>
            </TextLine>
            <TextLine id="r4l51" custom="readingOrder {index:18;}">
                <Coords points="706,3980 805,3925 1034,3991 1470,3926 2689,3963 2808,3950 2808,3812 2691,3870 2529,3775 705,3782"/>
                <Baseline points="718,3938 821,3932 925,3928 1029,3925 1133,3922 1237,3922 1341,3920 1445,3920 1549,3922 1653,3922 1757,3922 1860,3924 1964,3924 2068,3924 2172,3924 2276,3924 2380,3922 2484,3920 2588,3916 2692,3914 2796,3908"/>
                <TextEquiv>
                    <Unicode>Ἴακχε πολυτίμητε, μέλος ἑορτῆς, ἥδιστον εὑρών, δεῦρο συνα </Unicode>
                </TextEquiv>
            </TextLine>
            <TextEquiv>
                <Unicode>τούτοις απαὐδῶ καὖθις απαυδῶ καὖθις τρί μάλα&#13;
ἐξίστασθαι μύσταισι χοροῖς· ὑμεῖς δ᾽ ἀνεγείρετε μολπὴν&#13;
κ παννυχίδας τὰς ἡμετέρας αἳ τηδε πρέπουσιν ἑορτῇ.&#13;
χώρει νυν πᾶς ἀνδρείως εἰς τοὺς εὐανθεῖς κόλπους&#13;
λειμώνων ἐγκρούων κ σκώπτων κ παίζων &#13;
κ χλευάζων. ἠρίστηται δ᾽ ἐξαρκούντως.&#13;
ἀλλ᾽ ἔμβα χὤπως αιρεις τὴν σώτειραν γενναίως&#13;
τῇ φωνῇ μολπάζων ἣ τὴν χώραν σώζειν φήσ᾽ εἰς &#13;
τὰς ὥρας,κἂν θωρυκίων μὴ βούληται.&#13;
ἄγε νυν ἑτέραν ὕμνων ἰδέαν τὴν καρποφόρον βασίλειαν,&#13;
Δήμητρα θεάν, ἐπικοσμοῦντες ζαθέαις μολπαῖς κελαδεῖτε.&#13;
Δήμητερ, ἁγνῶν ὀργίων ἄνασσα, συμπαραστάτει,&#13;
κ σωζε τὸν σαυτῆς χορόν· κ μ᾽ ἀσφαλῶς πανήμερον&#13;
παῖσαί τε κ χορεῦσαι. κ πολλὰ μὲν γέλοιά μ᾽ εἰπεῖν, &#13;
πολλὰ δὲ σπουδαῖα, κ τῆς σῆς ἑορτῆς ἀξίως&#13;
παίσαντα κ σκώψαντα νικήσαντα ταινιοῦσθαι.&#13;
ἄγ᾽ εἶά νυν καὶ τὸν ὡραῖον θεὸν παρακαλεῖτε δεῦρο&#13;
ωδαῖσι, τὸν ξυνέμπορον τῆσδε τῆς χορείας&#13;
Ἴακχε πολυτίμητε, μέλος ἑορτῆς, ἥδιστον εὑρών, δεῦρο συνα </Unicode>
            </TextEquiv>
        </TextRegion>
        <TextRegion orientation="0.0" id="r5" custom="readingOrder {index:4;}">
            <Coords points="3086,1770 3086,1925 3170,1925 3170,1770"/>
            <TextEquiv>
                <Unicode></Unicode>
            </TextEquiv>
        </TextRegion>
        <TextRegion orientation="0.0" id="r6" custom="readingOrder {index:5;}">
            <Coords points="3068,480 3068,636 3196,636 3196,480"/>
            <TextEquiv>
                <Unicode></Unicode>
            </TextEquiv>
        </TextRegion>
    </Page>
</PcGts>
