<?xml version="1.0" encoding="UTF-8" standalone="yes"?>
<PcGts xmlns="http://schema.primaresearch.org/PAGE/gts/pagecontent/2013-07-15" xmlns:xsi="http://www.w3.org/2001/XMLSchema-instance" xsi:schemaLocation="http://schema.primaresearch.org/PAGE/gts/pagecontent/2013-07-15 http://schema.primaresearch.org/PAGE/gts/pagecontent/2013-07-15/pagecontent.xsd">
    <Metadata>
        <Creator>prov=University of Rostock/Institute of Mathematics/CITlab|PLANET AI GmbH/Gundram Leifert/gundram.leifert@planet-ai.de:name=HPGTR(htr_id=41125)::::v=2.6.7
prov=University of Rostock/Institute of Mathematics/CITlab|PLANET AI GmbH/Tobias Gruening/tobias.gruening@planet-ai.de:name=de.uros.citlab.module.baseline2polygon.B2PSeamMultiOriented:v=2.6.7
prov=University of Rostock/Institute of Mathematics/CITlab|PLANET AI GmbH/Tobias Gruening/tobias.gruening@planet-ai.de:name=/net_tf/LA73_249_0mod360.pb:de.uros.citlab.segmentation.CITlab_LA_ML:v=2.6.7
Transkribus</Creator>
        <Created>2021-09-19T17:37:21.440+03:00</Created>
        <LastChange>2023-06-04T18:50:16.549+02:00</LastChange>
        <TranskribusMetadata docId="1458633" pageId="56018948" pageNr="36" tsid="125670486" status="IN_PROGRESS" userId="99263" imgUrl="https://files.transkribus.eu/Get?id=LRGFAJIVAMXTVPCYMVXLIKQU&amp;fileType=view" xmlUrl="https://files.transkribus.eu/Get?id=QLLUZGSCAJTEGSYOTVZDRMBB" imageId="23265831"/>
    </Metadata>
    <Page imageFilename="0036_66 Bodleian-Library-MS-Barocci-127_00136_fol-66v.jpg" imageWidth="3909" imageHeight="5212">
        <ReadingOrder>
            <OrderedGroup id="ro_1686139445640" caption="Regions reading order">
                <RegionRefIndexed index="0" regionRef="r1"/>
            </OrderedGroup>
        </ReadingOrder>
        <TextRegion orientation="0.0" id="r1" custom="readingOrder {index:0;}">
            <Coords points="798,665 798,4118 3460,4118 3460,665"/>
            <TextLine id="r1l3" custom="readingOrder {index:0;}">
                <Coords points="1421,834 1842,900 2020,852 2238,928 2352,863 3402,886 3355,814 3063,767 2823,828 2589,736 2098,703 1423,775"/>
                <Baseline points="1434,834 1531,832 1629,832 1727,834 1825,836 1923,838 2020,841 2118,846 2216,849 2314,854 2412,858 2509,862 2607,867 2705,870 2803,875 2901,878 2998,880 3096,884 3194,884 3292,886 3390,884"/>
                <TextEquiv>
                    <Unicode>πρὸς τὴν θεὸν κ δεῖξον ὡς ἄνευ πόνου πολλὴν ὁδὸν περαίνεις.</Unicode>
                </TextEquiv>
            </TextLine>
            <TextLine id="r1l7" custom="readingOrder {index:1;}">
                <Coords points="1339,1060 2502,1037 3168,1100 3272,1072 3275,969 3027,1014 1576,909 1342,962"/>
                <Baseline points="1352,1002 1447,1004 1542,1006 1638,1008 1733,1012 1829,1014 1924,1016 2019,1018 2115,1021 2210,1024 2306,1028 2401,1032 2496,1034 2592,1038 2687,1042 2783,1046 2878,1050 2973,1055 3069,1060 3164,1065 3260,1070"/>
                <TextEquiv>
                    <Unicode>Ἴακχε φιλοχορευτά, συμπρόπεμπέ με.</Unicode>
                </TextEquiv>
            </TextLine>
            <TextLine id="r1l11" custom="readingOrder {index:2;} structure {type:paragraph;}">
                <Coords points="1504,1204 1795,1197 1957,1263 2125,1221 2709,1240 2770,1232 2773,1124 2307,1104 2045,1165 1947,1082 1826,1135 1759,1096 1506,1113"/>
                <Baseline points="1516,1184 1578,1182 1640,1182 1702,1182 1764,1184 1827,1186 1889,1188 1951,1190 2013,1192 2075,1196 2138,1199 2200,1202 2262,1205 2324,1206 2386,1209 2449,1210 2511,1210 2573,1210 2635,1208 2697,1206 2760,1202"/>
                <TextEquiv>
                    <Unicode>σὺ γὰρ κατεσχίσω μὲν ἐπὶ γέλωτι </Unicode>
                </TextEquiv>
            </TextLine>
            <TextLine id="r1l17" custom="readingOrder {index:3;}">
                <Coords points="1504,1377 2681,1390 2794,1442 3033,1400 3217,1451 3274,1443 3278,1311 2528,1337 2351,1261 2193,1311 1906,1251 1507,1270"/>
                <Baseline points="1516,1346 1603,1348 1690,1350 1778,1352 1865,1356 1953,1358 2040,1362 2127,1364 2215,1368 2302,1371 2390,1374 2477,1376 2564,1380 2652,1382 2739,1384 2827,1385 2914,1386 3001,1388 3089,1388 3176,1388 3264,1386"/>
                <TextEquiv>
                    <Unicode>κἀπ᾽ εὐτελείᾳ τόνδε τὸν σανδαλίσκον</Unicode>
                </TextEquiv>
            </TextLine>
            <TextLine id="r1l20" custom="readingOrder {index:4;}">
                <Coords points="1464,1548 3377,1597 3379,1482 3310,1520 3062,1448 2771,1429 2687,1483 2175,1403 1589,1468 1467,1421"/>
                <Baseline points="1478,1524 1572,1526 1666,1528 1761,1532 1855,1533 1950,1536 2044,1538 2138,1540 2233,1542 2327,1544 2422,1546 2516,1548 2610,1550 2705,1552 2799,1555 2894,1557 2988,1558 3082,1561 3177,1564 3271,1566 3366,1568"/>
                <TextEquiv>
                    <Unicode>κ τὸ ῥάκος, κἀξεῦρες ὥστ᾽ ἀζημίους παίζειν τε κ χορεύειν.</Unicode>
                </TextEquiv>
            </TextLine>
            <TextLine id="r1l23" custom="readingOrder {index:5;}">
                <Coords points="1442,1772 1882,1708 2040,1759 2887,1722 3150,1781 3154,1642 2544,1664 2355,1590 1979,1660 1752,1629 1630,1544 1449,1547"/>
                <Baseline points="1456,1678 1540,1683 1624,1688 1708,1692 1792,1697 1877,1700 1961,1703 2045,1706 2129,1708 2213,1710 2298,1712 2382,1714 2466,1716 2550,1718 2634,1720 2719,1721 2803,1722 2887,1724 2971,1728 3055,1730 3140,1732"/>
                <TextEquiv>
                    <Unicode>Ἴακχε φιλοχορευτά, συμπρόπεμπέ με.</Unicode>
                </TextEquiv>
            </TextLine>
            <TextLine id="r1l24" custom="readingOrder {index:6;}">
                <Coords points="1456,1869 1733,1920 1825,1884 2724,1929 2727,1853 2607,1794 2336,1830 2231,1764 2119,1825 1859,1719 1660,1728 1567,1788 1460,1764"/>
                <Baseline points="1468,1848 1530,1852 1592,1857 1654,1860 1716,1864 1779,1866 1841,1870 1903,1873 1965,1876 2027,1878 2090,1881 2152,1882 2214,1886 2276,1888 2338,1890 2401,1892 2463,1894 2525,1895 2587,1898 2649,1899 2712,1900"/>
                <TextEquiv>
                    <Unicode>κ γὰρ παραβλέψας τι μειρακίσκης</Unicode>
                </TextEquiv>
            </TextLine>
            <TextLine id="r1l26" custom="readingOrder {index:7;}">
                <Coords points="1446,2066 1960,2046 2113,2114 2376,2053 2461,2110 3073,2072 3074,1932 2848,2021 2609,1977 2427,2014 2323,1942 2039,1974 1946,1917 1865,1958 1780,1903 1447,1995"/>
                <Baseline points="1458,2042 1538,2040 1618,2040 1698,2040 1778,2040 1858,2042 1938,2042 2018,2044 2098,2046 2178,2047 2259,2048 2339,2050 2419,2052 2499,2052 2579,2054 2659,2054 2739,2054 2819,2052 2899,2051 2979,2049 3060,2046"/>
                <TextEquiv>
                    <Unicode>νυνδὴ κατεῖδον κ μάλ᾽ εὐπροσώπου,</Unicode>
                </TextEquiv>
            </TextLine>
            <TextLine id="r1l30" custom="readingOrder {index:8;}">
                <Coords points="1462,2248 2673,2224 2781,2283 3346,2259 3425,2178 1636,2163 1463,2106"/>
                <Baseline points="1474,2214 1570,2212 1667,2210 1764,2208 1861,2208 1958,2208 2055,2210 2152,2210 2249,2212 2346,2214 2443,2216 2539,2218 2636,2218 2733,2220 2830,2220 2927,2220 3024,2220 3121,2218 3218,2215 3315,2212 3412,2208"/>
                <TextEquiv>
                    <Unicode>συμπαιστρίας,χιτωνίου παραρραγέντος τιτθίον προκύψαν.</Unicode>
                </TextEquiv>
            </TextLine>
            <TextLine id="r1l31" custom="readingOrder {index:9;}">
                <Coords points="1464,2426 2333,2390 3127,2440 3226,2414 3227,2284 3097,2346 2399,2340 1809,2219 1675,2330 1465,2316"/>
                <Baseline points="1476,2366 1562,2370 1649,2375 1736,2377 1823,2380 1910,2382 1997,2384 2084,2384 2171,2386 2258,2386 2345,2386 2431,2386 2518,2386 2605,2386 2692,2386 2779,2386 2866,2386 2953,2388 3040,2388 3127,2390 3214,2392"/>
                <TextEquiv>
                    <Unicode>Ἴακχε φιλοχορευτά, συμπρόπεμπέ με.</Unicode>
                </TextEquiv>
            </TextLine>
            <TextLine id="r1l34" custom="readingOrder {index:10;}">
                <Coords points="1465,2604 1757,2546 1991,2588 2818,2572 2820,2476 2381,2426 2270,2478 2155,2437 1918,2454 1848,2507 1659,2434 1468,2431"/>
                <Baseline points="1478,2528 1544,2530 1610,2534 1677,2537 1743,2539 1810,2541 1876,2543 1942,2544 2009,2546 2075,2547 2142,2548 2208,2550 2274,2550 2341,2550 2407,2552 2474,2552 2540,2552 2606,2554 2673,2554 2739,2556 2806,2556"/>
                <TextEquiv>
                    <Unicode>ἐγὼ δ᾽ ἀεί πως φιλακόλουθός εἰμι </Unicode>
                </TextEquiv>
            </TextLine>
            <TextLine id="r1l36" custom="readingOrder {index:11;}">
                <Coords points="1463,2718 2021,2732 2255,2801 2461,2736 2854,2808 3012,2744 3138,2768 3140,2690 2852,2646 2548,2681 2497,2636 1975,2680 1608,2552 1465,2598"/>
                <Baseline points="1476,2706 1558,2708 1641,2712 1723,2714 1806,2716 1889,2719 1971,2720 2054,2724 2136,2726 2219,2728 2302,2728 2384,2730 2467,2732 2549,2732 2632,2732 2715,2732 2797,2732 2880,2732 2962,2732 3045,2730 3128,2728"/>
                <TextEquiv>
                    <Unicode>κ μετ᾽ αὐτῆς παίζων χορεύειν βούλομαι. </Unicode>
                </TextEquiv>
            </TextLine>
            <TextLine id="r1l41" custom="readingOrder {index:12;}">
                <Coords points="1488,2912 2339,2978 2602,2911 3465,2930 3427,2717 2839,2814 2504,2771 2286,2860 2194,2771 1895,2821 1489,2721"/>
                <Baseline points="1500,2870 1597,2880 1695,2886 1792,2893 1890,2896 1988,2900 2085,2902 2183,2904 2280,2904 2378,2904 2476,2904 2573,2904 2671,2902 2768,2900 2866,2900 2964,2898 3061,2898 3159,2896 3256,2896 3354,2896 3452,2898"/>
                <TextEquiv>
                    <Unicode> κἄγωγε πρός. χορος βούλεσθε δῆτα κοινη σκώψωμεν Ἀρχέδημον,</Unicode>
                </TextEquiv>
            </TextLine>
            <TextLine id="r1l43" custom="readingOrder {index:13;}">
                <Coords points="1484,3077 2225,3117 2424,3055 2721,3130 2969,3092 2970,3019 2743,2947 2590,3019 2278,2944 2096,3029 1922,3029 1762,2956 1485,2960"/>
                <Baseline points="1496,3046 1569,3049 1642,3052 1715,3055 1788,3058 1861,3060 1934,3062 2007,3063 2080,3064 2153,3066 2226,3066 2299,3068 2372,3068 2445,3068 2518,3068 2591,3068 2664,3068 2737,3068 2810,3068 2883,3068 2956,3066"/>
                <TextEquiv>
                    <Unicode>ὃς ἑπτέτης ὢν οὐκ ἔφυσε φράτορας</Unicode>
                </TextEquiv>
            </TextLine>
            <TextLine id="r1l47" custom="readingOrder {index:14;}">
                <Coords points="1449,3285 3171,3263 3171,3184 2914,3157 2486,3203 2388,3142 1901,3178 1767,3099 1449,3123"/>
                <Baseline points="1462,3238 1546,3238 1631,3240 1716,3240 1801,3242 1886,3242 1970,3242 2055,3244 2140,3244 2225,3244 2310,3244 2394,3246 2479,3246 2564,3244 2649,3244 2734,3244 2818,3244 2903,3242 2988,3241 3073,3240 3158,3238"/>
                <TextEquiv>
                    <Unicode>νυνὶ δὲ δημαγωγεῖ ἐν τοῖς ἄνω νεκροῖσι</Unicode>
                </TextEquiv>
            </TextLine>
            <TextLine id="r1l50" custom="readingOrder {index:15;}">
                <Coords points="1478,3463 1605,3481 1802,3414 2716,3480 2792,3426 2983,3433 2984,3359 2484,3368 2282,3259 1905,3368 1480,3257"/>
                <Baseline points="1490,3410 1564,3410 1638,3412 1712,3412 1786,3414 1860,3416 1934,3417 2008,3418 2082,3420 2156,3422 2230,3422 2304,3422 2378,3424 2452,3424 2526,3424 2600,3424 2674,3423 2748,3422 2822,3420 2896,3418 2970,3414"/>
                <TextEquiv>
                    <Unicode>κἄστι τὰ πρῶτα τῆς ἐκεῖ μοχθηρίας</Unicode>
                </TextEquiv>
            </TextLine>
            <TextLine id="r1l55" custom="readingOrder {index:16;}">
                <Coords points="1484,3601 1827,3652 1948,3592 3394,3626 3393,3514 3246,3488 3029,3529 1952,3430 1830,3500 1483,3493"/>
                <Baseline points="1496,3572 1590,3577 1684,3580 1778,3584 1873,3584 1967,3586 2061,3586 2156,3586 2250,3586 2344,3586 2439,3584 2533,3582 2627,3581 2721,3580 2816,3577 2910,3574 3004,3572 3099,3570 3193,3568 3287,3566 3382,3564"/>
                <TextEquiv>
                    <Unicode>τὸν Κλεισθένους δ᾽ ἀκούω ἐν ταῖς ταφαῖσι πρωκτὸν</Unicode>
                </TextEquiv>
            </TextLine>
            <TextLine id="r1l57" custom="readingOrder {index:17;}">
                <Coords points="1485,3765 1820,3828 1947,3770 2483,3777 2537,3826 3217,3772 3217,3694 2926,3643 2566,3699 1485,3647"/>
                <Baseline points="1496,3742 1581,3748 1666,3752 1752,3756 1837,3760 1923,3762 2008,3764 2093,3766 2179,3766 2264,3766 2350,3766 2435,3766 2520,3764 2606,3762 2691,3762 2777,3760 2862,3758 2947,3755 3033,3753 3118,3750 3204,3748"/>
                <TextEquiv>
                    <Unicode>τίλλειν ἑαυτοῦ κ σπαράττειν τὰς γνάθους.</Unicode>
                </TextEquiv>
            </TextLine>
            <TextLine id="r1l62" custom="readingOrder {index:18;}">
                <Coords points="1483,3993 2655,3948 3005,4022 3242,3924 3342,3953 3340,3771 2766,3873 1481,3797"/>
                <Baseline points="1494,3912 1585,3914 1677,3914 1769,3914 1861,3915 1953,3916 2044,3918 2136,3918 2228,3918 2320,3920 2412,3920 2503,3918 2595,3918 2687,3916 2779,3914 2871,3910 2962,3908 3054,3902 3146,3897 3238,3890 3330,3880"/>
                <TextEquiv>
                    <Unicode>κἀκόπτετ᾽ ἐγκεκυφώς, κἄκλαε κἀκεκράγει </Unicode>
                </TextEquiv>
            </TextLine>
            <TextEquiv>
                <Unicode>πρὸς τὴν θεὸν κ δεῖξον ὡς ἄνευ πόνου πολλὴν ὁδὸν περαίνεις.&#13;
Ἴακχε φιλοχορευτά, συμπρόπεμπέ με.&#13;
σὺ γὰρ κατεσχίσω μὲν ἐπὶ γέλωτι &#13;
κἀπ᾽ εὐτελείᾳ τόνδε τὸν σανδαλίσκον&#13;
κ τὸ ῥάκος, κἀξεῦρες ὥστ᾽ ἀζημίους παίζειν τε κ χορεύειν.&#13;
Ἴακχε φιλοχορευτά, συμπρόπεμπέ με.&#13;
κ γὰρ παραβλέψας τι μειρακίσκης&#13;
νυνδὴ κατεῖδον κ μάλ᾽ εὐπροσώπου,&#13;
συμπαιστρίας,χιτωνίου παραρραγέντος τιτθίον προκύψαν.&#13;
Ἴακχε φιλοχορευτά, συμπρόπεμπέ με.&#13;
ἐγὼ δ᾽ ἀεί πως φιλακόλουθός εἰμι &#13;
κ μετ᾽ αὐτῆς παίζων χορεύειν βούλομαι. &#13;
 κἄγωγε πρός. χορος βούλεσθε δῆτα κοινη σκώψωμεν Ἀρχέδημον,&#13;
ὃς ἑπτέτης ὢν οὐκ ἔφυσε φράτορας&#13;
νυνὶ δὲ δημαγωγεῖ ἐν τοῖς ἄνω νεκροῖσι&#13;
κἄστι τὰ πρῶτα τῆς ἐκεῖ μοχθηρίας&#13;
τὸν Κλεισθένους δ᾽ ἀκούω ἐν ταῖς ταφαῖσι πρωκτὸν&#13;
τίλλειν ἑαυτοῦ κ σπαράττειν τὰς γνάθους.&#13;
κἀκόπτετ᾽ ἐγκεκυφώς, κἄκλαε κἀκεκράγει </Unicode>
            </TextEquiv>
        </TextRegion>
    </Page>
</PcGts>
