<?xml version="1.0" encoding="UTF-8" standalone="yes"?>
<PcGts xmlns="http://schema.primaresearch.org/PAGE/gts/pagecontent/2013-07-15" xmlns:xsi="http://www.w3.org/2001/XMLSchema-instance" xsi:schemaLocation="http://schema.primaresearch.org/PAGE/gts/pagecontent/2013-07-15 http://schema.primaresearch.org/PAGE/gts/pagecontent/2013-07-15/pagecontent.xsd">
    <Metadata>
        <Creator>prov=University of Rostock/Institute of Mathematics/CITlab|PLANET AI GmbH/Gundram Leifert/gundram.leifert@planet-ai.de:name=HPGTR(htr_id=41125)::::v=2.6.7
prov=University of Rostock/Institute of Mathematics/CITlab|PLANET AI GmbH/Tobias Gruening/tobias.gruening@planet-ai.de:name=de.uros.citlab.module.baseline2polygon.B2PSeamMultiOriented:v=2.6.7
prov=University of Rostock/Institute of Mathematics/CITlab|PLANET AI GmbH/Tobias Gruening/tobias.gruening@planet-ai.de:name=/net_tf/LA73_249_0mod360.pb:de.uros.citlab.segmentation.CITlab_LA_ML:v=2.6.7
Transkribus</Creator>
        <Created>2021-09-19T17:37:21.727+03:00</Created>
        <LastChange>2023-06-04T18:56:04.221+02:00</LastChange>
        <TranskribusMetadata docId="1458633" pageId="56018949" pageNr="37" tsid="125670846" status="IN_PROGRESS" userId="99263" imgUrl="https://files.transkribus.eu/Get?id=BLMDPVNWNNLJWNMFHYBTLSRN&amp;fileType=view" xmlUrl="https://files.transkribus.eu/Get?id=CCQUHEQCCRASOHMVZJSAMJDH" imageId="23265832"/>
    </Metadata>
    <Page imageFilename="0037_67 Bodleian-Library-MS-Barocci-127_00137_fol-67r.jpg" imageWidth="3909" imageHeight="5212">
        <ReadingOrder>
            <OrderedGroup id="ro_1686139445828" caption="Regions reading order">
                <RegionRefIndexed index="0" regionRef="r1"/>
                <RegionRefIndexed index="1" regionRef="r2"/>
            </OrderedGroup>
        </ReadingOrder>
        <TextRegion orientation="0.0" id="r1" custom="readingOrder {index:0;}">
            <Coords points="654,689 654,3901 2910,3901 2910,689"/>
            <TextLine id="r1l2" custom="readingOrder {index:0;}">
                <Coords points="784,911 1197,882 1302,924 1462,857 1592,899 1845,847 2174,904 2289,864 2288,777 1064,738 783,812"/>
                <Baseline points="798,862 871,860 945,860 1019,858 1093,856 1167,854 1240,852 1314,849 1388,848 1462,845 1536,844 1609,842 1683,840 1757,840 1831,840 1905,840 1978,842 2052,844 2126,847 2200,852 2274,858"/>
                <TextEquiv>
                    <Unicode>σεβῖνον ὅστις ἐστὶν αναφλύστιος</Unicode>
                </TextEquiv>
            </TextLine>
            <TextLine id="r1l4" custom="readingOrder {index:1;}">
                <Coords points="796,1082 1045,1032 2539,1061 2539,864 2366,930 2123,898 1948,980 1233,897 796,934"/>
                <Baseline points="810,1026 895,1022 981,1020 1067,1018 1153,1016 1239,1016 1324,1014 1410,1014 1496,1014 1582,1014 1668,1014 1753,1015 1839,1016 1925,1016 2011,1016 2097,1016 2182,1016 2268,1016 2354,1016 2440,1016 2526,1014"/>
                <TextEquiv>
                    <Unicode>καὶ καλλίαν γέ φασι τοῦτον τὸν ιπποκίνου</Unicode>
                </TextEquiv>
            </TextLine>
            <TextLine id="r1l6" custom="readingOrder {index:2;}">
                <Coords points="780,1207 994,1259 1117,1201 1380,1195 2305,1239 2304,1094 2260,1088 2137,1146 1913,1095 1418,1091 1270,1138 780,1098"/>
                <Baseline points="794,1188 868,1186 943,1184 1018,1182 1093,1182 1168,1180 1242,1180 1317,1180 1392,1180 1467,1180 1542,1180 1616,1180 1691,1180 1766,1180 1841,1180 1916,1180 1990,1180 2065,1182 2140,1180 2215,1180 2290,1180"/>
                <TextEquiv>
                    <Unicode>κύσθου λεοντῆν ναυμαχεῖν ἐνημμένον.</Unicode>
                </TextEquiv>
            </TextLine>
            <TextLine id="r1l7" custom="readingOrder {index:3;}">
                <Coords points="640,1407 2791,1413 2856,1202 2473,1310 1775,1219 640,1295"/>
                <Baseline points="654,1370 763,1364 872,1357 982,1352 1091,1349 1201,1346 1310,1344 1419,1342 1529,1342 1638,1342 1748,1342 1857,1342 1966,1344 2076,1344 2185,1346 2295,1348 2404,1348 2513,1350 2623,1350 2732,1350 2842,1350"/>
                <TextEquiv>
                    <Unicode>ἔχοιτ᾽ ἂν οὖν φράσαι νωιν Πλούτων᾽ ὅπου ᾽νθάδ᾽ οἰκεῖ;</Unicode>
                </TextEquiv>
            </TextLine>
            <TextLine id="r1l8" custom="readingOrder {index:4;}">
                <Coords points="805,1574 1144,1530 1380,1570 1525,1518 1834,1580 2294,1560 2293,1429 2167,1388 2028,1460 1839,1400 1752,1438 1240,1409 1035,1475 805,1432"/>
                <Baseline points="820,1524 893,1524 966,1524 1039,1524 1112,1522 1185,1522 1258,1522 1331,1520 1404,1520 1477,1518 1550,1518 1623,1518 1696,1518 1769,1518 1842,1518 1915,1518 1988,1518 2061,1520 2134,1522 2207,1524 2280,1526"/>
                <TextEquiv>
                    <Unicode>ξένω γάρ ἐσμεν ἀρτίως ἀφιγμένω.</Unicode>
                </TextEquiv>
            </TextLine>
            <TextLine id="r1l9" custom="readingOrder {index:5;}">
                <Coords points="662,1735 2511,1683 2621,1740 2656,1575 1972,1565 1843,1642 1646,1552 1252,1595 661,1510"/>
                <Baseline points="674,1690 772,1688 870,1687 969,1686 1067,1684 1166,1684 1264,1682 1362,1682 1461,1682 1559,1682 1658,1682 1756,1681 1854,1680 1953,1680 2051,1680 2150,1680 2248,1680 2346,1680 2445,1680 2543,1680 2642,1678"/>
                <TextEquiv>
                    <Unicode>μηδὲν μακρὰν ἀπέλθης, μηδ᾽ αὖθις ἐπανέρῃ με,</Unicode>
                </TextEquiv>
            </TextLine>
            <TextLine id="r1l10" custom="readingOrder {index:6;}">
                <Coords points="809,1868 1860,1861 2164,1914 2522,1851 2522,1753 2254,1709 2112,1771 1866,1727 1510,1806 1163,1718 810,1780"/>
                <Baseline points="824,1854 908,1850 992,1846 1076,1844 1161,1844 1245,1842 1329,1843 1414,1844 1498,1844 1582,1846 1667,1848 1751,1848 1835,1850 1919,1851 2004,1852 2088,1852 2172,1851 2257,1850 2341,1848 2425,1844 2510,1840"/>
                <TextEquiv>
                    <Unicode>ἀλλ᾽ ἴσθ᾽ ἐπ᾽ αὐτὴν τὴν θύραν ἀφιγμένος.</Unicode>
                </TextEquiv>
            </TextLine>
            <TextLine id="r1l13" custom="readingOrder {index:7;}">
                <Coords points="686,2037 2249,2049 2249,1975 2083,1952 810,1970 688,1922"/>
                <Baseline points="700,2006 776,2008 853,2008 930,2008 1006,2008 1083,2008 1160,2008 1236,2010 1313,2010 1390,2010 1467,2010 1543,2012 1620,2012 1697,2014 1773,2014 1850,2016 1927,2016 2003,2018 2080,2020 2157,2021 2234,2022"/>
                <TextEquiv>
                    <Unicode> διο αἴροι᾽ ἂν αὖθις, ὦ παῖ τα στρώματα</Unicode>
                </TextEquiv>
            </TextLine>
            <TextLine id="r1l16" custom="readingOrder {index:8;}">
                <Coords points="641,2234 1613,2172 2696,2229 2845,2129 642,2078"/>
                <Baseline points="654,2180 762,2176 871,2172 980,2170 1089,2168 1198,2168 1306,2168 1415,2170 1524,2172 1633,2173 1742,2175 1850,2178 1959,2180 2068,2182 2177,2184 2286,2186 2394,2186 2503,2188 2612,2188 2721,2186 2830,2186"/>
                <TextEquiv>
                    <Unicode>ξανθ τουτὶ τί ἦν τὸ πρᾶγμα ἀλλ᾽ ἦ Διὸς Κόρινθος ἐν τοῖς στρώμ</Unicode>
                </TextEquiv>
            </TextLine>
            <TextLine id="r1l18" custom="readingOrder {index:9;}">
                <Coords points="720,2397 1511,2345 2039,2403 2277,2372 2277,2290 1642,2303 1237,2217 961,2300 719,2219"/>
                <Baseline points="734,2364 810,2357 886,2351 963,2347 1039,2343 1116,2341 1192,2340 1268,2338 1345,2338 1421,2340 1498,2340 1574,2342 1650,2342 1727,2344 1803,2344 1880,2346 1956,2346 2032,2346 2109,2346 2185,2344 2262,2342"/>
                <TextEquiv>
                    <Unicode>χορ χωρεῖτέ νυν ἱερὸν ἀνὰ κύκλον θεᾶς</Unicode>
                </TextEquiv>
            </TextLine>
            <TextLine id="r1l20" custom="readingOrder {index:10;}">
                <Coords points="798,2524 1159,2579 1534,2508 1909,2571 2210,2513 2409,2594 2410,2477 2145,2395 1830,2442 1609,2377 935,2457 799,2420"/>
                <Baseline points="812,2508 891,2507 970,2506 1049,2506 1128,2506 1208,2506 1287,2506 1366,2506 1445,2506 1524,2506 1604,2506 1683,2506 1762,2508 1841,2508 1920,2510 2000,2511 2079,2513 2158,2514 2237,2517 2316,2520 2396,2522"/>
                <TextEquiv>
                    <Unicode>ἀνθοφόρον ἀν᾽ ἄλσος παίζοντες οἷς</Unicode>
                </TextEquiv>
            </TextLine>
            <TextLine id="r1l21" custom="readingOrder {index:11;}">
                <Coords points="807,2693 1188,2732 1305,2680 1461,2713 1647,2683 1880,2744 2074,2673 2074,2569 1814,2547 1590,2596 1281,2546 807,2614"/>
                <Baseline points="820,2674 882,2674 944,2674 1006,2675 1068,2676 1130,2676 1192,2676 1254,2678 1316,2678 1378,2678 1440,2678 1502,2678 1564,2678 1626,2678 1688,2678 1750,2678 1812,2676 1874,2676 1936,2676 1998,2674 2060,2674"/>
                <TextEquiv>
                    <Unicode> μετουσία θεοφιλοῦς ἑορτῆς.</Unicode>
                </TextEquiv>
            </TextLine>
            <TextLine id="r1l22" custom="readingOrder {index:12;}">
                <Coords points="805,2896 1161,2838 2362,2885 2474,2853 2475,2769 2221,2698 2114,2763 1843,2726 1758,2791 1651,2754 1424,2810 1252,2716 1035,2766 806,2693"/>
                <Baseline points="818,2832 900,2835 982,2838 1064,2840 1146,2842 1228,2844 1310,2844 1392,2846 1474,2846 1556,2848 1639,2848 1721,2848 1803,2848 1885,2848 1967,2848 2049,2848 2131,2848 2213,2848 2295,2848 2377,2848 2460,2848"/>
                <TextEquiv>
                    <Unicode>ἐγὼ δὲ σὺν ταῖσι κόραις εἶμι κ γυναιξίν,</Unicode>
                </TextEquiv>
            </TextLine>
            <TextLine id="r1l25" custom="readingOrder {index:13;}">
                <Coords points="852,3060 1128,3031 1342,3095 1618,3017 1826,3072 1941,3023 2469,3050 2420,2979 2048,2931 852,2978"/>
                <Baseline points="866,3022 945,3020 1025,3018 1104,3018 1184,3016 1263,3016 1343,3014 1422,3014 1502,3014 1581,3014 1661,3014 1740,3014 1820,3016 1899,3016 1979,3018 2058,3018 2138,3020 2217,3022 2297,3024 2376,3026 2456,3028"/>
                <TextEquiv>
                    <Unicode>οὗ παννυχίζουσι θεαι, φέγγος ἱερὸν οἴσων.</Unicode>
                </TextEquiv>
            </TextLine>
            <TextLine id="r1l29" custom="readingOrder {index:14;}">
                <Coords points="809,3252 1709,3199 2199,3260 2434,3201 2653,3263 2653,3145 2269,3068 2072,3121 1774,3070 1594,3150 808,3069"/>
                <Baseline points="822,3196 912,3194 1003,3194 1094,3192 1185,3191 1276,3190 1366,3190 1457,3190 1548,3190 1639,3190 1730,3190 1820,3190 1911,3190 2002,3190 2093,3190 2184,3190 2274,3188 2365,3187 2456,3186 2547,3184 2638,3180"/>
                <TextEquiv>
                    <Unicode>χωρῶμεν εἰς πολυρρόθους λειμῶνας ἀνθεμώδεις,</Unicode>
                </TextEquiv>
            </TextLine>
            <TextLine id="r1l31" custom="readingOrder {index:15;}">
                <Coords points="797,3352 982,3411 1935,3360 2465,3425 2467,3249 797,3251"/>
                <Baseline points="810,3348 892,3348 974,3350 1056,3350 1138,3352 1220,3352 1302,3354 1384,3354 1466,3356 1548,3356 1631,3358 1713,3358 1795,3358 1877,3359 1959,3360 2041,3360 2123,3360 2205,3360 2287,3358 2369,3358 2452,3356"/>
                <TextEquiv>
                    <Unicode>τὸν ἡμέτερον τρόπον, τὸν καλλιχορώτατον,</Unicode>
                </TextEquiv>
            </TextLine>
            <TextLine id="r1l33" custom="readingOrder {index:16;}">
                <Coords points="806,3521 1048,3579 2535,3549 2517,3409 2197,3454 2104,3409 1914,3481 1487,3486 1234,3401 807,3439"/>
                <Baseline points="820,3510 905,3515 990,3518 1075,3520 1160,3522 1245,3523 1330,3524 1415,3524 1500,3524 1585,3524 1671,3524 1756,3524 1841,3524 1926,3524 2011,3525 2096,3526 2181,3529 2266,3533 2351,3537 2436,3542 2522,3548"/>
                <TextEquiv>
                    <Unicode>παίζοντες, ὃν ὄλβιαι Μοῖραι ξυνάγουσιν.</Unicode>
                </TextEquiv>
            </TextLine>
            <TextLine id="r1l36" custom="readingOrder {index:17;}">
                <Coords points="798,3727 2487,3735 2487,3672 2400,3633 1900,3532 799,3620"/>
                <Baseline points="812,3696 895,3698 978,3700 1061,3700 1144,3702 1227,3702 1310,3702 1393,3704 1476,3704 1559,3704 1642,3704 1725,3706 1808,3706 1891,3706 1974,3708 2057,3708 2140,3710 2223,3710 2306,3713 2389,3714 2472,3718"/>
                <TextEquiv>
                    <Unicode>μόνοις γὰρ ἡμῖν ἥλιος φέγγος ἱςρόν ἐστιν,</Unicode>
                </TextEquiv>
            </TextLine>
            <TextLine id="r1l37" custom="readingOrder {index:18;}">
                <Coords points="786,3886 1424,3866 1633,3971 1954,3889 2271,3932 2392,3880 2395,3754 2068,3811 1716,3737 1470,3749 1323,3823 1084,3765 1012,3815 908,3764 788,3790"/>
                <Baseline points="800,3856 878,3858 957,3858 1036,3858 1115,3860 1194,3860 1273,3862 1352,3864 1431,3865 1510,3866 1589,3868 1667,3870 1746,3871 1825,3872 1904,3874 1983,3875 2062,3876 2141,3878 2220,3879 2299,3880 2378,3880"/>
                <TextEquiv>
                    <Unicode>ὅσοι μεμυήμεθ᾽ εὐσεβῆ τε διήγομεν </Unicode>
                </TextEquiv>
            </TextLine>
            <TextEquiv>
                <Unicode>σεβῖνον ὅστις ἐστὶν αναφλύστιος&#13;
καὶ καλλίαν γέ φασι τοῦτον τὸν ιπποκίνου&#13;
κύσθου λεοντῆν ναυμαχεῖν ἐνημμένον.&#13;
ἔχοιτ᾽ ἂν οὖν φράσαι νωιν Πλούτων᾽ ὅπου ᾽νθάδ᾽ οἰκεῖ;&#13;
ξένω γάρ ἐσμεν ἀρτίως ἀφιγμένω.&#13;
μηδὲν μακρὰν ἀπέλθης, μηδ᾽ αὖθις ἐπανέρῃ με,&#13;
ἀλλ᾽ ἴσθ᾽ ἐπ᾽ αὐτὴν τὴν θύραν ἀφιγμένος.&#13;
 διο αἴροι᾽ ἂν αὖθις, ὦ παῖ τα στρώματα&#13;
ξανθ τουτὶ τί ἦν τὸ πρᾶγμα ἀλλ᾽ ἦ Διὸς Κόρινθος ἐν τοῖς στρώμ&#13;
χορ χωρεῖτέ νυν ἱερὸν ἀνὰ κύκλον θεᾶς&#13;
ἀνθοφόρον ἀν᾽ ἄλσος παίζοντες οἷς&#13;
 μετουσία θεοφιλοῦς ἑορτῆς.&#13;
ἐγὼ δὲ σὺν ταῖσι κόραις εἶμι κ γυναιξίν,&#13;
οὗ παννυχίζουσι θεαι, φέγγος ἱερὸν οἴσων.&#13;
χωρῶμεν εἰς πολυρρόθους λειμῶνας ἀνθεμώδεις,&#13;
τὸν ἡμέτερον τρόπον, τὸν καλλιχορώτατον,&#13;
παίζοντες, ὃν ὄλβιαι Μοῖραι ξυνάγουσιν.&#13;
μόνοις γὰρ ἡμῖν ἥλιος φέγγος ἱςρόν ἐστιν,&#13;
ὅσοι μεμυήμεθ᾽ εὐσεβῆ τε διήγομεν </Unicode>
            </TextEquiv>
        </TextRegion>
        <TextRegion orientation="0.0" id="r2" custom="readingOrder {index:1;}">
            <Coords points="3114,532 3114,696 3244,696 3244,532"/>
            <TextEquiv>
                <Unicode></Unicode>
            </TextEquiv>
        </TextRegion>
    </Page>
</PcGts>
