<?xml version="1.0" encoding="UTF-8" standalone="yes"?>
<PcGts xmlns="http://schema.primaresearch.org/PAGE/gts/pagecontent/2013-07-15" xmlns:xsi="http://www.w3.org/2001/XMLSchema-instance" xsi:schemaLocation="http://schema.primaresearch.org/PAGE/gts/pagecontent/2013-07-15 http://schema.primaresearch.org/PAGE/gts/pagecontent/2013-07-15/pagecontent.xsd">
    <Metadata>
        <Creator>prov=University of Rostock/Institute of Mathematics/CITlab|PLANET AI GmbH/Gundram Leifert/gundram.leifert@planet-ai.de:name=HPGTR(htr_id=41125)::::v=2.6.7
prov=University of Rostock/Institute of Mathematics/CITlab|PLANET AI GmbH/Tobias Gruening/tobias.gruening@planet-ai.de:name=de.uros.citlab.module.baseline2polygon.B2PSeamMultiOriented:v=2.6.7
prov=University of Rostock/Institute of Mathematics/CITlab|PLANET AI GmbH/Tobias Gruening/tobias.gruening@planet-ai.de:name=/net_tf/LA73_249_0mod360.pb:de.uros.citlab.segmentation.CITlab_LA_ML:v=2.6.7
Transkribus</Creator>
        <Created>2021-09-19T17:37:21.956+03:00</Created>
        <LastChange>2023-06-04T19:02:07.710+02:00</LastChange>
        <TranskribusMetadata docId="1458633" pageId="56018951" pageNr="38" tsid="125670882" status="IN_PROGRESS" userId="99263" imgUrl="https://files.transkribus.eu/Get?id=PTLLRZVRXWUTQUMAQFANUQKA&amp;fileType=view" xmlUrl="https://files.transkribus.eu/Get?id=ZYKYPPVKXKBZUXPQOMNJERRQ" imageId="23265833"/>
    </Metadata>
    <Page imageFilename="0038_68 Bodleian-Library-MS-Barocci-127_00138_fol-67v.jpg" imageWidth="3909" imageHeight="5212">
        <ReadingOrder>
            <OrderedGroup id="ro_1686139446020" caption="Regions reading order">
                <RegionRefIndexed index="0" regionRef="r2"/>
            </OrderedGroup>
        </ReadingOrder>
        <TextRegion orientation="0.0" id="r2" custom="readingOrder {index:0;}">
            <Coords points="1578,467 1578,3895 3480,3895 3480,467"/>
            <TextLine id="r2l2" custom="readingOrder {index:0;}">
                <Coords points="1746,895 2779,851 3113,912 3343,861 2995,720 2838,786 2696,724 2466,790 2290,788 2211,729 1924,803 1747,752"/>
                <Baseline points="1758,858 1836,853 1915,850 1994,848 2072,846 2151,844 2230,844 2308,844 2387,844 2466,846 2545,846 2623,848 2702,850 2781,852 2859,854 2938,854 3017,856 3095,858 3174,858 3253,860 3332,860"/>
                <TextEquiv>
                    <Unicode>τρόπον περὶ τε τοὺς ξένους κ τοὺς ἰδιώτας</Unicode>
                </TextEquiv>
            </TextLine>
            <TextLine id="r2l3" custom="readingOrder {index:1;}">
                <Coords points="1603,1053 2454,1069 2645,1017 3260,1073 3260,915 3193,898 2952,948 2833,883 2701,943 2266,906 2094,969 1971,921 1711,962 1603,902"/>
                <Baseline points="1614,1036 1695,1030 1777,1026 1859,1021 1941,1018 2023,1016 2104,1014 2186,1014 2268,1014 2350,1014 2432,1014 2513,1016 2595,1016 2677,1018 2759,1020 2841,1022 2922,1022 3004,1024 3086,1024 3168,1026 3250,1026"/>
                <TextEquiv>
                    <Unicode>διο ἄγε δὴ τίνα τρόπον τὴν θύραν κόψω; τίνα;</Unicode>
                </TextEquiv>
            </TextLine>
            <TextLine id="r2l4" custom="readingOrder {index:2;}">
                <Coords points="1727,1209 2819,1190 3022,1252 3287,1197 3287,1132 3170,1090 2925,1141 1728,1098"/>
                <Baseline points="1738,1188 1814,1186 1891,1183 1968,1182 2045,1180 2122,1178 2199,1178 2276,1178 2353,1178 2430,1178 2507,1178 2583,1178 2660,1180 2737,1181 2814,1182 2891,1184 2968,1186 3045,1188 3122,1188 3199,1191 3276,1194"/>
                <TextEquiv>
                    <Unicode>πῶς ἐνθάδ᾽ ἄρα κόπτουσιν οι 'πιχώριοι</Unicode>
                </TextEquiv>
            </TextLine>
            <TextLine id="r2l6" custom="readingOrder {index:3;}">
                <Coords points="1584,1401 1904,1354 2143,1399 3299,1356 3298,1287 3127,1241 2560,1302 2338,1229 2037,1287 1939,1232 1834,1307 1583,1289"/>
                <Baseline points="1594,1362 1678,1360 1763,1360 1848,1358 1932,1356 2017,1354 2102,1353 2186,1352 2271,1350 2356,1350 2441,1348 2525,1348 2610,1346 2695,1346 2779,1344 2864,1344 2949,1344 3033,1342 3118,1342 3203,1342 3288,1340"/>
                <TextEquiv>
                    <Unicode>ξανθ οὐ μὴ διατρίψεις, ἀλλὰ γεῦσαι τῆς θύρας,</Unicode>
                </TextEquiv>
            </TextLine>
            <TextLine id="r2l8" custom="readingOrder {index:4;}">
                <Coords points="1725,1558 2449,1586 3049,1523 3179,1583 3283,1538 3283,1442 2971,1480 2811,1417 2607,1482 2382,1428 1957,1476 1725,1444"/>
                <Baseline points="1736,1522 1812,1522 1889,1520 1966,1520 2043,1520 2120,1520 2196,1518 2273,1518 2350,1518 2427,1518 2504,1518 2580,1518 2657,1518 2734,1518 2811,1518 2888,1518 2964,1520 3041,1520 3118,1520 3195,1520 3272,1520"/>
                <TextEquiv>
                    <Unicode>καθ᾽ Ἡρακλέα τὸ σχῆμα κ τὸ λῆμ᾽ ἔχων.</Unicode>
                </TextEquiv>
            </TextLine>
            <TextLine id="r2l10" custom="readingOrder {index:5;}">
                <Coords points="1612,1713 2045,1750 2630,1677 3048,1755 3365,1733 3364,1579 3312,1572 2857,1638 2727,1586 2374,1582 2281,1637 1870,1635 1750,1559 1612,1590"/>
                <Baseline points="1622,1688 1708,1686 1795,1684 1881,1682 1968,1682 2055,1680 2141,1680 2228,1680 2314,1680 2401,1680 2488,1680 2574,1680 2661,1681 2747,1682 2834,1682 2921,1682 3007,1682 3094,1682 3180,1682 3267,1680 3354,1680"/>
                <TextEquiv>
                    <Unicode>διο παῖ παῖ.  αια τίς οὗτος;  διο Ἡρακλῆς ὁ καρτερός.</Unicode>
                </TextEquiv>
            </TextLine>
            <TextLine id="r2l11" custom="readingOrder {index:6;}">
                <Coords points="1568,1905 2861,1854 2981,1919 3313,1832 3312,1750 2971,1811 2593,1756 2334,1816 2149,1756 1566,1751"/>
                <Baseline points="1578,1862 1664,1862 1750,1862 1836,1862 1922,1862 2009,1862 2095,1862 2181,1862 2267,1862 2353,1860 2440,1860 2526,1858 2612,1857 2698,1855 2784,1853 2871,1850 2957,1848 3043,1845 3129,1842 3215,1838 3302,1834"/>
                <TextEquiv>
                    <Unicode>ὦ βδελυρὲ κ τολμηρὲ κἀναίσχυντε σὺ</Unicode>
                </TextEquiv>
            </TextLine>
            <TextLine id="r2l12" custom="readingOrder {index:7;}">
                <Coords points="1721,2038 2741,2027 2970,2077 3350,2024 3347,1853 3115,1961 2248,1945 2177,1988 2035,1934 1846,1994 1719,1951"/>
                <Baseline points="1732,2038 1812,2034 1892,2031 1972,2028 2053,2026 2133,2024 2213,2024 2294,2023 2374,2022 2454,2022 2535,2022 2615,2020 2695,2020 2775,2019 2856,2018 2936,2016 3016,2012 3097,2009 3177,2005 3257,2000 3338,1992"/>
                <TextEquiv>
                    <Unicode>κ μιαρὲ κ παμμίαρε καὶ μιαρώτατε,</Unicode>
                </TextEquiv>
            </TextLine>
            <TextLine id="r2l13" custom="readingOrder {index:8;}">
                <Coords points="1737,2218 3180,2208 3255,2157 3355,2179 3353,2077 3152,2107 2919,2058 2635,2135 2437,2081 2215,2154 1735,2128"/>
                <Baseline points="1748,2196 1827,2192 1907,2189 1987,2186 2067,2184 2147,2182 2226,2180 2306,2180 2386,2178 2466,2178 2546,2178 2625,2176 2705,2176 2785,2176 2865,2174 2945,2173 3024,2172 3104,2170 3184,2167 3264,2165 3344,2160"/>
                <TextEquiv>
                    <Unicode>ὃς τὸν κύν᾽ ἡμιν ἐξελάσας τὸν κέρβερον</Unicode>
                </TextEquiv>
            </TextLine>
            <TextLine id="r2l18" custom="readingOrder {index:9;}">
                <Coords points="1719,2391 3313,2362 3326,2221 2924,2300 2674,2247 2558,2304 1717,2276"/>
                <Baseline points="1730,2362 1809,2360 1888,2360 1968,2358 2047,2356 2127,2354 2206,2352 2285,2350 2365,2348 2444,2346 2524,2345 2603,2344 2682,2342 2762,2341 2841,2340 2921,2340 3000,2338 3079,2338 3159,2338 3238,2338 3318,2340"/>
                <TextEquiv>
                    <Unicode>ἀπηξας ἄγχων κἀποδρὰς ᾤχου λαβών,</Unicode>
                </TextEquiv>
            </TextLine>
            <TextLine id="r2l19" custom="readingOrder {index:10;}">
                <Coords points="1727,2579 1999,2514 2203,2558 2510,2515 2636,2558 2783,2518 2879,2574 3180,2514 3254,2548 3253,2409 2705,2475 1992,2425 1726,2492"/>
                <Baseline points="1738,2522 1813,2518 1888,2514 1963,2512 2038,2510 2114,2510 2189,2508 2264,2508 2339,2508 2414,2508 2490,2510 2565,2510 2640,2510 2715,2510 2790,2510 2866,2510 2941,2510 3016,2508 3091,2506 3166,2504 3242,2502"/>
                <TextEquiv>
                    <Unicode>ὃν ἐγὼ ᾽φύλαττον. ἀλλὰ νῦν ἔχει μέσος·</Unicode>
                </TextEquiv>
            </TextLine>
            <TextLine id="r2l21" custom="readingOrder {index:11;}">
                <Coords points="1735,2725 3098,2693 3097,2593 2963,2574 2601,2576 2508,2633 2422,2603 2339,2640 2239,2552 1874,2645 1735,2604"/>
                <Baseline points="1746,2682 1813,2682 1880,2682 1947,2680 2014,2680 2081,2680 2148,2680 2215,2680 2282,2680 2349,2680 2416,2678 2483,2678 2550,2678 2617,2678 2684,2678 2751,2678 2818,2677 2885,2676 2952,2676 3019,2676 3086,2674"/>
                <TextEquiv>
                    <Unicode>τοία Στυγός σε μελανοκάρδιος πέτρα</Unicode>
                </TextEquiv>
            </TextLine>
            <TextLine id="r2l23" custom="readingOrder {index:12;}">
                <Coords points="1714,2936 1986,2865 2859,2850 2978,2889 3227,2847 3226,2780 3130,2757 2990,2803 2727,2770 2618,2817 2220,2745 1935,2786 1863,2741 1712,2795"/>
                <Baseline points="1724,2864 1798,2864 1873,2862 1947,2862 2022,2862 2097,2860 2171,2860 2246,2858 2320,2856 2395,2856 2470,2854 2544,2854 2619,2852 2693,2850 2768,2850 2843,2848 2917,2848 2992,2846 3066,2846 3141,2844 3216,2844"/>
                <TextEquiv>
                    <Unicode>αχερόντιός τε σκόπελος αἱματοσταγὴς</Unicode>
                </TextEquiv>
            </TextLine>
            <TextLine id="r2l25" custom="readingOrder {index:13;}">
                <Coords points="1727,3066 2196,3095 2639,3018 3276,3025 3274,2960 3045,2981 2674,2912 2112,2993 1725,2937"/>
                <Baseline points="1738,3036 1814,3034 1890,3034 1966,3032 2043,3030 2119,3030 2195,3028 2272,3026 2348,3025 2424,3024 2501,3022 2577,3020 2653,3019 2729,3018 2806,3016 2882,3016 2958,3014 3035,3014 3111,3012 3187,3012 3264,3012"/>
                <TextEquiv>
                    <Unicode>φρουροῦσι, Κωκυτοῦ τε περίδρομοι κύνες,</Unicode>
                </TextEquiv>
            </TextLine>
            <TextLine id="r2l28" custom="readingOrder {index:14;}">
                <Coords points="1738,3270 2391,3203 3271,3248 3459,3179 3444,3106 2910,3152 2783,3098 2665,3135 2217,3081 2020,3158 1735,3103"/>
                <Baseline points="1748,3218 1833,3215 1918,3212 2003,3208 2088,3206 2173,3205 2258,3204 2343,3202 2428,3201 2513,3200 2598,3199 2683,3198 2768,3196 2853,3196 2938,3194 3023,3192 3108,3191 3193,3188 3278,3186 3363,3182 3448,3180"/>
                <TextEquiv>
                    <Unicode>ἔχιδνά τ᾽ ἑκατοντακέφαλος, ἣ τὰ σπλάγχνα σου</Unicode>
                </TextEquiv>
            </TextLine>
            <TextLine id="r2l29" custom="readingOrder {index:15;}">
                <Coords points="1736,3411 1832,3448 1971,3397 2547,3367 3139,3384 3240,3356 3238,3263 2679,3245 2333,3298 2109,3244 1883,3317 1733,3275"/>
                <Baseline points="1746,3374 1820,3375 1894,3376 1968,3378 2042,3378 2117,3378 2191,3376 2265,3376 2339,3374 2413,3372 2488,3372 2562,3368 2636,3366 2710,3364 2784,3362 2859,3358 2933,3356 3007,3354 3081,3350 3155,3348 3230,3346"/>
                <TextEquiv>
                    <Unicode>διασπαράξει· πνευμόνων τ᾽ ἀνθάψεται</Unicode>
                </TextEquiv>
            </TextLine>
            <TextLine id="r2l30" custom="readingOrder {index:16;}">
                <Coords points="1718,3602 2542,3526 2760,3588 2915,3525 3215,3561 3212,3418 3138,3393 2996,3448 2489,3423 2297,3498 2063,3501 1956,3431 1716,3444"/>
                <Baseline points="1728,3532 1801,3536 1875,3538 1949,3538 2023,3540 2097,3540 2170,3539 2244,3538 2318,3536 2392,3536 2466,3534 2539,3531 2613,3529 2687,3526 2761,3525 2835,3524 2908,3522 2982,3520 3056,3520 3130,3520 3204,3520"/>
                <TextEquiv>
                    <Unicode>Ταρτησσία μύραινα, τὼ νεφρὼ δέ σου</Unicode>
                </TextEquiv>
            </TextLine>
            <TextLine id="r2l32" custom="readingOrder {index:17;}">
                <Coords points="1749,3727 1886,3762 2078,3719 2294,3785 2440,3717 3105,3703 3071,3636 2909,3665 2715,3597 2580,3671 1747,3617"/>
                <Baseline points="1760,3722 1826,3722 1893,3722 1960,3722 2026,3722 2093,3722 2160,3720 2226,3720 2293,3718 2360,3718 2427,3716 2493,3716 2560,3714 2627,3712 2693,3710 2760,3710 2827,3707 2893,3705 2960,3702 3027,3701 3094,3698"/>
                <TextEquiv>
                    <Unicode>αὐτοῖσιν ἐντέροισιν ηματωμένω</Unicode>
                </TextEquiv>
            </TextLine>
            <TextLine id="r2l34" custom="readingOrder {index:18;}">
                <Coords points="1740,3947 2377,3868 2483,3928 2795,3873 2910,3941 3213,3855 3211,3788 2930,3798 2796,3747 1736,3817"/>
                <Baseline points="1748,3878 1820,3875 1893,3872 1966,3870 2038,3868 2111,3866 2184,3864 2256,3864 2329,3862 2402,3862 2475,3860 2547,3859 2620,3858 2693,3856 2765,3854 2838,3850 2911,3847 2983,3842 3056,3839 3129,3832 3202,3826"/>
                <TextEquiv>
                    <Unicode>διασπάσονται Γοργόνες Τιθρασιαι </Unicode>
                </TextEquiv>
            </TextLine>
            <TextEquiv>
                <Unicode>τρόπον περὶ τε τοὺς ξένους κ τοὺς ἰδιώτας&#13;
διο ἄγε δὴ τίνα τρόπον τὴν θύραν κόψω; τίνα;&#13;
πῶς ἐνθάδ᾽ ἄρα κόπτουσιν οι 'πιχώριοι&#13;
ξανθ οὐ μὴ διατρίψεις, ἀλλὰ γεῦσαι τῆς θύρας,&#13;
καθ᾽ Ἡρακλέα τὸ σχῆμα κ τὸ λῆμ᾽ ἔχων.&#13;
διο παῖ παῖ.  αια τίς οὗτος;  διο Ἡρακλῆς ὁ καρτερός.&#13;
ὦ βδελυρὲ κ τολμηρὲ κἀναίσχυντε σὺ&#13;
κ μιαρὲ κ παμμίαρε καὶ μιαρώτατε,&#13;
ὃς τὸν κύν᾽ ἡμιν ἐξελάσας τὸν κέρβερον&#13;
ἀπηξας ἄγχων κἀποδρὰς ᾤχου λαβών,&#13;
ὃν ἐγὼ ᾽φύλαττον. ἀλλὰ νῦν ἔχει μέσος·&#13;
τοία Στυγός σε μελανοκάρδιος πέτρα&#13;
αχερόντιός τε σκόπελος αἱματοσταγὴς&#13;
φρουροῦσι, Κωκυτοῦ τε περίδρομοι κύνες,&#13;
ἔχιδνά τ᾽ ἑκατοντακέφαλος, ἣ τὰ σπλάγχνα σου&#13;
διασπαράξει· πνευμόνων τ᾽ ἀνθάψεται&#13;
Ταρτησσία μύραινα, τὼ νεφρὼ δέ σου&#13;
αὐτοῖσιν ἐντέροισιν ηματωμένω&#13;
διασπάσονται Γοργόνες Τιθρασιαι </Unicode>
            </TextEquiv>
        </TextRegion>
    </Page>
</PcGts>
