<?xml version="1.0" encoding="UTF-8" standalone="yes"?>
<PcGts xmlns="http://schema.primaresearch.org/PAGE/gts/pagecontent/2013-07-15" xmlns:xsi="http://www.w3.org/2001/XMLSchema-instance" xsi:schemaLocation="http://schema.primaresearch.org/PAGE/gts/pagecontent/2013-07-15 http://schema.primaresearch.org/PAGE/gts/pagecontent/2013-07-15/pagecontent.xsd">
    <Metadata>
        <Creator>prov=University of Rostock/Institute of Mathematics/CITlab|PLANET AI GmbH/Gundram Leifert/gundram.leifert@planet-ai.de:name=HPGTR(htr_id=41125)::::v=2.6.7
prov=University of Rostock/Institute of Mathematics/CITlab|PLANET AI GmbH/Tobias Gruening/tobias.gruening@planet-ai.de:name=de.uros.citlab.module.baseline2polygon.B2PSeamMultiOriented:v=2.6.7
prov=University of Rostock/Institute of Mathematics/CITlab|PLANET AI GmbH/Tobias Gruening/tobias.gruening@planet-ai.de:name=/net_tf/LA73_249_0mod360.pb:de.uros.citlab.segmentation.CITlab_LA_ML:v=2.6.7
Transkribus</Creator>
        <Created>2021-09-19T17:37:22.104+03:00</Created>
        <LastChange>2023-06-04T19:08:54.521+02:00</LastChange>
        <TranskribusMetadata docId="1458633" pageId="56018953" pageNr="39" tsid="125670916" status="IN_PROGRESS" userId="99263" imgUrl="https://files.transkribus.eu/Get?id=QSNRBUTPKARAEWTJXUGQNZPE&amp;fileType=view" xmlUrl="https://files.transkribus.eu/Get?id=TDCWRZAWIXJPFYIXSEPHINXA" imageId="23265834"/>
    </Metadata>
    <Page imageFilename="0039_69 Bodleian-Library-MS-Barocci-127_00139_fol-68r.jpg" imageWidth="3909" imageHeight="5212">
        <ReadingOrder>
            <OrderedGroup id="ro_1686139446212" caption="Regions reading order">
                <RegionRefIndexed index="0" regionRef="r1"/>
                <RegionRefIndexed index="1" regionRef="r3"/>
            </OrderedGroup>
        </ReadingOrder>
        <TextRegion orientation="0.0" id="r1" custom="readingOrder {index:0;}">
            <Coords points="648,645 648,3876 2534,3876 2534,645"/>
            <TextLine id="r1l3" custom="readingOrder {index:0;}">
                <Coords points="798,915 2304,809 2297,681 2247,674 1905,748 1516,746 1455,797 1253,730 995,829 791,777"/>
                <Baseline points="808,882 882,877 956,874 1030,870 1104,866 1179,862 1253,858 1327,855 1401,850 1475,846 1550,842 1624,838 1698,835 1772,831 1846,828 1921,824 1995,821 2069,818 2143,816 2217,813 2292,812"/>
                <TextEquiv>
                    <Unicode>ἐφ᾽ ἃς ἐγὼ δρομαῖον ὁρμήσω πόδα.</Unicode>
                </TextEquiv>
            </TextLine>
            <TextLine id="r1l5" custom="readingOrder {index:1;}">
                <Coords points="637,1097 1040,1047 1783,1080 1988,1006 2430,1033 2425,927 2206,872 1829,949 1614,885 633,994"/>
                <Baseline points="648,1056 736,1047 824,1041 913,1036 1001,1030 1090,1026 1178,1022 1266,1018 1355,1014 1443,1011 1532,1008 1620,1004 1708,1002 1797,998 1885,996 1974,992 2062,990 2150,986 2239,983 2327,980 2416,974"/>
                <TextEquiv>
                    <Unicode>ξανθ οὗτο τί δέδρακας διο ἐγκέχοδα· κάλει θεόν.</Unicode>
                </TextEquiv>
            </TextLine>
            <TextLine id="r1l6" custom="readingOrder {index:2;}">
                <Coords points="643,1247 902,1265 1073,1203 1290,1254 1488,1180 2208,1193 2274,1154 2269,1043 2174,1036 1944,1101 1723,1070 1648,1123 938,1064 637,1104"/>
                <Baseline points="654,1220 734,1212 814,1204 895,1198 975,1190 1056,1185 1136,1182 1216,1177 1297,1173 1377,1168 1458,1166 1538,1162 1618,1160 1699,1158 1779,1156 1860,1154 1940,1151 2020,1150 2101,1146 2181,1144 2262,1140"/>
                <TextEquiv>
                    <Unicode>ξανθ ὦ καταγέλαστ᾽, οὔκουν ἀναστήσει ταχὺ</Unicode>
                </TextEquiv>
            </TextLine>
            <TextLine id="r1l9" custom="readingOrder {index:3;}">
                <Coords points="812,1381 2546,1326 2544,1253 2142,1269 2089,1220 1993,1280 1727,1217 810,1289"/>
                <Baseline points="822,1352 907,1348 993,1344 1078,1340 1164,1336 1250,1334 1335,1332 1421,1330 1506,1327 1592,1326 1678,1324 1763,1322 1849,1320 1934,1318 2020,1316 2106,1314 2191,1312 2277,1310 2362,1307 2448,1303 2534,1298"/>
                <TextEquiv>
                    <Unicode>πρίν τινά σ᾽ ἰδεῖν ἀλλότριον; διο ἀλλ᾽ ὡρακιῶ.</Unicode>
                </TextEquiv>
            </TextLine>
            <TextLine id="r1l11" custom="readingOrder {index:4;}">
                <Coords points="802,1557 2445,1491 2440,1363 2336,1430 2194,1383 1623,1447 1562,1404 1020,1424 885,1477 797,1424"/>
                <Baseline points="812,1536 893,1528 974,1523 1055,1516 1136,1512 1217,1507 1298,1504 1379,1498 1460,1495 1541,1492 1622,1490 1703,1486 1784,1484 1865,1482 1946,1480 2027,1478 2108,1476 2189,1476 2270,1474 2351,1473 2432,1472"/>
                <TextEquiv>
                    <Unicode>ἀλλ᾽ οἶσε πρὸς τὴν καρδίαν μου σπογγιάν.</Unicode>
                </TextEquiv>
            </TextLine>
            <TextLine id="r1l14" custom="readingOrder {index:5;}">
                <Coords points="663,1727 1729,1631 2386,1684 2487,1667 2484,1575 2013,1598 1836,1501 1522,1605 1293,1558 659,1605"/>
                <Baseline points="674,1686 764,1682 854,1676 944,1672 1034,1666 1124,1662 1214,1659 1304,1655 1394,1652 1484,1648 1574,1646 1664,1644 1754,1640 1844,1640 1934,1638 2024,1636 2114,1636 2204,1634 2294,1634 2384,1634 2474,1634"/>
                <TextEquiv>
                    <Unicode>ξανθ ἰδοὺ λαβέ· διο προσθοῦ.  ξανθ ποῦ ᾽στιν;  ὦ χρυσοῖ θεοί,</Unicode>
                </TextEquiv>
            </TextLine>
            <TextLine id="r1l17" custom="readingOrder {index:6;}">
                <Coords points="804,1872 1023,1838 1273,1915 1535,1828 2455,1847 2452,1701 2255,1763 2163,1718 2072,1767 1994,1726 1835,1774 802,1764"/>
                <Baseline points="814,1832 895,1832 976,1830 1058,1830 1139,1828 1221,1828 1302,1826 1383,1824 1465,1823 1546,1822 1628,1820 1709,1818 1790,1816 1872,1814 1953,1812 2035,1810 2116,1808 2197,1806 2279,1804 2360,1802 2442,1800"/>
                <TextEquiv>
                    <Unicode>ἐνταῦθ᾽ ἔχεις τὴν καρδίαν;  διο δείσασα γὰρ</Unicode>
                </TextEquiv>
            </TextLine>
            <TextLine id="r1l18" custom="readingOrder {index:7;}">
                <Coords points="789,2037 2291,2004 2345,1996 2343,1881 2249,1934 1869,1892 1703,1947 1467,1869 1316,1923 1176,1887 788,1951"/>
                <Baseline points="800,2000 876,1998 953,1995 1030,1993 1106,1992 1183,1990 1260,1990 1336,1990 1413,1988 1490,1988 1567,1988 1643,1988 1720,1986 1797,1986 1873,1984 1950,1984 2027,1982 2103,1979 2180,1976 2257,1973 2334,1968"/>
                <TextEquiv>
                    <Unicode>εἰς τὴν κάτω μου κοιλίαν καθείρπυσεν.</Unicode>
                </TextEquiv>
            </TextLine>
            <TextLine id="r1l19" custom="readingOrder {index:8;}">
                <Coords points="645,2228 1193,2167 2334,2177 2331,2037 2190,2071 2096,2007 1641,2096 1512,2044 1413,2118 642,2059"/>
                <Baseline points="656,2164 739,2164 822,2164 905,2162 989,2162 1072,2160 1155,2158 1239,2156 1322,2154 1405,2153 1489,2150 1572,2148 1655,2146 1738,2146 1822,2144 1905,2142 1988,2142 2072,2142 2155,2142 2238,2142 2322,2144"/>
                <TextEquiv>
                    <Unicode> ὦ δειλότατε συ θεῶν κἀνων. διο ἐγώ;</Unicode>
                </TextEquiv>
            </TextLine>
            <TextLine id="r1l20" custom="readingOrder {index:9;}">
                <Coords points="777,2363 1535,2304 2231,2335 2335,2308 2332,2177 1995,2261 1811,2215 1715,2262 1325,2200 1213,2241 773,2205"/>
                <Baseline points="788,2326 864,2324 941,2324 1018,2322 1094,2320 1171,2318 1248,2316 1324,2314 1401,2312 1478,2310 1555,2308 1631,2306 1708,2304 1785,2302 1861,2302 1938,2300 2015,2300 2091,2298 2168,2298 2245,2298 2322,2298"/>
                <TextEquiv>
                    <Unicode>πῶς δειλὸς ὅστις σπογγιὰν ητησά σε;</Unicode>
                </TextEquiv>
            </TextLine>
            <TextLine id="r1l23" custom="readingOrder {index:10;}">
                <Coords points="772,2545 1336,2485 2398,2492 2428,2426 1629,2383 1402,2422 1215,2368 985,2449 770,2439"/>
                <Baseline points="782,2508 863,2502 945,2497 1027,2493 1109,2488 1191,2484 1272,2480 1354,2478 1436,2476 1518,2474 1600,2472 1681,2470 1763,2469 1845,2468 1927,2466 2009,2466 2090,2464 2172,2464 2254,2463 2336,2462 2418,2462"/>
                <TextEquiv>
                    <Unicode>οὐκουν ἕτερός αὔτ᾽ εἰργάσατ᾽ ἀνήρ. ξανθ ἀλλὰ τί</Unicode>
                </TextEquiv>
            </TextLine>
            <TextLine id="r1l24" custom="readingOrder {index:11;}">
                <Coords points="676,2696 1815,2635 2505,2677 2502,2537 2356,2588 2186,2535 2083,2598 1278,2536 673,2597"/>
                <Baseline points="686,2670 776,2668 866,2663 956,2660 1047,2656 1137,2654 1227,2650 1318,2648 1408,2645 1498,2642 1589,2640 1679,2640 1769,2638 1859,2636 1950,2634 2040,2634 2130,2632 2221,2632 2311,2632 2401,2632 2492,2632"/>
                <TextEquiv>
                    <Unicode> διο κατέκειτ᾽ ἂν ὀσφραινόμενος, εἴπερ δειλὸς ἦν·</Unicode>
                </TextEquiv>
            </TextLine>
            <TextLine id="r1l26" custom="readingOrder {index:12;}">
                <Coords points="774,2866 1174,2835 1269,2891 1460,2819 2170,2856 2377,2799 2377,2732 1435,2770 1217,2675 773,2758"/>
                <Baseline points="784,2838 863,2831 942,2826 1021,2822 1100,2820 1179,2818 1258,2816 1337,2816 1416,2816 1495,2816 1575,2816 1654,2818 1733,2818 1812,2818 1891,2818 1970,2818 2049,2816 2128,2816 2207,2813 2286,2811 2366,2806"/>
                <TextEquiv>
                    <Unicode>ἐγὼ δ᾽ ἀνέστην κ προσέτ᾽ ἀπεψησάμην.</Unicode>
                </TextEquiv>
            </TextLine>
            <TextLine id="r1l27" custom="readingOrder {index:13;}">
                <Coords points="645,3015 2120,2990 2390,3047 2388,2916 1828,2942 1343,2862 645,2972"/>
                <Baseline points="656,3014 742,3007 828,3001 914,2996 1000,2992 1086,2990 1172,2988 1258,2986 1344,2986 1430,2986 1517,2986 1603,2986 1689,2986 1775,2986 1861,2986 1947,2984 2033,2984 2119,2982 2205,2978 2291,2974 2378,2968"/>
                <TextEquiv>
                    <Unicode> ξανθ ἀνδρεῖά γ᾽, ὦ πόσειδον. διο οἶμαι νὴ Δία.</Unicode>
                </TextEquiv>
            </TextLine>
            <TextLine id="r1l28" custom="readingOrder {index:14;}">
                <Coords points="777,3234 2331,3176 2287,3101 2059,3114 1953,3067 1704,3114 1528,3028 1054,3123 936,3063 776,3105"/>
                <Baseline points="788,3172 864,3170 941,3169 1017,3168 1094,3166 1171,3166 1247,3166 1324,3166 1400,3166 1477,3166 1554,3166 1630,3164 1707,3164 1783,3164 1860,3164 1937,3164 2013,3162 2090,3162 2166,3160 2243,3158 2320,3156"/>
                <TextEquiv>
                    <Unicode>σὺ δ᾽ οὐκ ἔδεισας τὸν ψόφον τῶν ῥημάτων</Unicode>
                </TextEquiv>
            </TextLine>
            <TextLine id="r1l29" custom="readingOrder {index:15;}">
                <Coords points="752,3350 2385,3361 2383,3189 2101,3215 2004,3280 1730,3231 1551,3292 1096,3221 983,3274 750,3234"/>
                <Baseline points="762,3332 842,3332 923,3332 1003,3332 1084,3332 1164,3332 1245,3332 1325,3332 1406,3332 1486,3330 1567,3330 1647,3330 1728,3328 1808,3327 1889,3326 1969,3324 2050,3322 2130,3318 2211,3315 2291,3312 2372,3308"/>
                <TextEquiv>
                    <Unicode>κ τὰς ἀπειλάς; ξανθ οὐ μὰ Δί᾽ οὐδ᾽ ἐφρόντισα.</Unicode>
                </TextEquiv>
            </TextLine>
            <TextLine id="r1l31" custom="readingOrder {index:16;}">
                <Coords points="714,3520 791,3561 1265,3503 1425,3559 1610,3498 2369,3540 2412,3533 2412,3384 2225,3447 1906,3400 713,3446"/>
                <Baseline points="724,3498 807,3498 891,3498 975,3498 1059,3498 1143,3496 1226,3496 1310,3496 1394,3494 1478,3494 1562,3494 1645,3493 1729,3492 1813,3492 1897,3492 1981,3493 2064,3494 2148,3494 2232,3496 2316,3498 2400,3500"/>
                <TextEquiv>
                    <Unicode>διο ἴθι νυν, ἐπειδὴ ληματίας κἀνδρεῖος εἶ,</Unicode>
                </TextEquiv>
            </TextLine>
            <TextLine id="r1l32" custom="readingOrder {index:17;}">
                <Coords points="767,3700 1354,3679 1515,3743 1603,3679 2454,3671 2453,3617 2152,3548 1593,3627 1443,3561 1130,3626 993,3557 766,3632"/>
                <Baseline points="778,3674 861,3676 944,3676 1027,3678 1110,3678 1194,3678 1277,3678 1360,3676 1443,3676 1526,3674 1610,3673 1693,3672 1776,3670 1859,3668 1942,3667 2026,3666 2109,3664 2192,3662 2275,3662 2358,3660 2442,3660"/>
                <TextEquiv>
                    <Unicode>σὺ μὲν γενοῦ ᾽γὼ τὸ ῥόπαλον τουτὶ λαβών</Unicode>
                </TextEquiv>
            </TextLine>
            <TextLine id="r1l34" custom="readingOrder {index:18;}">
                <Coords points="733,3850 889,3911 1284,3842 2285,3878 2447,3862 2446,3774 1296,3727 732,3807"/>
                <Baseline points="744,3856 828,3850 913,3845 997,3841 1082,3837 1167,3834 1251,3831 1336,3828 1420,3826 1505,3824 1590,3822 1674,3822 1759,3820 1843,3820 1928,3821 2013,3822 2097,3823 2182,3824 2266,3826 2351,3828 2436,3832"/>
                <TextEquiv>
                    <Unicode>κ τὴν λεοντῆν, εἴπερ ἀφοβόσπλαγχνος εἶ·  </Unicode>
                </TextEquiv>
            </TextLine>
            <TextEquiv>
                <Unicode>ἐφ᾽ ἃς ἐγὼ δρομαῖον ὁρμήσω πόδα.&#13;
ξανθ οὗτο τί δέδρακας διο ἐγκέχοδα· κάλει θεόν.&#13;
ξανθ ὦ καταγέλαστ᾽, οὔκουν ἀναστήσει ταχὺ&#13;
πρίν τινά σ᾽ ἰδεῖν ἀλλότριον; διο ἀλλ᾽ ὡρακιῶ.&#13;
ἀλλ᾽ οἶσε πρὸς τὴν καρδίαν μου σπογγιάν.&#13;
ξανθ ἰδοὺ λαβέ· διο προσθοῦ.  ξανθ ποῦ ᾽στιν;  ὦ χρυσοῖ θεοί,&#13;
ἐνταῦθ᾽ ἔχεις τὴν καρδίαν;  διο δείσασα γὰρ&#13;
εἰς τὴν κάτω μου κοιλίαν καθείρπυσεν.&#13;
 ὦ δειλότατε συ θεῶν κἀνων. διο ἐγώ;&#13;
πῶς δειλὸς ὅστις σπογγιὰν ητησά σε;&#13;
οὐκουν ἕτερός αὔτ᾽ εἰργάσατ᾽ ἀνήρ. ξανθ ἀλλὰ τί&#13;
 διο κατέκειτ᾽ ἂν ὀσφραινόμενος, εἴπερ δειλὸς ἦν·&#13;
ἐγὼ δ᾽ ἀνέστην κ προσέτ᾽ ἀπεψησάμην.&#13;
 ξανθ ἀνδρεῖά γ᾽, ὦ πόσειδον. διο οἶμαι νὴ Δία.&#13;
σὺ δ᾽ οὐκ ἔδεισας τὸν ψόφον τῶν ῥημάτων&#13;
κ τὰς ἀπειλάς; ξανθ οὐ μὰ Δί᾽ οὐδ᾽ ἐφρόντισα.&#13;
διο ἴθι νυν, ἐπειδὴ ληματίας κἀνδρεῖος εἶ,&#13;
σὺ μὲν γενοῦ ᾽γὼ τὸ ῥόπαλον τουτὶ λαβών&#13;
κ τὴν λεοντῆν, εἴπερ ἀφοβόσπλαγχνος εἶ·  </Unicode>
            </TextEquiv>
        </TextRegion>
        <TextRegion orientation="0.0" id="r3" custom="readingOrder {index:1;}">
            <Coords points="3136,442 3136,604 3244,604 3244,442"/>
            <TextEquiv>
                <Unicode></Unicode>
            </TextEquiv>
        </TextRegion>
    </Page>
</PcGts>
