<?xml version="1.0" encoding="UTF-8" standalone="yes"?>
<PcGts xmlns="http://schema.primaresearch.org/PAGE/gts/pagecontent/2013-07-15" xmlns:xsi="http://www.w3.org/2001/XMLSchema-instance" xsi:schemaLocation="http://schema.primaresearch.org/PAGE/gts/pagecontent/2013-07-15 http://schema.primaresearch.org/PAGE/gts/pagecontent/2013-07-15/pagecontent.xsd">
    <Metadata>
        <Creator>prov=University of Rostock/Institute of Mathematics/CITlab|PLANET AI GmbH/Gundram Leifert/gundram.leifert@planet-ai.de:name=HPGTR(htr_id=41125)::::v=2.6.7
prov=University of Rostock/Institute of Mathematics/CITlab|PLANET AI GmbH/Tobias Gruening/tobias.gruening@planet-ai.de:name=de.uros.citlab.module.baseline2polygon.B2PSeamMultiOriented:v=2.6.7
prov=University of Rostock/Institute of Mathematics/CITlab|PLANET AI GmbH/Tobias Gruening/tobias.gruening@planet-ai.de:name=/net_tf/LA73_249_0mod360.pb:de.uros.citlab.segmentation.CITlab_LA_ML:v=2.6.7
Transkribus</Creator>
        <Created>2021-09-19T17:37:22.244+03:00</Created>
        <LastChange>2023-06-04T19:14:31.505+02:00</LastChange>
        <TranskribusMetadata docId="1458633" pageId="56018954" pageNr="40" tsid="125670940" status="IN_PROGRESS" userId="99263" imgUrl="https://files.transkribus.eu/Get?id=ECTDZBBZEDEZOKFEATGXVKCB&amp;fileType=view" xmlUrl="https://files.transkribus.eu/Get?id=VICXNVBWPWNDXWLZBIEHUMJH" imageId="23265835"/>
    </Metadata>
    <Page imageFilename="0040_70 Bodleian-Library-MS-Barocci-127_00140_fol-68v.jpg" imageWidth="3909" imageHeight="5212">
        <ReadingOrder>
            <OrderedGroup id="ro_1686139446406" caption="Regions reading order">
                <RegionRefIndexed index="0" regionRef="r1"/>
                <RegionRefIndexed index="1" regionRef="r2"/>
            </OrderedGroup>
        </ReadingOrder>
        <TextRegion orientation="0.0" id="r1" custom="readingOrder {index:0;}">
            <Coords points="1594,3422 1594,3576 1656,3576 1656,3422"/>
            <TextEquiv>
                <Unicode></Unicode>
            </TextEquiv>
        </TextRegion>
        <TextRegion orientation="0.0" id="r2" custom="readingOrder {index:1;}">
            <Coords points="1512,758 1512,3870 3484,3870 3484,758"/>
            <TextLine id="r2l1" custom="readingOrder {index:0;}">
                <Coords points="1716,791 2534,889 2934,855 3198,917 3202,749 3009,807 2803,715 2450,771 2317,714 1721,692"/>
                <Baseline points="1728,790 1801,792 1874,794 1947,797 2020,800 2093,804 2166,806 2239,810 2312,815 2385,820 2459,824 2532,828 2605,832 2678,837 2751,841 2824,845 2897,849 2970,852 3043,854 3116,858 3190,860"/>
                <TextEquiv>
                    <Unicode>ἐγὼ δ᾽ ἔσομαί σοι σκευοφόρος ἐν τῷ μέρει.</Unicode>
                </TextEquiv>
            </TextLine>
            <TextLine id="r2l4" custom="readingOrder {index:1;}">
                <Coords points="1530,1020 2049,986 2205,1047 3001,1031 3254,1098 3220,938 2879,984 2725,932 2520,960 2428,886 2254,945 2009,865 1535,909"/>
                <Baseline points="1542,982 1627,978 1712,974 1797,972 1882,972 1968,974 2053,976 2138,978 2223,982 2308,986 2394,992 2479,996 2564,1000 2649,1006 2734,1012 2820,1017 2905,1021 2990,1024 3075,1028 3160,1030 3246,1030"/>
                <TextEquiv>
                    <Unicode>φέρε δὴ ταχέως αὔτ᾽· οὐ γὰρ ἀλλὰ πειστέον.</Unicode>
                </TextEquiv>
            </TextLine>
            <TextLine id="r2l6" custom="readingOrder {index:2;}">
                <Coords points="1690,1147 2767,1223 3128,1196 3131,1117 2773,1080 2568,1113 2308,1051 2012,1060 1917,1011 1774,1078 1693,1055"/>
                <Baseline points="1702,1132 1772,1132 1843,1132 1914,1134 1985,1136 2056,1138 2126,1140 2197,1143 2268,1145 2339,1150 2410,1152 2480,1156 2551,1158 2622,1162 2693,1166 2764,1168 2834,1170 2905,1174 2976,1176 3047,1177 3118,1178"/>
                <TextEquiv>
                    <Unicode>κ βλέψον εἰς τὸν Ἡρακλειοξανθίαν,</Unicode>
                </TextEquiv>
            </TextLine>
            <TextLine id="r2l9" custom="readingOrder {index:3;}">
                <Coords points="1696,1306 2118,1335 2270,1292 3016,1386 3183,1370 3185,1296 2869,1278 2614,1199 2337,1262 2261,1215 2050,1261 1979,1205 1898,1259 1778,1202 1697,1254"/>
                <Baseline points="1708,1298 1781,1300 1854,1300 1927,1300 2001,1302 2074,1303 2147,1304 2221,1306 2294,1307 2367,1308 2441,1310 2514,1312 2587,1314 2660,1316 2734,1320 2807,1322 2880,1324 2954,1328 3027,1332 3100,1334 3174,1340"/>
                <TextEquiv>
                    <Unicode>εἰ δειλὸς ἔσομαι κ κατὰ σὲ τὸ λῆμ᾽ ἔχων.</Unicode>
                </TextEquiv>
            </TextLine>
            <TextLine id="r2l11" custom="readingOrder {index:4;}">
                <Coords points="1600,1491 2687,1496 3195,1569 3429,1538 3432,1429 2828,1458 1603,1382"/>
                <Baseline points="1612,1464 1702,1465 1792,1466 1882,1468 1973,1469 2063,1471 2153,1474 2244,1476 2334,1479 2424,1482 2515,1486 2605,1490 2695,1493 2785,1496 2876,1499 2966,1504 3056,1506 3147,1508 3237,1512 3327,1514 3418,1516"/>
                <TextEquiv>
                    <Unicode>μὰ Δί᾽ ἀλλ᾽ ἀληθῶς ο κ Μελίτης μαστιγίας.</Unicode>
                </TextEquiv>
            </TextLine>
            <TextLine id="r2l12" custom="readingOrder {index:5;}">
                <Coords points="1710,1647 3218,1693 3261,1685 3264,1559 2688,1557 2549,1603 2478,1556 2360,1603 1712,1559"/>
                <Baseline points="1722,1626 1798,1628 1874,1630 1951,1632 2027,1632 2104,1635 2180,1636 2256,1638 2333,1640 2409,1642 2486,1644 2562,1646 2638,1647 2715,1649 2791,1650 2868,1652 2944,1654 3020,1656 3097,1659 3173,1660 3250,1664"/>
                <TextEquiv>
                    <Unicode>φέρε νυν, ἐγὼ τὰ στρώματ᾽ αἴρωμαι ταδί.</Unicode>
                </TextEquiv>
            </TextLine>
            <TextLine id="r2l15" custom="readingOrder {index:6;}">
                <Coords points="1502,1846 1675,1899 1793,1816 2299,1820 2421,1866 2690,1825 2906,1886 2949,1870 2950,1773 2603,1732 2277,1772 1968,1689 1823,1762 1590,1749 1502,1803"/>
                <Baseline points="1512,1836 1583,1825 1654,1818 1725,1814 1797,1809 1868,1806 1939,1806 2011,1806 2082,1806 2153,1808 2225,1808 2296,1812 2367,1814 2438,1816 2510,1820 2581,1822 2652,1824 2724,1824 2795,1826 2866,1826 2938,1824"/>
                <TextEquiv>
                    <Unicode>προσφο ὦ φίλταθ᾽ ἥκεις Ἡράκλεις; </Unicode>
                </TextEquiv>
            </TextLine>
            <TextLine id="r2l16" custom="readingOrder {index:7;}">
                <Coords points="2960,1871 2996,1870 3030,1846 3127,1845 3194,1874 3276,1846 3349,1849 3419,1826 3420,1765 3357,1759 3305,1788 3243,1791 3100,1741 3041,1764 2962,1745"/>
                <Baseline points="2972,1822 2997,1822 3023,1824 3048,1824 3074,1824 3100,1826 3125,1826 3151,1826 3177,1826 3202,1827 3228,1828 3254,1828 3279,1828 3305,1829 3331,1830 3356,1830 3382,1830 3408,1830"/>
                <TextEquiv>
                    <Unicode>δεῦρ᾽ εἴσιθι.</Unicode>
                </TextEquiv>
            </TextLine>
            <TextLine id="r2l19" custom="readingOrder {index:8;}">
                <Coords points="1721,1974 2655,2030 2972,1986 3216,2031 3195,1888 2367,1942 1722,1867"/>
                <Baseline points="1732,1966 1805,1969 1879,1971 1952,1973 2026,1974 2100,1976 2173,1977 2247,1978 2320,1978 2394,1980 2468,1980 2541,1982 2615,1982 2688,1982 2762,1984 2836,1984 2909,1986 2983,1986 3056,1988 3130,1989 3204,1990"/>
                <TextEquiv>
                    <Unicode>ἡ γὰρ θεός σ᾽ ὡς ἐπύθεθ᾽ ἥκοντ᾽, εὐθέως</Unicode>
                </TextEquiv>
            </TextLine>
            <TextLine id="r2l24" custom="readingOrder {index:9;}">
                <Coords points="1720,2165 3247,2194 3248,2047 2719,2112 2469,2055 2389,2111 2216,2030 1879,2081 1721,2045"/>
                <Baseline points="1732,2148 1807,2145 1882,2144 1957,2142 2032,2142 2108,2142 2183,2142 2258,2142 2333,2142 2408,2144 2484,2146 2559,2146 2634,2148 2709,2150 2784,2150 2860,2152 2935,2154 3010,2154 3085,2154 3160,2156 3236,2156"/>
                <TextEquiv>
                    <Unicode>ἔπεττεν ἄρτους, ἧψε κατερικτῶν χύτρας</Unicode>
                </TextEquiv>
            </TextLine>
            <TextLine id="r2l25" custom="readingOrder {index:10;}">
                <Coords points="1725,2313 2307,2348 2561,2307 2761,2359 3161,2322 3242,2363 3335,2355 3336,2276 3144,2215 2859,2267 2733,2198 2545,2269 1726,2189"/>
                <Baseline points="1736,2304 1815,2302 1894,2301 1974,2300 2053,2300 2133,2300 2212,2300 2291,2302 2371,2302 2450,2303 2530,2304 2609,2306 2688,2308 2768,2308 2847,2310 2927,2310 3006,2312 3085,2312 3165,2312 3244,2312 3324,2310"/>
                <TextEquiv>
                    <Unicode>ἔτνους δύ᾽ ἢ τρεῖς, βοῦν ἀπηνθράκιζ᾽ ὅλον,</Unicode>
                </TextEquiv>
            </TextLine>
            <TextLine id="r2l28" custom="readingOrder {index:11;}">
                <Coords points="1740,2474 2682,2488 2931,2552 3027,2502 3368,2520 3369,2446 3128,2408 2831,2445 2046,2374 1741,2404"/>
                <Baseline points="1750,2470 1830,2468 1910,2466 1991,2464 2071,2464 2152,2464 2232,2466 2312,2466 2393,2468 2473,2470 2554,2471 2634,2474 2714,2475 2795,2477 2875,2478 2956,2480 3036,2482 3116,2483 3197,2484 3277,2484 3358,2484"/>
                <TextEquiv>
                    <Unicode>πλακοῦντας ὤπτα, κολλάβους. ἀλλ᾽ εἴσιθι.</Unicode>
                </TextEquiv>
            </TextLine>
            <TextLine id="r2l32" custom="readingOrder {index:12;}">
                <Coords points="1815,2646 1912,2687 2251,2642 2409,2686 2730,2646 3344,2682 3317,2598 2705,2601 2638,2551 2538,2596 2387,2537 2010,2597 1922,2540 1815,2562"/>
                <Baseline points="1826,2654 1901,2651 1976,2648 2052,2646 2127,2644 2203,2644 2278,2642 2353,2642 2429,2642 2504,2642 2580,2642 2655,2644 2730,2644 2806,2645 2881,2646 2957,2648 3032,2648 3107,2650 3183,2652 3258,2652 3334,2654"/>
                <TextEquiv>
                    <Unicode>κάλλιστ᾽, ἐπαινῶ. μὰ τὸν Ἀπόλλω οὐ μή σ᾽ </Unicode>
                </TextEquiv>
            </TextLine>
            <TextLine id="r2l35" custom="readingOrder {index:13;}">
                <Coords points="1726,2890 2246,2826 2537,2863 2668,2818 3039,2870 3039,2773 2775,2716 2626,2772 2343,2713 1957,2760 1727,2712"/>
                <Baseline points="1738,2816 1802,2819 1867,2820 1931,2822 1996,2822 2060,2822 2125,2820 2189,2819 2254,2818 2318,2816 2383,2814 2447,2812 2512,2812 2576,2812 2641,2812 2705,2814 2770,2816 2834,2820 2899,2824 2963,2831 3028,2838"/>
                <TextEquiv>
                    <Unicode>ἐγὼ περιόψομἀπελθόντ᾽, ἐπεί τοι </Unicode>
                </TextEquiv>
            </TextLine>
            <TextLine id="r2l37" custom="readingOrder {index:14;}">
                <Coords points="1692,3009 2106,3029 2440,2976 3001,3031 3350,2993 3350,2946 2906,2876 2769,2945 2147,2875 2015,2947 1691,2912"/>
                <Baseline points="1704,3002 1785,2998 1867,2996 1949,2992 2030,2990 2112,2988 2194,2985 2275,2983 2357,2982 2439,2980 2521,2978 2602,2978 2684,2978 2766,2978 2847,2978 2929,2978 3011,2978 3092,2980 3174,2981 3256,2984 3338,2986"/>
                <TextEquiv>
                    <Unicode>κ κρέα ἀνέβραττεν ὀρνίθεια κ τραγήματα</Unicode>
                </TextEquiv>
            </TextLine>
            <TextLine id="r2l39" custom="readingOrder {index:15;}">
                <Coords points="1736,3211 2625,3161 3229,3160 3343,3206 3340,3100 3221,3060 3141,3114 2939,3077 2764,3115 2679,3070 2263,3130 1733,3101"/>
                <Baseline points="1748,3200 1827,3192 1906,3185 1985,3179 2064,3175 2143,3170 2222,3167 2301,3164 2380,3162 2459,3160 2539,3160 2618,3158 2697,3158 2776,3156 2855,3156 2934,3156 3013,3154 3092,3154 3171,3152 3250,3150 3330,3146"/>
                <TextEquiv>
                    <Unicode>ἔφρυγε, κᾦνον ἀνεκεράννυ γλυκύτατον.</Unicode>
                </TextEquiv>
            </TextLine>
            <TextLine id="r2l40" custom="readingOrder {index:16;}">
                <Coords points="1679,3373 3267,3347 3266,3293 3145,3241 2823,3285 2718,3235 2451,3307 2120,3261 1949,3309 1677,3246"/>
                <Baseline points="1690,3348 1768,3346 1846,3346 1924,3344 2002,3342 2081,3341 2159,3340 2237,3338 2315,3336 2393,3334 2472,3332 2550,3330 2628,3329 2706,3328 2784,3326 2863,3326 2941,3324 3019,3324 3097,3324 3175,3324 3254,3324"/>
                <TextEquiv>
                    <Unicode>ἀλλ᾽ εἴσειθ᾽ ἅμ᾽ ἐμοί. ξανθ πάνυ καλῶς. </Unicode>
                </TextEquiv>
            </TextLine>
            <TextLine id="r2l42" custom="readingOrder {index:17;}">
                <Coords points="1692,3562 2094,3573 2522,3494 2679,3548 3003,3493 3496,3528 3495,3458 3157,3377 2942,3449 2790,3410 1690,3465"/>
                <Baseline points="1702,3526 1791,3520 1880,3516 1969,3512 2058,3508 2147,3504 2236,3502 2325,3499 2414,3496 2503,3494 2593,3494 2682,3492 2771,3490 2860,3490 2949,3490 3038,3490 3127,3490 3216,3492 3305,3492 3394,3494 3484,3496"/>
                <TextEquiv>
                    <Unicode>ληρεῖς ἔχων· οὐ γάρ σ᾽ ἀφήσω. καὶ γὰρ αὐλητρίς τέ σοι</Unicode>
                </TextEquiv>
            </TextLine>
            <TextLine id="r2l43" custom="readingOrder {index:18;}">
                <Coords points="1697,3692 1926,3731 2009,3685 2176,3724 2797,3681 3028,3733 3337,3694 3336,3552 3169,3623 2701,3571 2392,3631 2010,3576 1886,3641 1696,3633"/>
                <Baseline points="1708,3688 1788,3686 1869,3684 1950,3682 2031,3680 2112,3680 2193,3678 2274,3678 2355,3678 2436,3678 2517,3678 2597,3676 2678,3676 2759,3676 2840,3676 2921,3674 3002,3674 3083,3672 3164,3670 3245,3668 3326,3666"/>
                <TextEquiv>
                    <Unicode>ἤδη ᾽νδον ἔσθ᾽ ὡραιοτάτη κὠρχηστρίδες</Unicode>
                </TextEquiv>
            </TextLine>
            <TextLine id="r2l44" custom="readingOrder {index:19;}">
                <Coords points="1688,3902 2515,3902 2655,3845 3048,3916 3138,3859 3425,3878 3402,3762 2781,3777 2518,3699 2340,3788 1943,3733 1688,3793"/>
                <Baseline points="1700,3850 1785,3844 1871,3840 1957,3836 2042,3834 2128,3832 2214,3832 2299,3830 2385,3830 2471,3832 2557,3832 2642,3832 2728,3832 2814,3834 2899,3834 2985,3834 3071,3834 3156,3834 3242,3832 3328,3830 3414,3828"/>
                <TextEquiv>
                    <Unicode>ἕτεραι δύ᾽ ἢ τρεῖς ξανθ πῶς λέγεις; ὀρχηστρίδες; </Unicode>
                </TextEquiv>
            </TextLine>
            <TextEquiv>
                <Unicode>ἐγὼ δ᾽ ἔσομαί σοι σκευοφόρος ἐν τῷ μέρει.&#13;
φέρε δὴ ταχέως αὔτ᾽· οὐ γὰρ ἀλλὰ πειστέον.&#13;
κ βλέψον εἰς τὸν Ἡρακλειοξανθίαν,&#13;
εἰ δειλὸς ἔσομαι κ κατὰ σὲ τὸ λῆμ᾽ ἔχων.&#13;
μὰ Δί᾽ ἀλλ᾽ ἀληθῶς ο κ Μελίτης μαστιγίας.&#13;
φέρε νυν, ἐγὼ τὰ στρώματ᾽ αἴρωμαι ταδί.&#13;
προσφο ὦ φίλταθ᾽ ἥκεις Ἡράκλεις; &#13;
δεῦρ᾽ εἴσιθι.&#13;
ἡ γὰρ θεός σ᾽ ὡς ἐπύθεθ᾽ ἥκοντ᾽, εὐθέως&#13;
ἔπεττεν ἄρτους, ἧψε κατερικτῶν χύτρας&#13;
ἔτνους δύ᾽ ἢ τρεῖς, βοῦν ἀπηνθράκιζ᾽ ὅλον,&#13;
πλακοῦντας ὤπτα, κολλάβους. ἀλλ᾽ εἴσιθι.&#13;
κάλλιστ᾽, ἐπαινῶ. μὰ τὸν Ἀπόλλω οὐ μή σ᾽ &#13;
ἐγὼ περιόψομἀπελθόντ᾽, ἐπεί τοι &#13;
κ κρέα ἀνέβραττεν ὀρνίθεια κ τραγήματα&#13;
ἔφρυγε, κᾦνον ἀνεκεράννυ γλυκύτατον.&#13;
ἀλλ᾽ εἴσειθ᾽ ἅμ᾽ ἐμοί. ξανθ πάνυ καλῶς. &#13;
ληρεῖς ἔχων· οὐ γάρ σ᾽ ἀφήσω. καὶ γὰρ αὐλητρίς τέ σοι&#13;
ἤδη ᾽νδον ἔσθ᾽ ὡραιοτάτη κὠρχηστρίδες&#13;
ἕτεραι δύ᾽ ἢ τρεῖς ξανθ πῶς λέγεις; ὀρχηστρίδες; </Unicode>
            </TextEquiv>
        </TextRegion>
    </Page>
</PcGts>
