<?xml version="1.0" encoding="UTF-8" standalone="yes"?>
<PcGts xmlns="http://schema.primaresearch.org/PAGE/gts/pagecontent/2013-07-15" xmlns:xsi="http://www.w3.org/2001/XMLSchema-instance" xsi:schemaLocation="http://schema.primaresearch.org/PAGE/gts/pagecontent/2013-07-15 http://schema.primaresearch.org/PAGE/gts/pagecontent/2013-07-15/pagecontent.xsd">
    <Metadata>
        <Creator>prov=University of Rostock/Institute of Mathematics/CITlab|PLANET AI GmbH/Gundram Leifert/gundram.leifert@planet-ai.de:name=HPGTR(htr_id=41125)::::v=2.6.7
prov=University of Rostock/Institute of Mathematics/CITlab|PLANET AI GmbH/Tobias Gruening/tobias.gruening@planet-ai.de:name=de.uros.citlab.module.baseline2polygon.B2PSeamMultiOriented:v=2.6.7
prov=University of Rostock/Institute of Mathematics/CITlab|PLANET AI GmbH/Tobias Gruening/tobias.gruening@planet-ai.de:name=/net_tf/LA73_249_0mod360.pb:de.uros.citlab.segmentation.CITlab_LA_ML:v=2.6.7
Transkribus</Creator>
        <Created>2021-09-19T17:37:22.375+03:00</Created>
        <LastChange>2023-06-04T19:18:53.693+02:00</LastChange>
        <TranskribusMetadata docId="1458633" pageId="56018955" pageNr="41" tsid="125670965" status="IN_PROGRESS" userId="99263" imgUrl="https://files.transkribus.eu/Get?id=MCYFTXECCIXZRNOYYZPJGNHX&amp;fileType=view" xmlUrl="https://files.transkribus.eu/Get?id=NULTGBVRVRITCGJFALVBLCLD" imageId="23265836"/>
    </Metadata>
    <Page imageFilename="0041_71 Bodleian-Library-MS-Barocci-59_00076_fol-42v.jpg" imageWidth="2494" imageHeight="3325">
        <ReadingOrder>
            <OrderedGroup id="ro_1686139446561" caption="Regions reading order">
                <RegionRefIndexed index="0" regionRef="r1"/>
            </OrderedGroup>
        </ReadingOrder>
        <TextRegion orientation="0.0" id="r1" custom="readingOrder {index:0;}">
            <Coords points="891,537 891,2666 2090,2666 2090,537"/>
            <TextLine id="r1l1" custom="readingOrder {index:0;}">
                <Coords points="884,606 1944,612 2071,589 2070,489 1895,544 1512,480 1149,551 883,511"/>
                <Baseline points="891,603 949,602 1008,599 1066,597 1125,596 1184,594 1242,593 1301,593 1360,591 1418,590 1477,590 1536,588 1594,588 1653,588 1712,587 1770,587 1829,587 1888,587 1946,587 2005,587 2064,585"/>
                <TextEquiv>
                    <Unicode>τό, Συνήγειρε καί συνεκάθισεν ἡμᾶς </Unicode>
                </TextEquiv>
            </TextLine>
            <TextLine id="r1l2" custom="readingOrder {index:1;}">
                <Coords points="904,717 1592,703 1711,740 1845,697 2053,718 2053,652 904,660"/>
                <Baseline points="911,705 967,707 1024,707 1081,707 1138,707 1194,707 1251,705 1308,704 1365,702 1421,701 1478,700 1535,698 1592,698 1648,696 1705,696 1762,696 1819,696 1875,696 1932,699 1989,701 2046,704"/>
                <TextEquiv>
                    <Unicode>ὁ θς ἐν τοῖς ἐπουρανίοις ἐν χω· κατά τήν </Unicode>
                </TextEquiv>
            </TextLine>
            <TextLine id="r1l3" custom="readingOrder {index:2;}">
                <Coords points="910,805 1044,841 1229,801 1797,829 2055,799 2055,746 1978,732 1727,746 1658,710 1519,745 1371,712 1256,757 1161,713 1042,755 910,714"/>
                <Baseline points="917,803 973,801 1030,801 1086,800 1143,800 1199,798 1256,798 1312,797 1369,797 1425,797 1482,797 1539,797 1595,795 1652,795 1708,795 1765,797 1821,797 1878,797 1934,797 1991,798 2048,798"/>
                <TextEquiv>
                    <Unicode>ἀναλογοῦσαν ἑκάστῳ δύναμιν, τόν τοῦ</Unicode>
                </TextEquiv>
            </TextLine>
            <TextLine id="r1l4" custom="readingOrder {index:3;}">
                <Coords points="908,936 1255,897 2035,918 2048,806 1764,846 1253,806 1066,868 907,846"/>
                <Baseline points="915,911 971,908 1027,905 1084,903 1140,900 1196,899 1253,897 1309,897 1365,896 1422,896 1478,894 1534,894 1591,894 1647,894 1703,894 1760,894 1816,893 1872,893 1929,893 1985,891 2042,891"/>
                <TextEquiv>
                    <Unicode>θῦ λόγον γίνεσθαι φάσκων. στροῦται</Unicode>
                </TextEquiv>
            </TextLine>
            <TextLine id="r1l5" custom="readingOrder {index:4;}">
                <Coords points="916,1016 1476,1037 1538,993 2046,1003 2062,917 1883,950 1755,904 1517,955 1328,915 1223,959 1117,923 916,959"/>
                <Baseline points="924,1002 980,1001 1037,999 1093,998 1150,998 1206,996 1263,996 1319,996 1376,995 1432,995 1489,995 1546,995 1602,995 1659,995 1715,995 1772,993 1828,993 1885,992 1941,990 1998,989 2055,987"/>
                <TextEquiv>
                    <Unicode>τοίνυν τοῖς ἔτι πρός εὐσέβειαν εἰσα</Unicode>
                </TextEquiv>
            </TextLine>
            <TextLine id="r1l6" custom="readingOrder {index:5;}">
                <Coords points="906,1126 2052,1105 2052,1033 1990,1024 1756,1060 1560,1005 1223,1064 906,1028"/>
                <Baseline points="914,1100 970,1101 1027,1101 1083,1101 1140,1101 1196,1101 1253,1101 1309,1101 1366,1100 1422,1100 1479,1098 1536,1098 1592,1097 1649,1097 1705,1095 1762,1095 1818,1095 1875,1095 1931,1095 1988,1095 2045,1095"/>
                <TextEquiv>
                    <Unicode>γομένοις  πρακτικῶς τάς ἐμπαθεῖς</Unicode>
                </TextEquiv>
            </TextLine>
            <TextLine id="r1l7" custom="readingOrder {index:6;}">
                <Coords points="907,1214 2040,1217 2019,1102 1938,1154 1884,1121 1548,1153 1477,1110 1055,1167 907,1127"/>
                <Baseline points="914,1208 972,1208 1031,1206 1090,1206 1149,1205 1208,1205 1267,1205 1326,1203 1385,1203 1444,1202 1502,1202 1561,1202 1620,1202 1679,1202 1738,1202 1797,1202 1856,1202 1915,1202 1974,1203 2033,1203"/>
                <TextEquiv>
                    <Unicode>αὐτῶν τῷ θείῳ φόβῶ προσηλῶν ἐνερ</Unicode>
                </TextEquiv>
            </TextLine>
            <TextLine id="r1l8" custom="readingOrder {index:7;}">
                <Coords points="925,1319 1996,1333 2048,1317 2048,1238 1961,1210 1828,1252 1734,1221 1660,1264 1393,1229 925,1264"/>
                <Baseline points="933,1310 988,1308 1043,1307 1099,1305 1154,1304 1209,1302 1265,1302 1320,1301 1375,1301 1431,1301 1486,1301 1541,1301 1597,1301 1652,1302 1707,1302 1763,1304 1818,1305 1873,1307 1929,1308 1984,1310 2040,1311"/>
                <TextEquiv>
                    <Unicode>γείας. ανίσταται δέ καί ἄνεισιν εἰς οὐ</Unicode>
                </TextEquiv>
            </TextLine>
            <TextLine id="r1l9" custom="readingOrder {index:8;}">
                <Coords points="913,1446 1123,1409 1998,1416 2074,1383 2073,1349 1934,1318 1803,1355 1681,1325 1613,1352 1549,1312 1335,1364 1263,1324 1136,1368 913,1358"/>
                <Baseline points="921,1409 978,1408 1035,1407 1092,1406 1150,1404 1207,1404 1264,1403 1321,1403 1379,1401 1436,1401 1493,1401 1550,1400 1608,1400 1665,1400 1722,1399 1779,1398 1837,1398 1894,1397 1951,1397 2008,1397 2066,1395"/>
                <TextEquiv>
                    <Unicode>ρανούς, τοῖς ὅλον τόν παλαιόν ἀπε</Unicode>
                </TextEquiv>
            </TextLine>
            <TextLine id="r1l10" custom="readingOrder {index:9;}">
                <Coords points="913,1529 2054,1509 2052,1414 1909,1464 1826,1430 1538,1454 1472,1411 1250,1462 1195,1429 912,1461"/>
                <Baseline points="920,1512 976,1509 1032,1508 1088,1506 1145,1504 1201,1503 1257,1502 1314,1501 1370,1500 1426,1500 1483,1499 1539,1499 1595,1499 1651,1497 1708,1497 1764,1497 1820,1496 1877,1494 1933,1494 1989,1493 2046,1491"/>
                <TextEquiv>
                    <Unicode>κδυσαμένοις ἄνον, τόν φθειρόμενον</Unicode>
                </TextEquiv>
            </TextLine>
            <TextLine id="r1l11" custom="readingOrder {index:10;}">
                <Coords points="913,1613 1978,1621 2070,1589 2070,1539 912,1552"/>
                <Baseline points="920,1605 977,1605 1034,1604 1091,1602 1148,1602 1205,1601 1262,1601 1320,1599 1377,1599 1434,1599 1491,1598 1548,1598 1605,1598 1662,1596 1720,1596 1777,1595 1834,1595 1891,1593 1948,1593 2005,1592 2063,1590"/>
                <TextEquiv>
                    <Unicode>κατά τάς ἐπιθυμίας τῆς ἀπάτης·</Unicode>
                </TextEquiv>
            </TextLine>
            <TextLine id="r1l12" custom="readingOrder {index:11;}">
                <Coords points="916,1748 1316,1721 1383,1753 1671,1706 2025,1746 2075,1728 2074,1660 1975,1620 1600,1668 1531,1633 1472,1671 1264,1666 1183,1624 1078,1673 914,1647"/>
                <Baseline points="923,1715 980,1716 1037,1718 1094,1718 1151,1718 1209,1717 1266,1716 1323,1715 1380,1713 1437,1712 1495,1711 1552,1709 1609,1708 1666,1707 1723,1706 1781,1706 1838,1706 1895,1706 1952,1706 2009,1708 2067,1710"/>
                <TextEquiv>
                    <Unicode>κ ὅλον τόν νέον ἐνδυσαμένοις, τόν</Unicode>
                </TextEquiv>
            </TextLine>
            <TextLine id="r1l13" custom="readingOrder {index:12;}">
                <Coords points="894,1828 1963,1836 2055,1808 2055,1751 1927,1731 1782,1768 1658,1727 1526,1769 1341,1741 1264,1775 894,1779"/>
                <Baseline points="902,1818 959,1817 1016,1815 1073,1814 1131,1814 1188,1812 1245,1811 1303,1811 1360,1810 1417,1809 1475,1809 1532,1809 1589,1809 1646,1809 1704,1809 1761,1809 1818,1810 1876,1811 1933,1812 1990,1812 2048,1814"/>
                <TextEquiv>
                    <Unicode>διά τοῦ πνς κατ᾿ εἰκόνα του θῦ κτιζό</Unicode>
                </TextEquiv>
            </TextLine>
            <TextLine id="r1l14" custom="readingOrder {index:13;}">
                <Coords points="905,1934 1110,1918 1310,1969 1431,1916 1753,1915 1816,1955 2070,1920 2069,1878 1964,1858 1663,1876 1577,1833 1490,1876 1416,1836 1330,1875 904,1873"/>
                <Baseline points="912,1920 969,1919 1027,1917 1084,1916 1142,1916 1199,1914 1257,1914 1314,1913 1372,1913 1429,1913 1487,1913 1545,1913 1602,1913 1660,1911 1717,1911 1775,1911 1832,1910 1890,1910 1947,1908 2005,1907 2063,1905"/>
                <TextEquiv>
                    <Unicode>μενον, καί πρός τόν πρα τῆς ἐν αὐτοῖς</Unicode>
                </TextEquiv>
            </TextLine>
            <TextLine id="r1l15" custom="readingOrder {index:14;}">
                <Coords points="929,2055 1650,2010 2013,2012 2099,2050 2075,1915 1934,1971 1740,1930 1674,1967 1330,1977 1249,1933 1013,1980 927,1939"/>
                <Baseline points="935,2028 992,2025 1050,2022 1108,2019 1166,2018 1223,2016 1281,2015 1339,2013 1397,2013 1454,2012 1512,2012 1570,2011 1628,2010 1685,2010 1743,2009 1801,2009 1859,2007 1916,2006 1974,2004 2032,2003 2090,2000"/>
                <TextEquiv>
                    <Unicode>χάριτος γενομένοις υπεράνω πά</Unicode>
                </TextEquiv>
            </TextLine>
            <TextLine id="r1l16" custom="readingOrder {index:15;}">
                <Coords points="925,2148 2071,2113 2069,2032 2006,2015 1857,2066 1704,2030 1575,2070 1443,2033 1373,2073 924,2067"/>
                <Baseline points="932,2118 988,2118 1045,2117 1101,2117 1158,2115 1214,2114 1271,2113 1327,2112 1384,2111 1440,2109 1497,2109 1554,2108 1610,2108 1667,2106 1723,2106 1780,2105 1836,2105 1893,2105 1949,2105 2006,2105 2063,2105"/>
                <TextEquiv>
                    <Unicode>σης αρχῆς καί εξουσίας κ δυνάμεως</Unicode>
                </TextEquiv>
            </TextLine>
            <TextLine id="r1l17" custom="readingOrder {index:16;}">
                <Coords points="923,2260 1029,2221 1108,2258 1350,2216 1479,2250 1667,2204 2069,2230 2067,2164 1919,2110 1716,2164 1545,2126 1470,2174 1324,2130 1153,2180 920,2150"/>
                <Baseline points="929,2220 985,2220 1042,2220 1098,2219 1155,2217 1211,2216 1268,2215 1324,2213 1381,2211 1437,2210 1494,2208 1551,2206 1607,2204 1664,2202 1720,2202 1777,2201 1833,2199 1890,2199 1946,2199 2003,2199 2060,2201"/>
                <TextEquiv>
                    <Unicode>κ κυριότητος κ παντός ὀνόματος</Unicode>
                </TextEquiv>
            </TextLine>
            <TextLine id="r1l18" custom="readingOrder {index:17;}">
                <Coords points="928,2345 1140,2335 1204,2371 1544,2320 2071,2325 2069,2231 1692,2278 1358,2233 1254,2277 926,2292"/>
                <Baseline points="935,2331 991,2331 1047,2330 1104,2328 1160,2328 1217,2327 1273,2325 1329,2324 1386,2322 1442,2321 1499,2319 1555,2318 1611,2316 1668,2316 1724,2315 1781,2315 1837,2313 1893,2313 1950,2313 2006,2312 2063,2313"/>
                <TextEquiv>
                    <Unicode>ὀνομαζομένου εἴτε ἐν τω αἰῶνι τού</Unicode>
                </TextEquiv>
            </TextLine>
            <TextLine id="r1l19" custom="readingOrder {index:18;}">
                <Coords points="927,2439 2068,2436 2066,2345 1955,2328 1700,2373 1512,2374 1456,2335 1376,2378 1259,2351 927,2384"/>
                <Baseline points="935,2433 991,2430 1047,2427 1103,2426 1160,2424 1216,2423 1272,2421 1328,2420 1385,2420 1441,2418 1497,2418 1553,2418 1610,2418 1666,2417 1722,2417 1778,2417 1835,2415 1891,2415 1947,2414 2003,2412 2060,2411"/>
                <TextEquiv>
                    <Unicode>τω εἴτε ἐν τῷ μέλλοντι. πάντα γάρ</Unicode>
                </TextEquiv>
            </TextLine>
            <TextLine id="r1l20" custom="readingOrder {index:19;}">
                <Coords points="940,2546 1874,2544 2070,2514 2070,2436 1933,2429 1846,2480 1445,2443 1401,2482 1165,2491 1112,2457 1054,2497 939,2486"/>
                <Baseline points="947,2531 1002,2531 1058,2531 1114,2529 1170,2529 1226,2528 1282,2528 1337,2526 1393,2525 1449,2524 1505,2523 1561,2522 1617,2520 1673,2519 1728,2517 1784,2517 1840,2516 1896,2514 1952,2514 2008,2513 2064,2513"/>
                <TextEquiv>
                    <Unicode>τά μετά θν, καί πράγματα καί ὀνόματα</Unicode>
                </TextEquiv>
            </TextLine>
            <TextLine id="r1l21" custom="readingOrder {index:20;}">
                <Coords points="920,2695 1043,2674 1125,2715 1277,2634 1332,2673 1557,2634 1626,2668 1945,2626 2063,2656 2050,2530 1909,2579 1717,2541 1515,2593 1327,2561 1270,2594 1193,2542 917,2558"/>
                <Baseline points="926,2642 982,2642 1038,2642 1095,2640 1151,2640 1208,2639 1264,2637 1321,2636 1377,2634 1434,2633 1490,2631 1546,2630 1603,2628 1659,2627 1716,2625 1772,2625 1829,2624 1885,2624 1942,2624 1998,2624 2055,2625"/>
                <TextEquiv>
                    <Unicode>κ ἀξιώματα, ὑπό και τω των ἐν </Unicode>
                </TextEquiv>
            </TextLine>
            <TextEquiv>
                <Unicode>τό, Συνήγειρε καί συνεκάθισεν ἡμᾶς &#13;
ὁ θς ἐν τοῖς ἐπουρανίοις ἐν χω· κατά τήν &#13;
ἀναλογοῦσαν ἑκάστῳ δύναμιν, τόν τοῦ&#13;
θῦ λόγον γίνεσθαι φάσκων. στροῦται&#13;
τοίνυν τοῖς ἔτι πρός εὐσέβειαν εἰσα&#13;
γομένοις  πρακτικῶς τάς ἐμπαθεῖς&#13;
αὐτῶν τῷ θείῳ φόβῶ προσηλῶν ἐνερ&#13;
γείας. ανίσταται δέ καί ἄνεισιν εἰς οὐ&#13;
ρανούς, τοῖς ὅλον τόν παλαιόν ἀπε&#13;
κδυσαμένοις ἄνον, τόν φθειρόμενον&#13;
κατά τάς ἐπιθυμίας τῆς ἀπάτης·&#13;
κ ὅλον τόν νέον ἐνδυσαμένοις, τόν&#13;
διά τοῦ πνς κατ᾿ εἰκόνα του θῦ κτιζό&#13;
μενον, καί πρός τόν πρα τῆς ἐν αὐτοῖς&#13;
χάριτος γενομένοις υπεράνω πά&#13;
σης αρχῆς καί εξουσίας κ δυνάμεως&#13;
κ κυριότητος κ παντός ὀνόματος&#13;
ὀνομαζομένου εἴτε ἐν τω αἰῶνι τού&#13;
τω εἴτε ἐν τῷ μέλλοντι. πάντα γάρ&#13;
τά μετά θν, καί πράγματα καί ὀνόματα&#13;
κ ἀξιώματα, ὑπό και τω των ἐν </Unicode>
            </TextEquiv>
        </TextRegion>
    </Page>
</PcGts>
