<?xml version="1.0" encoding="UTF-8" standalone="yes"?>
<PcGts xmlns="http://schema.primaresearch.org/PAGE/gts/pagecontent/2013-07-15" xmlns:xsi="http://www.w3.org/2001/XMLSchema-instance" xsi:schemaLocation="http://schema.primaresearch.org/PAGE/gts/pagecontent/2013-07-15 http://schema.primaresearch.org/PAGE/gts/pagecontent/2013-07-15/pagecontent.xsd">
    <Metadata>
        <Creator>prov=University of Rostock/Institute of Mathematics/CITlab|PLANET AI GmbH/Gundram Leifert/gundram.leifert@planet-ai.de:name=HPGTR(htr_id=41125)::::v=2.6.7
prov=University of Rostock/Institute of Mathematics/CITlab|PLANET AI GmbH/Tobias Gruening/tobias.gruening@planet-ai.de:name=de.uros.citlab.module.baseline2polygon.B2PSeamMultiOriented:v=2.6.7
prov=University of Rostock/Institute of Mathematics/CITlab|PLANET AI GmbH/Tobias Gruening/tobias.gruening@planet-ai.de:name=/net_tf/LA73_249_0mod360.pb:de.uros.citlab.segmentation.CITlab_LA_ML:v=2.6.7
Transkribus</Creator>
        <Created>2021-09-19T17:37:22.581+03:00</Created>
        <LastChange>2023-06-04T19:24:52.970+02:00</LastChange>
        <TranskribusMetadata docId="1458633" pageId="56018956" pageNr="42" tsid="125671005" status="IN_PROGRESS" userId="99263" imgUrl="https://files.transkribus.eu/Get?id=ZXEBNATQYRDNBEDFBMHRQIXR&amp;fileType=view" xmlUrl="https://files.transkribus.eu/Get?id=VKIGNHCJXSOEUUCRNUFRMAOL" imageId="23265837"/>
    </Metadata>
    <Page imageFilename="0042_72 Bodleian-Library-MS-Barocci-59_00077_fol-43r.jpg" imageWidth="2494" imageHeight="3325">
        <ReadingOrder>
            <OrderedGroup id="ro_1686139446713" caption="Regions reading order">
                <RegionRefIndexed index="0" regionRef="r1"/>
                <RegionRefIndexed index="1" regionRef="r2"/>
                <RegionRefIndexed index="2" regionRef="r3"/>
            </OrderedGroup>
        </ReadingOrder>
        <TextRegion orientation="0.0" id="r1" custom="readingOrder {index:0;}">
            <Coords points="365,488 365,2670 1632,2670 1632,488"/>
            <TextLine id="r1l3" custom="readingOrder {index:0;}">
                <Coords points="438,645 805,584 934,629 1302,588 1455,635 1639,612 1639,562 1320,535 1248,485 1065,544 929,494 854,547 740,497 439,537"/>
                <Baseline points="446,600 505,596 564,593 623,589 683,587 742,585 801,584 861,584 920,584 979,584 1039,585 1098,587 1157,587 1216,589 1276,590 1335,593 1394,594 1454,596 1513,597 1572,599 1632,600"/>
                <TextEquiv>
                    <Unicode>τω θω διά τῆς χάριτος γενησόμενον ἔσται.</Unicode>
                </TextEquiv>
            </TextLine>
            <TextLine id="r1l4" custom="readingOrder {index:1;}">
                <Coords points="393,760 644,695 717,733 984,707 1048,758 1121,711 1575,720 1575,659 1416,648 661,657 605,619 394,652"/>
                <Baseline points="401,708 459,704 517,701 576,698 634,696 692,695 751,693 809,693 867,693 926,693 984,695 1042,695 1101,696 1159,698 1217,699 1276,701 1334,702 1392,704 1451,706 1509,707 1568,708"/>
                <TextEquiv>
                    <Unicode>ωσπερ πρό τῆς ἐμφανοῦς καί κατά </Unicode>
                </TextEquiv>
            </TextLine>
            <TextLine id="r1l5" custom="readingOrder {index:2;}">
                <Coords points="433,825 587,796 1566,825 1549,745 783,755 685,710 522,749 435,713"/>
                <Baseline points="441,792 496,791 552,789 608,788 664,788 720,788 776,788 832,788 888,788 944,789 1000,791 1055,791 1111,792 1167,795 1223,796 1279,798 1335,800 1391,801 1447,803 1503,806 1559,807"/>
                <TextEquiv>
                    <Unicode>σάρκα παρουσίας νοητῶς ὁ τοῦ θῦ </Unicode>
                </TextEquiv>
            </TextLine>
            <TextLine id="r1l7" custom="readingOrder {index:3;}">
                <Coords points="413,941 582,900 1457,935 1564,915 1564,857 1330,828 413,861"/>
                <Baseline points="420,908 476,903 533,899 590,896 647,894 704,893 760,891 817,891 874,891 931,891 988,893 1044,893 1101,894 1158,895 1215,896 1272,897 1328,899 1385,899 1442,900 1499,900 1556,900"/>
                <TextEquiv>
                    <Unicode>Λόγος τοῖς πριάρχαις καί προφήταις</Unicode>
                </TextEquiv>
            </TextLine>
            <TextLine id="r1l8" custom="readingOrder {index:4;}">
                <Coords points="442,1023 601,996 816,1044 1042,1002 1445,1040 1577,1030 1578,963 852,962 741,922 653,962 572,921 443,960"/>
                <Baseline points="450,1004 508,1002 567,1001 626,999 685,999 744,999 803,999 862,999 921,999 980,1001 1038,1001 1097,1002 1156,1003 1215,1005 1274,1005 1333,1007 1392,1008 1451,1010 1510,1011 1569,1013"/>
                <TextEquiv>
                    <Unicode>ἐνεδήμει, προτυπῶν τά μυστήρια </Unicode>
                </TextEquiv>
            </TextLine>
            <TextLine id="r1l9" custom="readingOrder {index:5;}">
                <Coords points="448,1118 1571,1121 1571,1080 1456,1039 1364,1068 448,1035"/>
                <Baseline points="456,1098 511,1098 566,1098 622,1098 677,1097 732,1098 788,1098 843,1098 898,1098 954,1100 1009,1100 1064,1100 1120,1101 1175,1102 1230,1103 1286,1103 1341,1104 1396,1104 1452,1104 1507,1106 1563,1106"/>
                <TextEquiv>
                    <Unicode>τῆς αὐτοῦ παρουσίας οὕτω καί με</Unicode>
                </TextEquiv>
            </TextLine>
            <TextLine id="r1l10" custom="readingOrder {index:6;}">
                <Coords points="440,1219 1480,1239 1557,1212 1558,1154 1445,1162 1398,1127 1154,1162 1054,1122 834,1156 724,1109 608,1154 441,1152"/>
                <Baseline points="447,1194 502,1194 557,1194 612,1194 667,1194 722,1194 777,1194 833,1194 888,1196 943,1196 998,1196 1053,1197 1108,1197 1163,1199 1219,1199 1274,1200 1329,1200 1384,1201 1439,1202 1494,1202 1550,1203"/>
                <TextEquiv>
                    <Unicode>τά ταύτην τήν ἐνδημίαν, οὐ μόνον </Unicode>
                </TextEquiv>
            </TextLine>
            <TextLine id="r1l11" custom="readingOrder {index:7;}">
                <Coords points="433,1332 755,1290 1027,1346 1096,1311 1259,1348 1359,1304 1510,1334 1510,1263 1200,1261 1111,1216 976,1262 433,1260"/>
                <Baseline points="440,1310 493,1307 546,1305 599,1304 652,1302 705,1302 758,1301 812,1301 865,1301 918,1302 971,1302 1024,1304 1077,1304 1130,1305 1184,1305 1237,1307 1290,1308 1343,1308 1396,1308 1449,1310 1503,1310"/>
                <TextEquiv>
                    <Unicode>ἐν τοῖς νηπίοις ἔτι παραγίνεται, </Unicode>
                </TextEquiv>
            </TextLine>
            <TextLine id="r1l12" custom="readingOrder {index:8;}">
                <Coords points="428,1411 1504,1445 1529,1370 1402,1338 1136,1368 429,1341"/>
                <Baseline points="435,1394 489,1395 543,1397 597,1397 652,1398 706,1398 760,1398 815,1398 869,1398 923,1398 978,1398 1032,1400 1086,1400 1140,1401 1195,1402 1249,1403 1303,1406 1358,1408 1412,1412 1466,1415 1521,1419"/>
                <TextEquiv>
                    <Unicode>διατρέφων πνικῶς καί ἄγων πρός </Unicode>
                </TextEquiv>
            </TextLine>
            <TextLine id="r1l13" custom="readingOrder {index:9;}">
                <Coords points="445,1513 1111,1505 1200,1543 1434,1507 1552,1572 1611,1536 1612,1459 1303,1461 1143,1415 942,1463 595,1461 538,1428 445,1458"/>
                <Baseline points="452,1497 509,1497 567,1497 624,1497 682,1497 740,1497 797,1497 855,1497 912,1497 970,1497 1028,1499 1085,1499 1143,1500 1200,1500 1258,1502 1316,1503 1373,1505 1431,1506 1488,1508 1546,1511 1604,1512"/>
                <TextEquiv>
                    <Unicode>ἡλικίαν τῆς κατά θν τελειότητος </Unicode>
                </TextEquiv>
            </TextLine>
            <TextLine id="r1l14" custom="readingOrder {index:10;}">
                <Coords points="451,1618 516,1651 618,1602 966,1613 1013,1648 1088,1615 1579,1642 1580,1569 1419,1533 1199,1558 1135,1517 995,1523 758,1562 453,1528"/>
                <Baseline points="459,1593 514,1593 570,1595 625,1595 681,1596 737,1596 792,1598 848,1598 904,1598 959,1599 1015,1599 1071,1601 1126,1601 1182,1603 1238,1604 1293,1607 1349,1608 1405,1611 1460,1613 1516,1617 1572,1620"/>
                <TextEquiv>
                    <Unicode>ἀλλά καί ἐν τοῖς τελείοις, προδιαγρά</Unicode>
                </TextEquiv>
            </TextLine>
            <TextLine id="r1l15" custom="readingOrder {index:11;}">
                <Coords points="438,1741 629,1705 924,1757 1332,1719 1398,1759 1570,1733 1572,1647 1441,1681 1319,1631 1263,1673 440,1635"/>
                <Baseline points="447,1695 502,1697 558,1697 614,1698 670,1698 726,1700 781,1701 837,1701 893,1703 949,1704 1005,1706 1060,1707 1116,1709 1172,1710 1228,1710 1284,1712 1339,1713 1395,1714 1451,1715 1507,1716 1563,1716"/>
                <TextEquiv>
                    <Unicode>φων αὐτοῖς κρυφίως τῆς μελλούσς</Unicode>
                </TextEquiv>
            </TextLine>
            <TextLine id="r1l16" custom="readingOrder {index:12;}">
                <Coords points="439,1812 1415,1850 1528,1827 1530,1740 1412,1783 759,1764 668,1727 440,1770"/>
                <Baseline points="447,1802 500,1802 554,1800 608,1802 661,1802 715,1803 769,1805 822,1806 876,1808 930,1810 984,1812 1037,1814 1091,1816 1145,1818 1198,1820 1252,1821 1306,1823 1359,1823 1413,1823 1467,1823 1521,1821"/>
                <TextEquiv>
                    <Unicode>αὐτοῦ παρουσίας ὡς ἐν εἰκόνι τούς </Unicode>
                </TextEquiv>
            </TextLine>
            <TextLine id="r1l17" custom="readingOrder {index:13;}">
                <Coords points="358,1924 567,1939 629,1906 671,1926 717,1911 748,1936 812,1932 886,1917 886,1871 814,1849 785,1872 688,1868 621,1833 498,1834 461,1809 357,1884"/>
                <Baseline points="365,1920 390,1915 416,1912 441,1908 467,1906 493,1903 518,1902 544,1901 570,1901 595,1901 621,1901 647,1901 672,1902 698,1902 724,1904 749,1904 775,1905 801,1907 826,1908 852,1908 878,1908"/>
                <TextEquiv>
                    <Unicode>χαρακτῆρας.</Unicode>
                </TextEquiv>
            </TextLine>
            <TextLine id="r1l21" custom="readingOrder {index:14;}">
                <Coords points="351,2054 683,2007 867,2046 972,2019 1043,2065 1232,2031 1494,2056 1533,1996 354,1943"/>
                <Baseline points="360,2003 506,2004 560,2006 613,2006 667,2007 720,2009 774,2010 827,2012 881,2014 934,2015 988,2018 1042,2020 1095,2022 1149,2025 1202,2027 1256,2028 1309,2031 1363,2033 1416,2033 1470,2036 1524,2036"/>
                <TextEquiv>
                    <Unicode> ωσπερ οἱ τοῦ νόμου καί τῶν προφητῶν λόγοι, πρό</Unicode>
                </TextEquiv>
            </TextLine>
            <TextLine id="r1l22" custom="readingOrder {index:15;}">
                <Coords points="429,2126 1496,2153 1562,2133 1565,2036 1450,2089 1293,2092 1116,2047 432,2025"/>
                <Baseline points="437,2091 492,2095 548,2099 604,2102 660,2105 716,2108 772,2111 827,2112 883,2115 939,2117 995,2118 1051,2120 1107,2121 1163,2123 1218,2124 1274,2124 1330,2126 1386,2127 1442,2127 1498,2129 1554,2129"/>
                <TextEquiv>
                    <Unicode>δρομοι τυγχάνοντες τῆς κατά σάρκα </Unicode>
                </TextEquiv>
            </TextLine>
            <TextLine id="r1l23" custom="readingOrder {index:16;}">
                <Coords points="426,2229 1234,2233 1548,2299 1553,2156 1510,2144 1330,2196 429,2143"/>
                <Baseline points="435,2196 490,2200 545,2203 601,2205 656,2208 711,2211 767,2213 822,2215 877,2217 933,2219 988,2220 1043,2222 1099,2223 1154,2225 1209,2226 1265,2228 1320,2230 1375,2231 1431,2233 1486,2235 1542,2237"/>
                <TextEquiv>
                    <Unicode>τοῦ λόγου παρουσίας τάς ψυχάς </Unicode>
                </TextEquiv>
            </TextLine>
            <TextLine id="r1l24" custom="readingOrder {index:17;}">
                <Coords points="445,2321 513,2354 732,2317 855,2360 993,2331 1426,2374 1478,2341 1539,2369 1541,2300 952,2289 823,2249 550,2278 447,2237"/>
                <Baseline points="453,2309 507,2310 561,2313 615,2315 669,2316 723,2318 777,2320 831,2321 885,2324 939,2324 993,2326 1047,2327 1101,2328 1155,2330 1209,2331 1263,2333 1317,2333 1371,2334 1425,2336 1479,2336 1533,2337"/>
                <TextEquiv>
                    <Unicode>εἰς χν ἐπαιδαγώγουν οὕτω καί αὐ</Unicode>
                </TextEquiv>
            </TextLine>
            <TextLine id="r1l25" custom="readingOrder {index:18;}">
                <Coords points="442,2410 910,2434 956,2472 1165,2436 1561,2457 1563,2391 1502,2365 1381,2385 1210,2349 987,2390 810,2334 444,2343"/>
                <Baseline points="450,2400 505,2403 560,2406 615,2409 670,2411 726,2414 781,2415 836,2418 891,2420 946,2421 1002,2424 1057,2426 1112,2427 1167,2429 1222,2432 1278,2433 1333,2435 1388,2436 1443,2438 1498,2441 1554,2442"/>
                <TextEquiv>
                    <Unicode>τός ὁ δεδοξασμένος τοῦ θῦ λόγος σαρ</Unicode>
                </TextEquiv>
            </TextLine>
            <TextLine id="r1l26" custom="readingOrder {index:19;}">
                <Coords points="433,2520 741,2558 800,2516 866,2560 1019,2535 1225,2571 1543,2537 1527,2495 1228,2494 1135,2445 776,2486 435,2458"/>
                <Baseline points="441,2505 495,2507 550,2510 605,2512 660,2515 714,2517 769,2519 824,2521 879,2523 933,2525 988,2526 1043,2528 1098,2529 1152,2531 1207,2532 1262,2534 1317,2534 1371,2535 1426,2537 1481,2537 1536,2537"/>
                <TextEquiv>
                    <Unicode>κωθείς, πρόδρομος τῆς πνικῆς αὐ</Unicode>
                </TextEquiv>
            </TextLine>
            <TextLine id="r1l27" custom="readingOrder {index:20;}">
                <Coords points="449,2662 822,2649 974,2685 1030,2654 1138,2708 1225,2666 1301,2701 1528,2666 1530,2610 1387,2606 1335,2566 1243,2606 1174,2553 1068,2601 941,2552 821,2596 453,2543"/>
                <Baseline points="458,2610 511,2616 564,2621 617,2625 670,2629 723,2633 776,2635 830,2637 883,2639 936,2640 989,2642 1042,2643 1095,2643 1148,2645 1202,2645 1255,2645 1308,2646 1361,2646 1414,2648 1467,2648 1521,2649"/>
                <TextEquiv>
                    <Unicode>τοῦ παρουσίας γεγένηται• παιδαγωγῶν </Unicode>
                </TextEquiv>
            </TextLine>
            <TextEquiv>
                <Unicode>τω θω διά τῆς χάριτος γενησόμενον ἔσται.&#13;
ωσπερ πρό τῆς ἐμφανοῦς καί κατά &#13;
σάρκα παρουσίας νοητῶς ὁ τοῦ θῦ &#13;
Λόγος τοῖς πριάρχαις καί προφήταις&#13;
ἐνεδήμει, προτυπῶν τά μυστήρια &#13;
τῆς αὐτοῦ παρουσίας οὕτω καί με&#13;
τά ταύτην τήν ἐνδημίαν, οὐ μόνον &#13;
ἐν τοῖς νηπίοις ἔτι παραγίνεται, &#13;
διατρέφων πνικῶς καί ἄγων πρός &#13;
ἡλικίαν τῆς κατά θν τελειότητος &#13;
ἀλλά καί ἐν τοῖς τελείοις, προδιαγρά&#13;
φων αὐτοῖς κρυφίως τῆς μελλούσς&#13;
αὐτοῦ παρουσίας ὡς ἐν εἰκόνι τούς &#13;
χαρακτῆρας.&#13;
 ωσπερ οἱ τοῦ νόμου καί τῶν προφητῶν λόγοι, πρό&#13;
δρομοι τυγχάνοντες τῆς κατά σάρκα &#13;
τοῦ λόγου παρουσίας τάς ψυχάς &#13;
εἰς χν ἐπαιδαγώγουν οὕτω καί αὐ&#13;
τός ὁ δεδοξασμένος τοῦ θῦ λόγος σαρ&#13;
κωθείς, πρόδρομος τῆς πνικῆς αὐ&#13;
τοῦ παρουσίας γεγένηται• παιδαγωγῶν </Unicode>
            </TextEquiv>
        </TextRegion>
        <TextRegion orientation="0.0" id="r2" custom="readingOrder {index:1;}">
            <Coords points="1683,1939 1683,2105 1799,2105 1799,1939"/>
            <TextEquiv>
                <Unicode></Unicode>
            </TextEquiv>
        </TextRegion>
        <TextRegion orientation="0.0" id="r3" custom="readingOrder {index:2;}">
            <Coords points="1682,639 1682,805 1809,805 1809,639"/>
            <TextEquiv>
                <Unicode></Unicode>
            </TextEquiv>
        </TextRegion>
    </Page>
</PcGts>
