<?xml version="1.0" encoding="UTF-8" standalone="yes"?>
<PcGts xmlns="http://schema.primaresearch.org/PAGE/gts/pagecontent/2013-07-15" xmlns:xsi="http://www.w3.org/2001/XMLSchema-instance" xsi:schemaLocation="http://schema.primaresearch.org/PAGE/gts/pagecontent/2013-07-15 http://schema.primaresearch.org/PAGE/gts/pagecontent/2013-07-15/pagecontent.xsd">
    <Metadata>
        <Creator>prov=University of Rostock/Institute of Mathematics/CITlab|PLANET AI GmbH/Gundram Leifert/gundram.leifert@planet-ai.de:name=HPGTR(htr_id=41125)::::v=2.6.7
prov=University of Rostock/Institute of Mathematics/CITlab|PLANET AI GmbH/Tobias Gruening/tobias.gruening@planet-ai.de:name=de.uros.citlab.module.baseline2polygon.B2PSeamMultiOriented:v=2.6.7
prov=University of Rostock/Institute of Mathematics/CITlab|PLANET AI GmbH/Tobias Gruening/tobias.gruening@planet-ai.de:name=/net_tf/LA73_249_0mod360.pb:de.uros.citlab.segmentation.CITlab_LA_ML:v=2.6.7
Transkribus</Creator>
        <Created>2021-09-19T17:37:22.751+03:00</Created>
        <LastChange>2023-06-04T19:28:25.189+02:00</LastChange>
        <TranskribusMetadata docId="1458633" pageId="56018957" pageNr="43" tsid="125671022" status="IN_PROGRESS" userId="99263" imgUrl="https://files.transkribus.eu/Get?id=MMERXMRLWAAOMCPSKBKPUHZR&amp;fileType=view" xmlUrl="https://files.transkribus.eu/Get?id=POBPONGDYQYAHWPQMJNOUUHQ" imageId="23265838"/>
    </Metadata>
    <Page imageFilename="0043_73 Bodleian-Library-MS-Barocci-59_00078_fol-43v.jpg" imageWidth="2494" imageHeight="3325">
        <ReadingOrder>
            <OrderedGroup id="ro_1686139446867" caption="Regions reading order">
                <RegionRefIndexed index="0" regionRef="r1"/>
                <RegionRefIndexed index="1" regionRef="r2"/>
            </OrderedGroup>
        </ReadingOrder>
        <TextRegion orientation="0.0" id="r1" custom="readingOrder {index:0;}">
            <Coords points="626,2255 626,2422 902,2422 902,2255"/>
            <TextEquiv>
                <Unicode></Unicode>
            </TextEquiv>
        </TextRegion>
        <TextRegion orientation="0.0" id="r2" custom="readingOrder {index:1;}">
            <Coords points="809,484 809,2654 2091,2654 2091,484"/>
            <TextLine id="r2l3" custom="readingOrder {index:0;}">
                <Coords points="905,609 1139,648 1358,594 1537,623 1574,589 1707,619 1834,588 1987,623 2032,609 2032,537 1442,518 1393,546 1308,489 1232,547 1104,501 1007,557 905,552"/>
                <Baseline points="912,593 967,593 1023,591 1078,591 1134,591 1190,591 1245,590 1301,590 1357,590 1412,590 1468,588 1524,588 1579,588 1635,588 1691,588 1746,588 1802,590 1858,590 1913,591 1969,591 2025,593"/>
                <TextEquiv>
                    <Unicode>τάς ψυχάς διά τῶν οἰκείων λόγων, πρός</Unicode>
                </TextEquiv>
            </TextLine>
            <TextLine id="r2l4" custom="readingOrder {index:1;}">
                <Coords points="905,716 1143,744 1382,707 1537,760 1675,699 1745,732 1777,700 2076,695 2075,644 1994,632 904,659"/>
                <Baseline points="912,713 969,710 1027,708 1085,707 1143,705 1201,704 1259,702 1316,702 1374,701 1432,700 1490,699 1548,698 1606,698 1664,696 1721,696 1779,695 1837,695 1895,693 1953,693 2011,692 2069,692"/>
                <TextEquiv>
                    <Unicode>ὑποδοχήν τῆς ἐμφανοῦς αὐτοῦ θε</Unicode>
                </TextEquiv>
            </TextLine>
            <TextLine id="r2l5" custom="readingOrder {index:2;}">
                <Coords points="901,817 1815,797 2060,830 2039,710 1954,744 1626,714 1532,759 1112,763 900,716"/>
                <Baseline points="908,810 965,807 1022,804 1079,801 1136,799 1194,797 1251,795 1308,794 1365,794 1422,794 1480,792 1537,792 1594,792 1651,792 1708,792 1766,792 1823,792 1880,792 1937,791 1994,791 2052,789"/>
                <TextEquiv>
                    <Unicode>ϊκῆς παρουσίας• ἥν ἀεί μέν ποιεῖται, </Unicode>
                </TextEquiv>
            </TextLine>
            <TextLine id="r2l6" custom="readingOrder {index:3;}">
                <Coords points="906,920 2059,902 2059,831 1813,854 1632,817 1572,858 1344,816 1196,856 906,823"/>
                <Baseline points="914,899 970,897 1027,896 1084,895 1141,894 1198,893 1255,893 1311,893 1368,893 1425,893 1482,893 1539,893 1596,893 1653,893 1709,893 1766,893 1823,893 1880,894 1937,894 1994,893 2051,893"/>
                <TextEquiv>
                    <Unicode>μεταβάλλων ἀπό τῆς σαρκός πρός </Unicode>
                </TextEquiv>
            </TextLine>
            <TextLine id="r2l7" custom="readingOrder {index:4;}">
                <Coords points="922,1031 1861,1003 1973,1052 2061,1003 2061,963 1954,908 1822,962 1359,904 1293,959 1167,930 1055,965 921,918"/>
                <Baseline points="929,1011 985,1009 1041,1007 1097,1005 1154,1004 1210,1002 1266,1001 1322,999 1379,999 1435,998 1491,998 1547,998 1604,998 1660,998 1716,998 1772,998 1829,998 1885,998 1941,999 1997,999 2054,1001"/>
                <TextEquiv>
                    <Unicode>τό πνα διά τῶν ἀρετῶν τούς ἀξίους• </Unicode>
                </TextEquiv>
            </TextLine>
            <TextLine id="r2l8" custom="readingOrder {index:5;}">
                <Coords points="933,1115 1319,1138 1514,1100 1553,1133 1610,1102 2012,1112 2068,1077 2022,1032 1697,1061 1399,1009 932,1053"/>
                <Baseline points="941,1110 999,1107 1058,1106 1117,1104 1176,1103 1235,1101 1294,1100 1353,1100 1412,1098 1471,1098 1529,1098 1588,1098 1647,1098 1706,1098 1765,1098 1824,1098 1883,1098 1942,1100 2001,1100 2060,1100"/>
                <TextEquiv>
                    <Unicode>ποιήσει δέ καί ἐπί τέλει τοῦ αἰῶνος, ἐ</Unicode>
                </TextEquiv>
            </TextLine>
            <TextLine id="r2l9" custom="readingOrder {index:6;}">
                <Coords points="895,1212 1350,1200 1469,1241 1667,1198 2080,1208 2079,1117 1899,1100 1677,1153 1584,1120 1481,1158 1414,1119 1263,1157 1215,1115 1147,1157 895,1146"/>
                <Baseline points="903,1200 961,1199 1019,1197 1078,1197 1136,1196 1195,1196 1253,1196 1312,1196 1370,1196 1429,1196 1487,1196 1545,1196 1604,1196 1662,1196 1721,1196 1779,1196 1838,1196 1896,1196 1955,1196 2013,1196 2072,1196"/>
                <TextEquiv>
                    <Unicode>μφανῶς ἀποκαλύπτων τά τέως πᾶσιν</Unicode>
                </TextEquiv>
            </TextLine>
            <TextLine id="r2l10" custom="readingOrder {index:7;}">
                <Coords points="803,1339 870,1324 916,1343 1028,1311 1131,1328 1228,1307 1283,1330 1379,1313 1386,1216 1325,1210 1270,1257 1213,1264 980,1261 895,1216 798,1236"/>
                <Baseline points="809,1328 837,1323 866,1319 895,1316 923,1313 952,1311 981,1308 1009,1307 1038,1305 1067,1305 1096,1304 1124,1304 1153,1302 1182,1302 1210,1302 1239,1301 1268,1301 1296,1300 1325,1299 1354,1298 1383,1296"/>
                <TextEquiv>
                    <Unicode>ἀπόρρητα</Unicode>
                </TextEquiv>
            </TextLine>
            <TextLine id="r2l13" custom="readingOrder {index:8;}">
                <Coords points="861,1445 1145,1407 1255,1439 1334,1404 1423,1436 2065,1410 2064,1351 1701,1357 1543,1308 1477,1350 1376,1311 1285,1368 1202,1319 1157,1359 951,1319 860,1355"/>
                <Baseline points="869,1421 928,1416 987,1411 1047,1409 1106,1405 1166,1403 1225,1401 1284,1400 1344,1398 1403,1398 1463,1397 1522,1397 1581,1397 1641,1397 1700,1397 1760,1397 1819,1397 1878,1397 1938,1397 1997,1396 2057,1395"/>
                <TextEquiv>
                    <Unicode>Ὅσον ἐγώ εἰμι ἀτελής κ ἀνυπότακτος, μή ὑπα</Unicode>
                </TextEquiv>
            </TextLine>
            <TextLine id="r2l14" custom="readingOrder {index:9;}">
                <Coords points="914,1512 2014,1522 2055,1501 2055,1424 1825,1459 1642,1417 1454,1457 1331,1406 1235,1455 914,1453"/>
                <Baseline points="921,1502 977,1500 1033,1499 1090,1497 1146,1496 1202,1496 1259,1496 1315,1496 1371,1495 1428,1496 1484,1496 1540,1496 1597,1496 1653,1496 1709,1496 1766,1497 1822,1497 1878,1497 1935,1497 1991,1496 2048,1496"/>
                <TextEquiv>
                    <Unicode>κούων τοῦ θῦ διά τῆς ἐργασίας τῶν </Unicode>
                </TextEquiv>
            </TextLine>
            <TextLine id="r2l15" custom="readingOrder {index:10;}">
                <Coords points="918,1624 1599,1586 1735,1622 2059,1606 2025,1524 917,1555"/>
                <Baseline points="926,1616 982,1611 1038,1607 1094,1604 1151,1601 1207,1599 1263,1596 1319,1595 1376,1594 1432,1593 1488,1593 1544,1592 1601,1592 1657,1592 1713,1592 1769,1592 1826,1593 1882,1593 1938,1593 1994,1593 2051,1593"/>
                <TextEquiv>
                    <Unicode>ἐντολῶν• μήτε γινόμενος κατά</Unicode>
                </TextEquiv>
            </TextLine>
            <TextLine id="r2l16" custom="readingOrder {index:11;}">
                <Coords points="928,1721 1495,1737 1551,1702 1740,1739 2073,1703 2072,1655 1978,1626 1666,1663 1359,1630 1188,1662 1093,1626 1022,1673 927,1665"/>
                <Baseline points="935,1713 991,1710 1048,1709 1104,1707 1161,1706 1217,1704 1274,1704 1330,1703 1387,1703 1443,1701 1500,1701 1557,1701 1613,1700 1670,1700 1726,1700 1783,1700 1839,1700 1896,1698 1952,1698 2009,1698 2066,1697"/>
                <TextEquiv>
                    <Unicode> τήν γνῶσιν τέλειος ταῖς φρεσίν ἀ</Unicode>
                </TextEquiv>
            </TextLine>
            <TextLine id="r2l17" custom="readingOrder {index:12;}">
                <Coords points="916,1834 1983,1827 2069,1776 1768,1739 1674,1767 915,1744"/>
                <Baseline points="924,1812 980,1811 1037,1810 1094,1809 1151,1808 1208,1806 1265,1806 1321,1805 1378,1805 1435,1805 1492,1805 1549,1803 1606,1803 1663,1803 1719,1803 1776,1803 1833,1803 1890,1803 1947,1803 2004,1803 2061,1803"/>
                <TextEquiv>
                    <Unicode>τελής καί ἀνυπόκτατος τό κατ᾿ ἐμέ </Unicode>
                </TextEquiv>
            </TextLine>
            <TextLine id="r2l18" custom="readingOrder {index:13;}">
                <Coords points="913,1949 2066,1914 2065,1863 1900,1827 1804,1865 1478,1870 1323,1823 912,1864"/>
                <Baseline points="921,1917 977,1916 1034,1914 1091,1914 1148,1913 1205,1911 1262,1910 1318,1910 1375,1908 1432,1908 1489,1908 1546,1907 1603,1907 1660,1905 1716,1905 1773,1904 1830,1904 1887,1904 1944,1904 2001,1902 2058,1902"/>
                <TextEquiv>
                    <Unicode>κ χς νομίζεται δι᾿ ἐμέ• μειῶ γάρ αὐτόν </Unicode>
                </TextEquiv>
            </TextLine>
            <TextLine id="r2l19" custom="readingOrder {index:14;}">
                <Coords points="918,2070 1304,2012 2060,2030 2073,1924 1961,1967 1423,1944 916,1983"/>
                <Baseline points="924,2025 981,2022 1038,2020 1095,2018 1152,2016 1209,2015 1266,2013 1324,2013 1381,2012 1438,2011 1495,2010 1552,2010 1609,2009 1666,2009 1724,2007 1781,2007 1838,2006 1895,2006 1952,2004 2009,2003 2067,2001"/>
                <TextEquiv>
                    <Unicode>καί κολοβῶ, μή συναυξάνων αὐτω κα</Unicode>
                </TextEquiv>
            </TextLine>
            <TextLine id="r2l20" custom="readingOrder {index:15;}">
                <Coords points="920,2135 1396,2116 1500,2159 1565,2105 1665,2150 1846,2108 1984,2127 2059,2102 2058,2027 1901,2067 1684,2018 1572,2071 1432,2037 1384,2072 919,2077"/>
                <Baseline points="927,2121 983,2118 1039,2117 1095,2115 1151,2112 1208,2112 1264,2111 1320,2111 1376,2109 1432,2109 1489,2109 1545,2109 1601,2108 1657,2108 1713,2108 1770,2106 1826,2105 1882,2103 1938,2101 1994,2099 2051,2096"/>
                <TextEquiv>
                    <Unicode>τά πνα, ὡς σῶμα Χριστοῦ τυγχάνων καί </Unicode>
                </TextEquiv>
            </TextLine>
            <TextLine id="r2l22" custom="readingOrder {index:16;}">
                <Coords points="917,2269 1236,2219 1336,2249 1410,2215 1519,2248 1565,2239 1563,2159 1029,2181 970,2136 913,2130"/>
                <Baseline points="923,2219 954,2220 986,2222 1018,2222 1049,2222 1081,2222 1113,2222 1144,2220 1176,2219 1208,2219 1240,2216 1271,2215 1303,2213 1335,2211 1366,2210 1398,2209 1430,2207 1461,2207 1493,2206 1525,2205 1557,2205"/>
                <TextEquiv>
                    <Unicode>μέλη ἐκ μέρους</Unicode>
                </TextEquiv>
            </TextLine>
            <TextLine id="r2l24" custom="readingOrder {index:17;}">
                <Coords points="845,2374 981,2331 1102,2374 1228,2323 1483,2315 1962,2355 2060,2302 2034,2264 1653,2244 1017,2288 842,2219"/>
                <Baseline points="852,2335 988,2330 1044,2327 1100,2325 1156,2323 1212,2321 1268,2320 1324,2318 1380,2318 1436,2316 1492,2315 1548,2315 1604,2314 1660,2313 1716,2313 1772,2312 1828,2312 1884,2312 1940,2312 1996,2310 2052,2310"/>
                <TextEquiv>
                    <Unicode> ανατέλλει ὁ ἥλιος, καί δύνει ὁ ἥλιος, φησίν </Unicode>
                </TextEquiv>
            </TextLine>
            <TextLine id="r2l25" custom="readingOrder {index:18;}">
                <Coords points="925,2448 1495,2413 1997,2436 2091,2407 2091,2342 1980,2368 1672,2330 1379,2378 1017,2348 925,2388"/>
                <Baseline points="933,2424 990,2421 1048,2420 1105,2417 1163,2417 1220,2415 1278,2415 1335,2414 1393,2414 1450,2414 1508,2414 1566,2414 1623,2412 1681,2412 1738,2412 1796,2412 1853,2411 1911,2411 1968,2409 2026,2408 2084,2406"/>
                <TextEquiv>
                    <Unicode>ἡ γραφή. οὐκοῦν καί ὁ λόγος, ποτέ </Unicode>
                </TextEquiv>
            </TextLine>
            <TextLine id="r2l26" custom="readingOrder {index:19;}">
                <Coords points="913,2530 1586,2554 2099,2489 1979,2426 1843,2476 1802,2442 1408,2477 1319,2435 1217,2482 912,2476"/>
                <Baseline points="920,2523 978,2523 1037,2523 1095,2523 1154,2523 1212,2522 1271,2522 1329,2520 1388,2520 1446,2519 1505,2517 1564,2517 1622,2516 1681,2514 1739,2513 1798,2511 1856,2510 1915,2510 1973,2508 2032,2507 2091,2507"/>
                <TextEquiv>
                    <Unicode>μέν νομίζεται ἄνω ποτέ δέ κάτω</Unicode>
                </TextEquiv>
            </TextLine>
            <TextLine id="r2l27" custom="readingOrder {index:20;}">
                <Coords points="915,2647 1288,2666 1336,2706 1476,2635 1625,2672 1816,2648 1878,2687 1934,2638 2086,2633 2086,2592 1802,2559 1607,2591 1479,2543 1367,2588 1284,2542 1233,2590 914,2538"/>
                <Baseline points="923,2633 980,2633 1038,2633 1096,2633 1154,2633 1211,2631 1269,2631 1327,2630 1385,2630 1442,2630 1500,2628 1558,2628 1616,2627 1673,2627 1731,2627 1789,2627 1847,2627 1904,2627 1962,2628 2020,2628 2078,2630"/>
                <TextEquiv>
                    <Unicode>κατά τήν ἀξίαν δηλονότι καί αὐτόν </Unicode>
                </TextEquiv>
            </TextLine>
            <TextEquiv>
                <Unicode>τάς ψυχάς διά τῶν οἰκείων λόγων, πρός&#13;
ὑποδοχήν τῆς ἐμφανοῦς αὐτοῦ θε&#13;
ϊκῆς παρουσίας• ἥν ἀεί μέν ποιεῖται, &#13;
μεταβάλλων ἀπό τῆς σαρκός πρός &#13;
τό πνα διά τῶν ἀρετῶν τούς ἀξίους• &#13;
ποιήσει δέ καί ἐπί τέλει τοῦ αἰῶνος, ἐ&#13;
μφανῶς ἀποκαλύπτων τά τέως πᾶσιν&#13;
ἀπόρρητα&#13;
Ὅσον ἐγώ εἰμι ἀτελής κ ἀνυπότακτος, μή ὑπα&#13;
κούων τοῦ θῦ διά τῆς ἐργασίας τῶν &#13;
ἐντολῶν• μήτε γινόμενος κατά&#13;
 τήν γνῶσιν τέλειος ταῖς φρεσίν ἀ&#13;
τελής καί ἀνυπόκτατος τό κατ᾿ ἐμέ &#13;
κ χς νομίζεται δι᾿ ἐμέ• μειῶ γάρ αὐτόν &#13;
καί κολοβῶ, μή συναυξάνων αὐτω κα&#13;
τά πνα, ὡς σῶμα Χριστοῦ τυγχάνων καί &#13;
μέλη ἐκ μέρους&#13;
 ανατέλλει ὁ ἥλιος, καί δύνει ὁ ἥλιος, φησίν &#13;
ἡ γραφή. οὐκοῦν καί ὁ λόγος, ποτέ &#13;
μέν νομίζεται ἄνω ποτέ δέ κάτω&#13;
κατά τήν ἀξίαν δηλονότι καί αὐτόν </Unicode>
            </TextEquiv>
        </TextRegion>
    </Page>
</PcGts>
