<?xml version="1.0" encoding="UTF-8" standalone="yes"?>
<PcGts xmlns="http://schema.primaresearch.org/PAGE/gts/pagecontent/2013-07-15" xmlns:xsi="http://www.w3.org/2001/XMLSchema-instance" xsi:schemaLocation="http://schema.primaresearch.org/PAGE/gts/pagecontent/2013-07-15 http://schema.primaresearch.org/PAGE/gts/pagecontent/2013-07-15/pagecontent.xsd">
    <Metadata>
        <Creator>prov=University of Rostock/Institute of Mathematics/CITlab|PLANET AI GmbH/Gundram Leifert/gundram.leifert@planet-ai.de:name=HPGTR(htr_id=41125)::::v=2.6.7
prov=University of Rostock/Institute of Mathematics/CITlab|PLANET AI GmbH/Tobias Gruening/tobias.gruening@planet-ai.de:name=de.uros.citlab.module.baseline2polygon.B2PSeamMultiOriented:v=2.6.7
prov=University of Rostock/Institute of Mathematics/CITlab|PLANET AI GmbH/Tobias Gruening/tobias.gruening@planet-ai.de:name=/net_tf/LA73_249_0mod360.pb:de.uros.citlab.segmentation.CITlab_LA_ML:v=2.6.7
Transkribus</Creator>
        <Created>2021-09-19T17:37:22.888+03:00</Created>
        <LastChange>2023-06-04T19:33:25.908+02:00</LastChange>
        <TranskribusMetadata docId="1458633" pageId="56018958" pageNr="44" tsid="125671038" status="IN_PROGRESS" userId="99263" imgUrl="https://files.transkribus.eu/Get?id=JEKXEOQKLLBSTNJVNCGWIONN&amp;fileType=view" xmlUrl="https://files.transkribus.eu/Get?id=SKFRMBFXTMOGWBGVYOJGFYDG" imageId="23265839"/>
    </Metadata>
    <Page imageFilename="0044_74 Bodleian-Library-MS-Barocci-59_00079_fol-44r.jpg" imageWidth="2494" imageHeight="3325">
        <ReadingOrder>
            <OrderedGroup id="ro_1686139447019" caption="Regions reading order">
                <RegionRefIndexed index="0" regionRef="r1"/>
                <RegionRefIndexed index="1" regionRef="r2"/>
                <RegionRefIndexed index="2" regionRef="r3"/>
                <RegionRefIndexed index="3" regionRef="r4"/>
            </OrderedGroup>
        </ReadingOrder>
        <TextRegion orientation="0.0" id="r1" custom="readingOrder {index:0;}">
            <Coords points="375,1430 375,1580 405,1580 405,1430"/>
            <TextEquiv>
                <Unicode></Unicode>
            </TextEquiv>
        </TextRegion>
        <TextRegion orientation="0.0" id="r2" custom="readingOrder {index:1;}">
            <Coords points="413,541 413,2675 1593,2675 1593,541"/>
            <TextLine id="r2l1" custom="readingOrder {index:0;}">
                <Coords points="458,598 1230,593 1548,637 1592,627 1593,569 1282,516 910,537 807,481 672,545 459,530"/>
                <Baseline points="465,581 523,581 582,581 641,581 700,582 759,582 818,582 877,582 936,582 995,584 1053,584 1112,585 1171,586 1230,588 1289,590 1348,591 1407,594 1466,597 1525,600 1584,605"/>
                <TextEquiv>
                    <Unicode>τόν λόγον ἤ τόν τρόπον, τῶν μετερχομένων </Unicode>
                </TextEquiv>
            </TextLine>
            <TextLine id="r2l2" custom="readingOrder {index:1;}">
                <Coords points="439,712 738,730 819,690 918,727 1221,705 1398,744 1465,712 1564,747 1591,627 1478,677 1031,611 910,657 441,640"/>
                <Baseline points="447,695 503,695 560,693 617,693 673,693 730,693 787,693 843,695 900,696 957,696 1014,698 1070,700 1127,702 1184,704 1240,706 1297,708 1354,710 1410,713 1467,714 1524,717 1581,720"/>
                <TextEquiv>
                    <Unicode>τήν ἀρετήν καί περί τήν θείαν γνῶσιν.</Unicode>
                </TextEquiv>
            </TextLine>
            <TextLine id="r2l3" custom="readingOrder {index:2;}">
                <Coords points="439,809 965,801 1045,848 1097,803 1163,834 1291,806 1364,842 1544,805 1545,764 1491,730 1147,760 894,719 828,756 439,746"/>
                <Baseline points="446,800 500,797 555,795 609,794 664,792 718,791 773,791 827,789 882,791 936,791 991,791 1045,792 1100,794 1154,795 1209,797 1263,798 1318,800 1372,801 1427,803 1481,805 1536,807"/>
                <TextEquiv>
                    <Unicode>κινουμένων μακάριος δέ ὁ κρατῶν </Unicode>
                </TextEquiv>
            </TextLine>
            <TextLine id="r2l4" custom="readingOrder {index:3;}">
                <Coords points="429,913 984,898 1123,932 1195,893 1266,931 1395,903 1450,930 1568,915 1569,832 1286,860 1126,815 1038,859 957,804 788,851 715,800 556,856 430,819"/>
                <Baseline points="437,893 493,891 549,891 605,891 661,891 717,893 773,893 830,893 886,894 942,894 998,895 1054,896 1110,897 1166,897 1223,899 1279,899 1335,900 1391,902 1447,903 1503,903 1560,905"/>
                <TextEquiv>
                    <Unicode>ἄδυτον ἐν ἑαυτω, κατά τόν τοῦ ναυῆ </Unicode>
                </TextEquiv>
            </TextLine>
            <TextLine id="r2l6" custom="readingOrder {index:4;}">
                <Coords points="429,1032 549,1001 1065,1004 1126,1037 1365,1010 1477,1045 1570,1016 1570,967 1184,934 430,953"/>
                <Baseline points="437,996 493,996 549,996 605,996 662,996 718,996 774,998 830,998 887,999 943,999 999,1001 1055,1002 1112,1002 1168,1004 1224,1005 1280,1006 1337,1007 1393,1008 1449,1008 1505,1010 1562,1010"/>
                <TextEquiv>
                    <Unicode>Ἰησοῦν, τόν τῆς δικαιοσύνης ἥλιον• </Unicode>
                </TextEquiv>
            </TextLine>
            <TextLine id="r2l8" custom="readingOrder {index:5;}">
                <Coords points="433,1121 677,1098 814,1141 877,1105 1153,1102 1555,1150 1556,1069 1464,1034 1378,1070 1341,1041 1081,1066 810,1058 752,1019 434,1063"/>
                <Baseline points="441,1106 496,1103 551,1101 606,1100 662,1099 717,1098 772,1098 828,1098 883,1098 938,1098 994,1100 1049,1100 1104,1101 1159,1101 1215,1103 1270,1104 1325,1106 1381,1107 1436,1109 1491,1109 1547,1110"/>
                <TextEquiv>
                    <Unicode>ὅλον τό μέτρον τῆς κατά τήν παροῦ</Unicode>
                </TextEquiv>
            </TextLine>
            <TextLine id="r2l9" custom="readingOrder {index:6;}">
                <Coords points="435,1205 837,1197 885,1228 945,1192 1199,1232 1286,1199 1365,1232 1557,1210 1558,1153 1206,1158 1068,1114 996,1148 883,1105 776,1160 582,1109 436,1151"/>
                <Baseline points="443,1197 498,1196 553,1194 609,1193 664,1191 719,1191 775,1191 830,1191 885,1191 941,1191 996,1193 1051,1193 1107,1194 1162,1194 1217,1196 1273,1197 1328,1198 1383,1199 1439,1200 1494,1200 1550,1202"/>
                <TextEquiv>
                    <Unicode>σαν ζωήν ἡμέρας, κακίας ἑσπέρα </Unicode>
                </TextEquiv>
            </TextLine>
            <TextLine id="r2l11" custom="readingOrder {index:7;}">
                <Coords points="432,1346 713,1301 971,1341 1106,1305 1502,1338 1540,1326 1541,1262 1103,1264 929,1222 830,1264 433,1252"/>
                <Baseline points="440,1298 494,1298 549,1298 603,1299 658,1299 713,1299 767,1299 822,1298 877,1298 931,1298 986,1299 1041,1299 1095,1299 1150,1300 1205,1301 1259,1302 1314,1304 1369,1306 1423,1307 1478,1310 1533,1313"/>
                <TextEquiv>
                    <Unicode>κ ἀγνωσίας μή περιγραφόμενον ἵνα </Unicode>
                </TextEquiv>
            </TextLine>
            <TextLine id="r2l12" custom="readingOrder {index:8;}">
                <Coords points="426,1402 1053,1437 1387,1410 1484,1456 1601,1424 1603,1320 1476,1362 1268,1327 1128,1362 949,1327 426,1351"/>
                <Baseline points="434,1395 495,1395 556,1397 617,1397 678,1398 739,1398 800,1400 861,1400 922,1401 983,1401 1044,1403 1105,1404 1166,1404 1227,1406 1288,1406 1349,1407 1410,1409 1471,1410 1532,1412 1593,1413"/>
                <TextEquiv>
                    <Unicode>δυνηθη νομίμως τροπώσασθαι τούς</Unicode>
                </TextEquiv>
            </TextLine>
            <TextLine id="r2l13" custom="readingOrder {index:9;}">
                <Coords points="433,1510 740,1507 792,1539 1139,1502 1361,1543 1578,1514 1579,1427 1420,1471 434,1430"/>
                <Baseline points="440,1496 496,1496 553,1497 609,1497 666,1499 722,1499 779,1499 835,1500 892,1500 948,1501 1005,1502 1062,1502 1118,1502 1175,1503 1231,1503 1288,1503 1344,1505 1401,1505 1457,1505 1514,1506 1571,1506"/>
                <TextEquiv>
                    <Unicode> ἐπανισταμένους αὐτοῦ πνηρούς δαί</Unicode>
                </TextEquiv>
            </TextLine>
            <TextLine id="r2l15" custom="readingOrder {index:10;}">
                <Coords points="343,1643 383,1665 526,1601 1387,1637 1585,1618 1586,1572 1240,1567 1124,1513 1005,1566 543,1560 474,1518 404,1576 344,1563"/>
                <Baseline points="351,1623 528,1598 583,1598 638,1599 694,1600 749,1601 804,1604 859,1604 915,1607 970,1608 1025,1610 1080,1611 1136,1612 1191,1613 1246,1613 1301,1613 1357,1613 1412,1611 1467,1610 1522,1608 1578,1604"/>
                <TextEquiv>
                    <Unicode> Ὑψούμενος ἐν ἡμῖν ὁ τοῦ μου</Unicode>
                </TextEquiv>
            </TextLine>
            <TextLine id="r2l16" custom="readingOrder {index:11;}">
                <Coords points="435,1724 842,1709 1134,1750 1335,1718 1432,1754 1581,1747 1583,1691 1100,1669 1014,1632 820,1666 649,1618 437,1641"/>
                <Baseline points="444,1695 500,1697 557,1698 613,1698 670,1700 726,1701 783,1703 839,1704 896,1705 952,1706 1009,1707 1066,1709 1122,1710 1179,1712 1235,1713 1292,1715 1348,1716 1405,1718 1461,1719 1518,1721 1575,1722"/>
                <TextEquiv>
                    <Unicode>θῦ λόγος διά πράξεως καί θεωρίας, </Unicode>
                </TextEquiv>
            </TextLine>
            <TextLine id="r2l17" custom="readingOrder {index:12;}">
                <Coords points="446,1818 1562,1832 1543,1760 1331,1780 1197,1722 959,1777 833,1741 778,1774 584,1736 537,1763 448,1721"/>
                <Baseline points="453,1802 508,1802 563,1803 618,1803 673,1805 728,1806 783,1808 838,1809 893,1811 948,1812 1003,1814 1058,1815 1113,1817 1168,1818 1223,1818 1278,1820 1333,1820 1388,1820 1443,1820 1498,1820 1554,1818"/>
                <TextEquiv>
                    <Unicode>πάντας ἕλκει πρός ἑαυτόν• τούς τε </Unicode>
                </TextEquiv>
            </TextLine>
            <TextLine id="r2l19" custom="readingOrder {index:13;}">
                <Coords points="449,1965 736,1912 980,1969 1072,1922 1280,1960 1516,1946 1535,1886 1065,1878 1028,1843 989,1876 920,1843 629,1868 452,1827"/>
                <Baseline points="458,1907 511,1907 564,1905 618,1905 671,1905 725,1907 778,1907 831,1908 885,1910 938,1911 992,1913 1045,1914 1098,1917 1152,1919 1205,1920 1259,1922 1312,1924 1365,1926 1419,1927 1472,1928 1526,1929"/>
                <TextEquiv>
                    <Unicode>περί σάρκα καί ψυχήν καί φύσιν τῶν </Unicode>
                </TextEquiv>
            </TextLine>
            <TextLine id="r2l20" custom="readingOrder {index:14;}">
                <Coords points="431,2018 1424,2039 1550,2084 1553,1998 1474,1967 1426,1998 943,1980 820,1936 433,1970"/>
                <Baseline points="440,2006 495,2006 550,2006 605,2006 660,2007 716,2009 771,2010 826,2012 881,2014 936,2016 992,2019 1047,2021 1102,2023 1157,2025 1212,2028 1268,2030 1323,2032 1378,2034 1433,2036 1488,2037 1544,2039"/>
                <TextEquiv>
                    <Unicode>ὄντων ἡμετέρους λογισμούς τε κ </Unicode>
                </TextEquiv>
            </TextLine>
            <TextLine id="r2l21" custom="readingOrder {index:15;}">
                <Coords points="418,2117 1003,2123 1143,2173 1236,2135 1556,2141 1557,2106 1451,2059 1370,2095 1105,2059 1055,2084 900,2035 716,2071 422,2016"/>
                <Baseline points="426,2102 482,2102 538,2103 594,2103 650,2105 706,2106 762,2108 818,2109 874,2112 930,2114 987,2117 1043,2118 1099,2121 1155,2123 1211,2126 1267,2127 1323,2130 1379,2132 1435,2133 1491,2135 1548,2135"/>
                <TextEquiv>
                    <Unicode>λόγους καί αὐτά τά μέλη τοῦ σώμα</Unicode>
                </TextEquiv>
            </TextLine>
            <TextLine id="r2l22" custom="readingOrder {index:16;}">
                <Coords points="435,2230 1328,2233 1426,2263 1559,2245 1561,2199 1352,2147 1163,2189 1026,2155 438,2156"/>
                <Baseline points="444,2205 499,2205 554,2205 610,2207 665,2207 720,2210 776,2211 831,2213 886,2214 942,2217 997,2219 1052,2222 1108,2223 1163,2226 1218,2228 1274,2229 1329,2231 1384,2232 1440,2234 1495,2234 1551,2235"/>
                <TextEquiv>
                    <Unicode>τος κ τάς αἰσθήσεις κατ᾿ ἀρετήν ἁ</Unicode>
                </TextEquiv>
            </TextLine>
            <TextLine id="r2l23" custom="readingOrder {index:17;}">
                <Coords points="417,2329 504,2311 566,2354 616,2322 706,2372 785,2330 984,2338 1070,2386 1162,2335 1535,2353 1563,2303 1131,2298 980,2238 809,2283 536,2235 420,2265"/>
                <Baseline points="426,2303 482,2306 538,2310 595,2313 651,2315 708,2318 764,2321 820,2322 877,2324 933,2327 990,2328 1046,2330 1102,2332 1159,2334 1215,2336 1272,2337 1328,2338 1384,2340 1441,2342 1497,2343 1554,2343"/>
                <TextEquiv>
                    <Unicode>γιάζων κ γνῶσιν κ ὑπό τόν εαὑτοῦ </Unicode>
                </TextEquiv>
            </TextLine>
            <TextLine id="r2l24" custom="readingOrder {index:18;}">
                <Coords points="417,2406 509,2451 564,2417 819,2426 857,2462 929,2425 1519,2464 1550,2350 1414,2402 420,2336"/>
                <Baseline points="426,2393 481,2399 537,2405 592,2409 648,2413 704,2417 759,2419 815,2422 871,2424 926,2426 982,2427 1038,2429 1093,2430 1149,2432 1205,2433 1260,2433 1316,2436 1372,2438 1427,2439 1483,2442 1539,2445"/>
                <TextEquiv>
                    <Unicode>ζυγόν ποιούμενος. Ὁ τοίνυν θεατής τῶν </Unicode>
                </TextEquiv>
            </TextLine>
            <TextLine id="r2l25" custom="readingOrder {index:19;}">
                <Coords points="428,2509 704,2552 894,2527 956,2560 1023,2530 1079,2563 1341,2561 1508,2548 1542,2472 1327,2497 1146,2442 1046,2488 983,2438 846,2486 711,2429 429,2455"/>
                <Baseline points="435,2498 489,2502 544,2507 599,2511 654,2514 709,2517 764,2520 818,2523 873,2525 928,2526 983,2529 1038,2531 1093,2531 1148,2532 1202,2534 1257,2534 1312,2535 1367,2535 1422,2537 1477,2537 1532,2537"/>
                <TextEquiv>
                    <Unicode>θείων ἀναβαινέτω κατά σπουδήν, </Unicode>
                </TextEquiv>
            </TextLine>
            <TextLine id="r2l26" custom="readingOrder {index:20;}">
                <Coords points="417,2646 705,2643 864,2697 1062,2654 1153,2704 1282,2661 1417,2690 1567,2654 1572,2525 1377,2607 1308,2575 860,2601 765,2549 478,2526 421,2555"/>
                <Baseline points="426,2609 482,2615 539,2622 595,2627 652,2632 709,2637 765,2640 822,2643 879,2646 935,2648 992,2649 1049,2651 1105,2651 1162,2652 1219,2652 1275,2654 1332,2654 1389,2654 1445,2654 1502,2654 1559,2655"/>
                <TextEquiv>
                    <Unicode>ἀκολουθῶν τω Λόγῳ• μέχρις οὗ φθάσει</Unicode>
                </TextEquiv>
            </TextLine>
            <TextEquiv>
                <Unicode>τόν λόγον ἤ τόν τρόπον, τῶν μετερχομένων &#13;
τήν ἀρετήν καί περί τήν θείαν γνῶσιν.&#13;
κινουμένων μακάριος δέ ὁ κρατῶν &#13;
ἄδυτον ἐν ἑαυτω, κατά τόν τοῦ ναυῆ &#13;
Ἰησοῦν, τόν τῆς δικαιοσύνης ἥλιον• &#13;
ὅλον τό μέτρον τῆς κατά τήν παροῦ&#13;
σαν ζωήν ἡμέρας, κακίας ἑσπέρα &#13;
κ ἀγνωσίας μή περιγραφόμενον ἵνα &#13;
δυνηθη νομίμως τροπώσασθαι τούς&#13;
 ἐπανισταμένους αὐτοῦ πνηρούς δαί&#13;
 Ὑψούμενος ἐν ἡμῖν ὁ τοῦ μου&#13;
θῦ λόγος διά πράξεως καί θεωρίας, &#13;
πάντας ἕλκει πρός ἑαυτόν• τούς τε &#13;
περί σάρκα καί ψυχήν καί φύσιν τῶν &#13;
ὄντων ἡμετέρους λογισμούς τε κ &#13;
λόγους καί αὐτά τά μέλη τοῦ σώμα&#13;
τος κ τάς αἰσθήσεις κατ᾿ ἀρετήν ἁ&#13;
γιάζων κ γνῶσιν κ ὑπό τόν εαὑτοῦ &#13;
ζυγόν ποιούμενος. Ὁ τοίνυν θεατής τῶν &#13;
θείων ἀναβαινέτω κατά σπουδήν, &#13;
ἀκολουθῶν τω Λόγῳ• μέχρις οὗ φθάσει</Unicode>
            </TextEquiv>
        </TextRegion>
        <TextRegion orientation="0.0" id="r3" custom="readingOrder {index:2;}">
            <Coords points="1643,1546 1643,1705 1769,1705 1769,1546"/>
            <TextEquiv>
                <Unicode></Unicode>
            </TextEquiv>
        </TextRegion>
        <TextRegion orientation="0.0" id="r4" custom="readingOrder {index:3;}">
            <Coords points="2061,214 2061,364 2076,364 2076,214"/>
            <TextEquiv>
                <Unicode></Unicode>
            </TextEquiv>
        </TextRegion>
    </Page>
</PcGts>
