<?xml version="1.0" encoding="UTF-8" standalone="yes"?>
<PcGts xmlns="http://schema.primaresearch.org/PAGE/gts/pagecontent/2013-07-15" xmlns:xsi="http://www.w3.org/2001/XMLSchema-instance" xsi:schemaLocation="http://schema.primaresearch.org/PAGE/gts/pagecontent/2013-07-15 http://schema.primaresearch.org/PAGE/gts/pagecontent/2013-07-15/pagecontent.xsd">
    <Metadata>
        <Creator>prov=University of Rostock/Institute of Mathematics/CITlab|PLANET AI GmbH/Gundram Leifert/gundram.leifert@planet-ai.de:name=HPGTR(htr_id=41125)::::v=2.6.7
prov=University of Rostock/Institute of Mathematics/CITlab|PLANET AI GmbH/Tobias Gruening/tobias.gruening@planet-ai.de:name=de.uros.citlab.module.baseline2polygon.B2PSeamMultiOriented:v=2.6.7
prov=University of Rostock/Institute of Mathematics/CITlab|PLANET AI GmbH/Tobias Gruening/tobias.gruening@planet-ai.de:name=/net_tf/LA73_249_0mod360.pb:de.uros.citlab.segmentation.CITlab_LA_ML:v=2.6.7
Transkribus</Creator>
        <Created>2021-09-19T17:37:23.033+03:00</Created>
        <LastChange>2023-06-04T19:39:05.865+02:00</LastChange>
        <TranskribusMetadata docId="1458633" pageId="56018959" pageNr="45" tsid="125671064" status="IN_PROGRESS" userId="99263" imgUrl="https://files.transkribus.eu/Get?id=MWNQIPZKAZAXKMGTJRFBPYVN&amp;fileType=view" xmlUrl="https://files.transkribus.eu/Get?id=NNIYDJAGECHPONWAHDLMBYLN" imageId="23265840"/>
    </Metadata>
    <Page imageFilename="0045_75 Bodleian-Library-MS-Barocci-59_00080_fol-44v.jpg" imageWidth="2494" imageHeight="3325">
        <ReadingOrder>
            <OrderedGroup id="ro_1686139447167" caption="Regions reading order">
                <RegionRefIndexed index="0" regionRef="r1"/>
            </OrderedGroup>
        </ReadingOrder>
        <TextRegion orientation="0.0" id="r1" custom="readingOrder {index:0;}">
            <Coords points="468,327 468,2655 2106,2655 2106,327"/>
            <TextLine id="r1l3" custom="readingOrder {index:0;}">
                <Coords points="929,591 1043,632 1228,589 1832,626 2079,562 2079,447 1519,543 1284,463 1031,506 929,479"/>
                <Baseline points="938,581 994,583 1051,584 1107,585 1164,585 1220,587 1277,587 1333,587 1390,587 1446,587 1503,587 1560,587 1616,585 1673,585 1729,584 1786,584 1842,582 1899,581 1955,579 2012,578 2069,576"/>
                <TextEquiv>
                    <Unicode>τόν τόπον, οὗ ἐστιν. εκεῖ γάρ ἕλκει, καθώς</Unicode>
                </TextEquiv>
            </TextLine>
            <TextLine id="r1l4" custom="readingOrder {index:1;}">
                <Coords points="931,759 1190,702 1546,731 1603,700 2089,701 2088,644 2015,621 1950,654 1727,592 1616,657 1478,606 1380,658 1093,625 930,651"/>
                <Baseline points="941,711 997,709 1054,707 1111,705 1168,704 1225,702 1282,701 1339,699 1396,698 1453,697 1510,696 1566,695 1623,695 1680,693 1737,693 1794,693 1851,693 1908,693 1965,694 2022,695 2079,696"/>
                <TextEquiv>
                    <Unicode>φησιν ὁ εκκλησιαστής καί εἰς τον τό</Unicode>
                </TextEquiv>
            </TextLine>
            <TextLine id="r1l5" custom="readingOrder {index:2;}">
                <Coords points="950,822 1215,799 1314,835 1457,788 2057,810 2096,806 2095,733 1995,699 1893,747 1401,704 1256,753 949,755"/>
                <Baseline points="959,803 1015,800 1071,798 1128,797 1184,795 1241,794 1297,793 1353,792 1410,792 1466,791 1523,791 1579,791 1635,791 1692,789 1748,789 1805,789 1861,788 1917,788 1974,786 2030,786 2087,785"/>
                <TextEquiv>
                    <Unicode>πον αὐτοῦ ἕλκει• δηλονότι τούς ἀκο</Unicode>
                </TextEquiv>
            </TextLine>
            <TextLine id="r1l6" custom="readingOrder {index:3;}">
                <Coords points="922,921 1560,893 1991,929 2093,899 2093,838 1987,805 1920,843 1826,805 1590,854 1348,852 1212,800 921,828"/>
                <Baseline points="932,902 989,899 1047,897 1104,894 1162,893 1220,891 1277,891 1335,890 1392,890 1450,890 1508,890 1565,890 1623,890 1680,890 1738,890 1796,891 1853,891 1911,893 1968,893 2026,894 2084,894"/>
                <TextEquiv>
                    <Unicode>λουθοῦντας αὐτω, ὡς μεγάλω αρχι</Unicode>
                </TextEquiv>
            </TextLine>
            <TextLine id="r1l7" custom="readingOrder {index:4;}">
                <Coords points="940,1015 2106,1013 2105,957 1885,955 1820,902 1559,911 1433,957 1207,909 1109,963 939,950"/>
                <Baseline points="950,1001 1007,1001 1064,1001 1121,1001 1179,999 1236,999 1293,999 1351,998 1408,998 1465,996 1523,996 1580,996 1637,995 1694,995 1752,995 1809,995 1866,995 1924,995 1981,996 2038,996 2096,998"/>
                <TextEquiv>
                    <Unicode>ερεῖ, καί εἰσάγοντι εἰς τά Ἅγια τῶν α </Unicode>
                </TextEquiv>
            </TextLine>
            <TextLine id="r1l8" custom="readingOrder {index:5;}">
                <Coords points="960,1140 1032,1102 1406,1102 1490,1137 1913,1089 2013,1120 2096,1089 2095,1007 1938,1040 1843,1005 1733,1058 1428,1002 1252,1057 958,1032"/>
                <Baseline points="969,1106 1024,1104 1080,1103 1136,1101 1192,1100 1248,1099 1303,1097 1359,1097 1415,1095 1471,1094 1527,1092 1582,1092 1638,1091 1694,1091 1750,1091 1806,1091 1861,1092 1917,1092 1973,1094 2029,1096 2085,1098"/>
                <TextEquiv>
                    <Unicode>ἁγίων• ἔνθα τό καθ᾿ ἡμᾶς αὐτός ὑπέρ </Unicode>
                </TextEquiv>
            </TextLine>
            <TextLine id="r1l10" custom="readingOrder {index:6;}">
                <Coords points="947,1209 1624,1225 1832,1194 1942,1229 2084,1185 2067,1102 1770,1098 1688,1134 1617,1103 1525,1147 1438,1108 1317,1152 1100,1144 1055,1108 947,1143"/>
                <Baseline points="957,1197 1012,1196 1068,1195 1124,1194 1180,1193 1236,1191 1291,1191 1347,1190 1403,1190 1459,1188 1515,1188 1570,1187 1626,1187 1682,1187 1738,1187 1794,1187 1849,1188 1905,1188 1961,1190 2017,1191 2073,1193"/>
                <TextEquiv>
                    <Unicode>ἡμῶν πρόδρο Ὁ τήν κατ᾿ εὐσέβειαν </Unicode>
                </TextEquiv>
            </TextLine>
            <TextLine id="r1l12" custom="readingOrder {index:7;}">
                <Coords points="459,1342 1713,1297 2050,1337 2011,1210 1693,1258 1240,1206 1140,1255 945,1197 812,1274 458,1273"/>
                <Baseline points="468,1319 546,1316 625,1313 703,1311 782,1308 861,1307 939,1305 1018,1303 1096,1301 1175,1299 1254,1298 1332,1296 1411,1296 1489,1295 1568,1295 1647,1293 1725,1293 1804,1293 1882,1295 1961,1295 2040,1296"/>
                <TextEquiv>
                    <Unicode>μος εισηλθεν μετιών φιλοσοφίαν, καί προς τάς </Unicode>
                </TextEquiv>
            </TextLine>
            <TextLine id="r1l13" custom="readingOrder {index:8;}">
                <Coords points="935,1422 2062,1411 2113,1391 2112,1287 2045,1342 1931,1323 1873,1357 1599,1355 1542,1318 1497,1355 1145,1320 935,1357"/>
                <Baseline points="944,1400 1001,1399 1059,1398 1117,1397 1175,1397 1233,1395 1291,1395 1349,1395 1407,1394 1465,1394 1523,1394 1580,1394 1638,1394 1696,1394 1754,1394 1812,1394 1870,1392 1928,1392 1986,1392 2044,1391 2102,1391"/>
                <TextEquiv>
                    <Unicode>ἀοράτους παρατασσόμενος δυνά</Unicode>
                </TextEquiv>
            </TextLine>
            <TextLine id="r1l14" custom="readingOrder {index:9;}">
                <Coords points="925,1501 1177,1531 1603,1499 1672,1537 1908,1506 2046,1549 2117,1504 2117,1457 1890,1405 1814,1454 1597,1417 1501,1454 1458,1423 1177,1458 1029,1428 925,1471"/>
                <Baseline points="935,1500 993,1499 1052,1499 1110,1497 1169,1496 1227,1495 1286,1494 1344,1493 1403,1492 1461,1491 1520,1491 1579,1491 1637,1491 1696,1491 1754,1491 1813,1493 1871,1495 1930,1497 1988,1500 2047,1502 2106,1506"/>
                <TextEquiv>
                    <Unicode>μεις εὐχέσθ τήν τε φυσικήν διά</Unicode>
                </TextEquiv>
            </TextLine>
            <TextLine id="r1l15" custom="readingOrder {index:10;}">
                <Coords points="934,1622 1852,1630 1935,1597 2057,1641 2104,1627 2104,1544 1921,1514 1489,1555 1341,1509 1275,1552 934,1555"/>
                <Baseline points="945,1598 1002,1598 1059,1598 1117,1598 1174,1598 1232,1596 1289,1596 1347,1595 1404,1595 1462,1594 1519,1593 1576,1593 1634,1593 1691,1593 1749,1593 1806,1595 1864,1596 1921,1598 1979,1601 2036,1604 2094,1608"/>
                <TextEquiv>
                    <Unicode>κρισιν αὐτω παραμεῖναι φῶς ἔχου</Unicode>
                </TextEquiv>
            </TextLine>
            <TextLine id="r1l16" custom="readingOrder {index:11;}">
                <Coords points="927,1732 1708,1712 1747,1747 2113,1693 2112,1626 1986,1650 1911,1606 1690,1657 1259,1615 1133,1662 927,1659"/>
                <Baseline points="936,1707 994,1704 1052,1703 1111,1701 1169,1700 1227,1700 1286,1698 1344,1698 1402,1698 1461,1698 1519,1698 1577,1698 1636,1698 1694,1698 1752,1698 1811,1697 1869,1697 1927,1695 1986,1694 2044,1692 2103,1691"/>
                <TextEquiv>
                    <Unicode>σαν σύμμετρον, καί τήν φωτιστικήν </Unicode>
                </TextEquiv>
            </TextLine>
            <TextLine id="r1l17" custom="readingOrder {index:12;}">
                <Coords points="933,1820 1960,1830 2107,1796 2106,1695 1775,1763 1656,1728 1605,1764 1423,1763 1316,1713 1193,1761 933,1745"/>
                <Baseline points="944,1811 1001,1809 1059,1808 1116,1806 1174,1805 1232,1804 1289,1803 1347,1803 1405,1803 1462,1803 1520,1803 1578,1803 1635,1803 1693,1803 1751,1803 1808,1802 1866,1802 1924,1802 1981,1800 2039,1799 2097,1797"/>
                <TextEquiv>
                    <Unicode>τοῦ πνς χάριν. η μέν γάρ, παιδαγωγεῖ </Unicode>
                </TextEquiv>
            </TextLine>
            <TextLine id="r1l18" custom="readingOrder {index:13;}">
                <Coords points="956,1923 1178,1952 1426,1913 1503,1956 1870,1921 1998,1962 2114,1922 2114,1820 1998,1814 1949,1864 1668,1820 1617,1864 1452,1814 1288,1868 956,1822"/>
                <Baseline points="965,1907 1022,1905 1079,1904 1136,1904 1193,1902 1250,1902 1307,1902 1364,1902 1421,1901 1478,1902 1535,1902 1592,1902 1649,1902 1706,1902 1763,1902 1820,1902 1877,1904 1934,1904 1991,1904 2048,1904 2105,1904"/>
                <TextEquiv>
                    <Unicode>τήν σάρκα πρός ἀρετήν διά πράξεως•</Unicode>
                </TextEquiv>
            </TextLine>
            <TextLine id="r1l19" custom="readingOrder {index:14;}">
                <Coords points="953,2041 2030,2025 2079,2004 2078,1928 1878,1962 1690,1919 1494,1963 1439,1922 1367,1968 1248,1931 952,1978"/>
                <Baseline points="963,2016 1018,2015 1073,2015 1128,2014 1184,2013 1239,2013 1294,2012 1350,2012 1405,2011 1460,2010 1516,2010 1571,2009 1626,2009 1681,2007 1737,2007 1792,2006 1847,2005 1903,2004 1958,2003 2013,2002 2069,2001"/>
                <TextEquiv>
                    <Unicode>ἡ δέ, φωταγωγεῖ τόν νοῦν, τήν τῆς </Unicode>
                </TextEquiv>
            </TextLine>
            <TextLine id="r1l20" custom="readingOrder {index:15;}">
                <Coords points="946,2141 1169,2118 1306,2174 1447,2116 2100,2118 2099,2006 1883,2053 1772,2021 1672,2067 1599,2024 1429,2069 945,2035"/>
                <Baseline points="956,2117 1012,2115 1069,2114 1126,2112 1182,2111 1239,2109 1296,2109 1352,2108 1409,2108 1466,2106 1523,2106 1579,2106 1636,2106 1693,2106 1749,2106 1806,2106 1863,2106 1919,2106 1976,2106 2033,2106 2090,2106"/>
                <TextEquiv>
                    <Unicode>σοφίας προκρῖναι πάντων συμβί</Unicode>
                </TextEquiv>
            </TextLine>
            <TextLine id="r1l21" custom="readingOrder {index:16;}">
                <Coords points="938,2237 1533,2211 1667,2242 1736,2208 2098,2236 2097,2155 1877,2167 1784,2119 1501,2164 1440,2129 1307,2174 1178,2130 937,2139"/>
                <Baseline points="948,2214 1005,2216 1062,2216 1119,2216 1176,2216 1233,2214 1290,2214 1347,2213 1404,2211 1461,2210 1518,2208 1575,2207 1632,2205 1689,2204 1746,2204 1803,2204 1860,2204 1917,2205 1974,2207 2031,2209 2088,2211"/>
                <TextEquiv>
                    <Unicode>ωσιν• καθ᾿ ἥν τῶν τε τῆς κακίας ὀχυ</Unicode>
                </TextEquiv>
            </TextLine>
            <TextLine id="r1l23" custom="readingOrder {index:17;}">
                <Coords points="937,2355 1353,2326 1437,2371 1581,2318 1789,2367 2080,2292 2078,2228 1919,2216 1674,2276 1492,2222 1417,2275 1130,2235 1071,2284 935,2280"/>
                <Baseline points="945,2312 1002,2315 1060,2318 1118,2320 1176,2321 1233,2321 1291,2319 1349,2318 1407,2318 1464,2315 1522,2313 1580,2312 1638,2310 1695,2309 1753,2309 1811,2309 1869,2309 1926,2310 2035,2304 2035,2246 2069,2258"/>
                <TextEquiv>
                    <Unicode>ρωμάτων καί παντός ὑψώματος </Unicode>
                </TextEquiv>
            </TextLine>
            <TextLine id="r1l24" custom="readingOrder {index:18;}">
                <Coords points="929,2441 1961,2437 2088,2400 2088,2332 2011,2315 1901,2369 1673,2325 1313,2380 928,2355"/>
                <Baseline points="938,2417 995,2417 1052,2417 1109,2417 1166,2417 1223,2415 1280,2415 1337,2414 1394,2414 1451,2412 1508,2411 1565,2409 1622,2409 1679,2408 1736,2408 1793,2406 1850,2406 1907,2406 1964,2408 2021,2408 2078,2409"/>
                <TextEquiv>
                    <Unicode>ἐπαιρομένου κατά την γνώσεως τοῦ</Unicode>
                </TextEquiv>
            </TextLine>
            <TextLine id="r1l25" custom="readingOrder {index:19;}">
                <Coords points="944,2554 1361,2518 1416,2548 1567,2517 2061,2546 2106,2534 2105,2438 1631,2416 1449,2471 1344,2424 1276,2474 943,2464"/>
                <Baseline points="953,2522 1010,2522 1067,2522 1124,2522 1181,2522 1239,2520 1296,2519 1353,2518 1410,2517 1467,2516 1525,2514 1582,2513 1639,2513 1696,2511 1753,2511 1811,2510 1868,2510 1925,2510 1982,2511 2039,2513 2097,2514"/>
                <TextEquiv>
                    <Unicode> θῦ, ποιεῖται τήν καθαίρεσιν. κ </Unicode>
                </TextEquiv>
            </TextLine>
            <TextLine id="r1l26" custom="readingOrder {index:20;}">
                <Coords points="934,2638 1335,2688 1396,2642 1604,2674 1661,2631 2086,2661 2085,2547 2016,2518 1865,2580 1625,2538 1468,2587 1210,2534 1122,2591 996,2545 933,2575"/>
                <Baseline points="944,2627 1000,2628 1057,2630 1113,2631 1170,2631 1226,2631 1283,2631 1339,2630 1396,2630 1452,2628 1509,2627 1566,2626 1622,2625 1679,2624 1735,2624 1792,2622 1848,2622 1905,2624 1961,2624 2018,2625 2075,2628"/>
                <TextEquiv>
                    <Unicode>δηλοῖ δι᾿ εὐχῆς αἰτῶν ὁ τοῦ ναυῆ  </Unicode>
                </TextEquiv>
            </TextLine>
            <TextEquiv>
                <Unicode>τόν τόπον, οὗ ἐστιν. εκεῖ γάρ ἕλκει, καθώς&#13;
φησιν ὁ εκκλησιαστής καί εἰς τον τό&#13;
πον αὐτοῦ ἕλκει• δηλονότι τούς ἀκο&#13;
λουθοῦντας αὐτω, ὡς μεγάλω αρχι&#13;
ερεῖ, καί εἰσάγοντι εἰς τά Ἅγια τῶν α &#13;
ἁγίων• ἔνθα τό καθ᾿ ἡμᾶς αὐτός ὑπέρ &#13;
ἡμῶν πρόδρο Ὁ τήν κατ᾿ εὐσέβειαν &#13;
μος εισηλθεν μετιών φιλοσοφίαν, καί προς τάς &#13;
ἀοράτους παρατασσόμενος δυνά&#13;
μεις εὐχέσθ τήν τε φυσικήν διά&#13;
κρισιν αὐτω παραμεῖναι φῶς ἔχου&#13;
σαν σύμμετρον, καί τήν φωτιστικήν &#13;
τοῦ πνς χάριν. η μέν γάρ, παιδαγωγεῖ &#13;
τήν σάρκα πρός ἀρετήν διά πράξεως•&#13;
ἡ δέ, φωταγωγεῖ τόν νοῦν, τήν τῆς &#13;
σοφίας προκρῖναι πάντων συμβί&#13;
ωσιν• καθ᾿ ἥν τῶν τε τῆς κακίας ὀχυ&#13;
ρωμάτων καί παντός ὑψώματος &#13;
ἐπαιρομένου κατά την γνώσεως τοῦ&#13;
 θῦ, ποιεῖται τήν καθαίρεσιν. κ &#13;
δηλοῖ δι᾿ εὐχῆς αἰτῶν ὁ τοῦ ναυῆ  </Unicode>
            </TextEquiv>
        </TextRegion>
    </Page>
</PcGts>
