<?xml version="1.0" encoding="UTF-8" standalone="yes"?>
<PcGts xmlns="http://schema.primaresearch.org/PAGE/gts/pagecontent/2013-07-15" xmlns:xsi="http://www.w3.org/2001/XMLSchema-instance" xsi:schemaLocation="http://schema.primaresearch.org/PAGE/gts/pagecontent/2013-07-15 http://schema.primaresearch.org/PAGE/gts/pagecontent/2013-07-15/pagecontent.xsd">
    <Metadata>
        <Creator>prov=University of Rostock/Institute of Mathematics/CITlab|PLANET AI GmbH/Gundram Leifert/gundram.leifert@planet-ai.de:name=HPGTR(htr_id=41125)::::v=2.6.7
prov=University of Rostock/Institute of Mathematics/CITlab|PLANET AI GmbH/Tobias Gruening/tobias.gruening@planet-ai.de:name=de.uros.citlab.module.baseline2polygon.B2PSeamMultiOriented:v=2.6.7
prov=University of Rostock/Institute of Mathematics/CITlab|PLANET AI GmbH/Tobias Gruening/tobias.gruening@planet-ai.de:name=/net_tf/LA73_249_0mod360.pb:de.uros.citlab.segmentation.CITlab_LA_ML:v=2.6.7
Transkribus</Creator>
        <Created>2021-09-19T17:37:23.166+03:00</Created>
        <LastChange>2023-06-04T19:44:28.170+02:00</LastChange>
        <TranskribusMetadata docId="1458633" pageId="56018960" pageNr="46" tsid="125671099" status="IN_PROGRESS" userId="99263" imgUrl="https://files.transkribus.eu/Get?id=YYKDVWCJBISRPYZJYDWESSPW&amp;fileType=view" xmlUrl="https://files.transkribus.eu/Get?id=YDESSNTGVPGDVSLPTOOCQAIL" imageId="23265841"/>
    </Metadata>
    <Page imageFilename="0046_76 Bodleian-Library-MS-Barocci-59_00081_fol-45r.jpg" imageWidth="2494" imageHeight="3325">
        <ReadingOrder>
            <OrderedGroup id="ro_1686139447319" caption="Regions reading order">
                <RegionRefIndexed index="0" regionRef="r1"/>
                <RegionRefIndexed index="1" regionRef="r2"/>
            </OrderedGroup>
        </ReadingOrder>
        <TextRegion orientation="0.0" id="r1" custom="readingOrder {index:0;}">
            <Coords points="398,528 398,2761 1590,2761 1590,528"/>
            <TextLine id="r1l1" custom="readingOrder {index:0;}">
                <Coords points="437,590 651,575 835,612 1114,576 1489,617 1541,611 1542,480 1458,508 1280,478 1229,517 1026,535 752,530 714,496 605,540 438,535"/>
                <Baseline points="444,573 498,573 552,573 607,573 661,573 716,573 770,575 825,575 879,575 934,575 988,576 1042,576 1097,578 1151,578 1206,579 1260,579 1315,581 1369,582 1424,584 1478,585 1533,587"/>
                <TextEquiv>
                    <Unicode>Ἰησοῦς στῆναι τόν ἥλιον κατά Γαβαώ• </Unicode>
                </TextEquiv>
            </TextLine>
            <TextLine id="r1l2" custom="readingOrder {index:1;}">
                <Coords points="446,721 768,684 1544,705 1544,654 1241,655 1145,609 912,645 779,591 710,628 603,589 446,644"/>
                <Baseline points="453,690 507,689 561,687 615,686 669,686 723,686 777,686 832,686 886,686 940,687 994,687 1048,689 1102,689 1156,690 1211,690 1265,692 1319,692 1373,693 1427,695 1481,695 1536,695"/>
                <TextEquiv>
                    <Unicode>τουτέστιν ἄδυτον αὐτῷ τό φῶς τῆς </Unicode>
                </TextEquiv>
            </TextLine>
            <TextLine id="r1l3" custom="readingOrder {index:2;}">
                <Coords points="430,813 541,780 1541,813 1541,741 430,726"/>
                <Baseline points="438,788 492,786 547,785 602,785 657,783 711,783 766,783 821,783 876,783 930,783 985,785 1040,785 1095,786 1149,786 1204,788 1259,788 1314,789 1368,789 1423,789 1478,789 1533,789"/>
                <TextEquiv>
                    <Unicode>γνώσεως τοῦ θῦ, κατά τό ὄρος τῆς </Unicode>
                </TextEquiv>
            </TextLine>
            <TextLine id="r1l4" custom="readingOrder {index:3;}">
                <Coords points="446,895 933,916 1041,888 1115,929 1311,930 1372,890 1549,898 1550,834 446,846"/>
                <Baseline points="453,884 507,884 561,884 616,884 670,884 725,884 779,884 834,885 888,885 943,886 997,887 1051,887 1106,888 1160,888 1215,888 1269,888 1324,888 1378,888 1433,888 1487,887 1542,887"/>
                <TextEquiv>
                    <Unicode>κατά νοῦν θεωρίας, φυλαχθῆναι•</Unicode>
                </TextEquiv>
            </TextLine>
            <TextLine id="r1l5" custom="readingOrder {index:4;}">
                <Coords points="434,1008 1494,1017 1546,1001 1547,917 1374,916 1316,958 1188,914 1065,958 621,945 576,913 530,954 435,944"/>
                <Baseline points="441,990 495,989 550,988 605,987 660,987 715,987 770,987 825,987 880,989 935,989 990,990 1044,990 1099,992 1154,993 1209,993 1264,995 1319,996 1374,998 1429,998 1484,999 1539,999"/>
                <TextEquiv>
                    <Unicode>καί τήν σελήνην κατά φάραγγα• του</Unicode>
                </TextEquiv>
            </TextLine>
            <TextLine id="r1l6" custom="readingOrder {index:5;}">
                <Coords points="433,1099 1127,1092 1188,1138 1342,1094 1441,1124 1538,1113 1538,1033 1400,1062 1013,1018 974,1050 791,1056 729,1019 433,1048"/>
                <Baseline points="440,1094 494,1091 549,1091 603,1089 658,1089 712,1088 767,1088 821,1088 876,1088 930,1089 985,1089 1039,1091 1094,1091 1148,1092 1203,1093 1257,1094 1312,1095 1366,1097 1421,1098 1475,1100 1530,1101"/>
                <TextEquiv>
                    <Unicode>τέστι τήν φυσικήν διάκρισιν ἐπί τῆς </Unicode>
                </TextEquiv>
            </TextLine>
            <TextLine id="r1l7" custom="readingOrder {index:6;}">
                <Coords points="439,1196 537,1227 683,1182 758,1213 1550,1199 1550,1156 1457,1116 1068,1148 962,1104 894,1149 752,1155 440,1118"/>
                <Baseline points="447,1182 501,1182 556,1182 611,1184 666,1184 720,1184 775,1184 830,1184 885,1184 939,1184 994,1184 1049,1184 1104,1184 1158,1185 1213,1185 1268,1185 1323,1187 1377,1188 1432,1189 1487,1191 1542,1193"/>
                <TextEquiv>
                    <Unicode>σαρκικῆς ἀσθενείας κειμένην, ἀπό</Unicode>
                </TextEquiv>
            </TextLine>
            <TextLine id="r1l8" custom="readingOrder {index:7;}">
                <Coords points="452,1312 870,1288 972,1332 1043,1294 1548,1327 1588,1321 1589,1263 1182,1241 1120,1203 1025,1249 839,1212 733,1253 452,1231"/>
                <Baseline points="459,1292 515,1292 571,1292 627,1292 683,1291 739,1290 795,1290 851,1290 907,1289 963,1289 1020,1289 1076,1289 1132,1289 1188,1290 1244,1290 1300,1292 1356,1293 1412,1295 1468,1297 1524,1299 1581,1302"/>
                <TextEquiv>
                    <Unicode> τῆς ἀρετῆς ἀναλλοίωτον διαμεῖναι </Unicode>
                </TextEquiv>
            </TextLine>
            <TextLine id="r1l9" custom="readingOrder {index:8;}">
                <Coords points="390,1455 480,1407 803,1392 1558,1428 1558,1376 1433,1338 543,1357 391,1324"/>
                <Baseline points="398,1389 455,1392 513,1394 570,1395 628,1395 686,1397 743,1395 801,1395 859,1395 916,1394 974,1394 1032,1392 1089,1392 1147,1392 1205,1392 1262,1394 1320,1395 1378,1398 1435,1402 1493,1406 1551,1412"/>
                <TextEquiv>
                    <Unicode>Γαβαώ ἐστιν, ὁ ὑψηλός νοῦς• ἡ δέ φά</Unicode>
                </TextEquiv>
            </TextLine>
            <TextLine id="r1l10" custom="readingOrder {index:9;}">
                <Coords points="430,1535 683,1499 1519,1510 1547,1439 1294,1413 908,1457 681,1429 624,1455 576,1419 430,1442"/>
                <Baseline points="437,1491 492,1493 547,1494 602,1494 657,1494 712,1494 767,1494 822,1493 877,1493 932,1492 988,1491 1043,1491 1098,1490 1153,1490 1208,1490 1263,1490 1318,1491 1373,1493 1428,1494 1483,1496 1539,1499"/>
                <TextEquiv>
                    <Unicode>ραγξ ἐστίν ἡ τω θανάτω ταπεινω</Unicode>
                </TextEquiv>
            </TextLine>
            <TextLine id="r1l11" custom="readingOrder {index:10;}">
                <Coords points="434,1607 639,1586 721,1630 853,1594 1469,1635 1532,1611 1533,1559 1072,1561 932,1525 803,1552 708,1508 435,1538"/>
                <Baseline points="441,1595 495,1592 549,1592 603,1590 657,1590 711,1590 765,1590 820,1590 874,1590 928,1592 982,1593 1036,1594 1090,1595 1144,1597 1199,1599 1253,1601 1307,1602 1361,1604 1415,1606 1469,1608 1524,1610"/>
                <TextEquiv>
                    <Unicode>θεῖσα σάρξ. καί ὁ μέν ἥλιός ἐστιν, ὁ</Unicode>
                </TextEquiv>
            </TextLine>
            <TextLine id="r1l12" custom="readingOrder {index:11;}">
                <Coords points="440,1711 1257,1699 1484,1748 1534,1672 441,1629"/>
                <Baseline points="447,1694 503,1692 560,1691 617,1691 674,1692 730,1692 787,1694 844,1694 901,1695 958,1697 1014,1698 1071,1700 1128,1701 1185,1703 1242,1704 1298,1704 1355,1706 1412,1706 1469,1706 1526,1704"/>
                <TextEquiv>
                    <Unicode>φωτίζων τόν νοῦν λόγος καί χορη</Unicode>
                </TextEquiv>
            </TextLine>
            <TextLine id="r1l13" custom="readingOrder {index:12;}">
                <Coords points="440,1796 1489,1835 1517,1767 1308,1729 1126,1771 1067,1738 989,1771 793,1731 720,1764 441,1746"/>
                <Baseline points="447,1788 500,1790 553,1791 606,1793 659,1794 712,1796 765,1797 818,1799 871,1800 924,1801 978,1802 1031,1803 1084,1805 1137,1805 1190,1806 1243,1806 1296,1806 1349,1808 1402,1808 1455,1808 1509,1808"/>
                <TextEquiv>
                    <Unicode>γῶν αὐτῶ θεωρημάτων δύναμιν• </Unicode>
                </TextEquiv>
            </TextLine>
            <TextLine id="r1l15" custom="readingOrder {index:13;}">
                <Coords points="448,1935 636,1895 960,1956 1031,1907 1358,1946 1549,1910 1550,1832 1093,1827 918,1867 824,1830 708,1864 628,1819 449,1847"/>
                <Baseline points="456,1889 511,1890 567,1892 623,1895 678,1895 734,1898 790,1899 846,1901 901,1902 957,1905 1013,1905 1069,1908 1124,1908 1180,1910 1236,1911 1292,1913 1347,1913 1509,1912 1494,1862 1542,1861"/>
                <TextEquiv>
                    <Unicode>κ πάσης αὐτόν ἀγνοίας ἀπαλλάσσων• </Unicode>
                </TextEquiv>
            </TextLine>
            <TextLine id="r1l16" custom="readingOrder {index:14;}">
                <Coords points="433,1994 580,1993 671,2041 758,2002 1008,2015 1064,2060 1150,2017 1521,2048 1524,1974 1132,1978 1072,1938 982,1975 710,1969 623,1928 436,1931"/>
                <Baseline points="441,1985 494,1988 548,1991 602,1994 655,1996 709,1998 763,2001 816,2004 870,2006 924,2008 978,2010 1031,2012 1085,2013 1139,2016 1192,2018 1246,2019 1300,2021 1353,2022 1407,2024 1461,2025 1515,2027"/>
                <TextEquiv>
                    <Unicode>ἡ δέ σελήνη, ὁ κατά φύσιν νόμος ἐ</Unicode>
                </TextEquiv>
            </TextLine>
            <TextLine id="r1l17" custom="readingOrder {index:15;}">
                <Coords points="446,2106 1308,2119 1360,2149 1527,2131 1530,2049 986,2073 743,2009 447,2050"/>
                <Baseline points="453,2088 506,2091 559,2093 613,2094 666,2096 720,2098 773,2099 826,2101 880,2102 933,2103 987,2106 1040,2108 1093,2108 1147,2110 1200,2112 1254,2112 1307,2114 1360,2115 1414,2117 1467,2118 1521,2118"/>
                <TextEquiv>
                    <Unicode>στίν ὁ πείθων τήν σάρκα, νομίμως </Unicode>
                </TextEquiv>
            </TextLine>
            <TextLine id="r1l18" custom="readingOrder {index:16;}">
                <Coords points="443,2200 642,2238 706,2207 1047,2218 1149,2253 1214,2215 1441,2260 1543,2230 1520,2175 1306,2121 1208,2177 1090,2177 446,2107"/>
                <Baseline points="450,2186 504,2189 558,2192 612,2196 667,2198 721,2201 775,2202 830,2205 884,2207 938,2208 993,2211 1047,2213 1101,2214 1155,2216 1210,2217 1264,2220 1318,2222 1373,2223 1427,2225 1481,2226 1536,2228"/>
                <TextEquiv>
                    <Unicode>ὑποταγῆναι τω πνι πρός τό δέξα</Unicode>
                </TextEquiv>
            </TextLine>
            <TextLine id="r1l19" custom="readingOrder {index:17;}">
                <Coords points="427,2307 1190,2356 1346,2330 1410,2372 1546,2339 1548,2295 1365,2234 1169,2241 1108,2286 966,2243 856,2276 754,2241 430,2245"/>
                <Baseline points="435,2277 490,2284 545,2290 600,2296 655,2301 711,2304 766,2309 821,2312 876,2315 931,2318 987,2321 1042,2322 1097,2324 1152,2325 1207,2327 1263,2328 1318,2330 1373,2330 1428,2331 1483,2331 1539,2333"/>
                <TextEquiv>
                    <Unicode>σθαι τῶν ἐντολῶν τον ζυγόν Φύ</Unicode>
                </TextEquiv>
            </TextLine>
            <TextLine id="r1l20" custom="readingOrder {index:18;}">
                <Coords points="427,2396 897,2450 989,2420 1062,2461 1227,2419 1532,2459 1500,2369 938,2378 789,2330 668,2365 498,2303 429,2334"/>
                <Baseline points="435,2382 489,2387 544,2391 598,2395 653,2400 707,2402 762,2406 816,2408 871,2410 925,2412 980,2414 1035,2415 1089,2417 1144,2418 1198,2420 1253,2421 1307,2423 1362,2424 1416,2426 1471,2427 1526,2430"/>
                <TextEquiv>
                    <Unicode>σεως δέ σύμβολον ἡ σελήνη, διά τό τρε</Unicode>
                </TextEquiv>
            </TextLine>
            <TextLine id="r1l21" custom="readingOrder {index:19;}">
                <Coords points="436,2491 949,2556 1014,2525 1223,2563 1555,2527 1539,2455 1213,2486 792,2468 702,2418 438,2442"/>
                <Baseline points="444,2484 499,2489 554,2495 609,2499 664,2502 720,2507 775,2510 830,2513 885,2515 940,2517 996,2520 1051,2522 1106,2523 1161,2523 1216,2525 1272,2525 1327,2526 1382,2526 1437,2526 1492,2526 1548,2526"/>
                <TextEquiv>
                    <Unicode>πτόν• ἀλλ᾿ ἐν τοῖς ἁγίοις ἄτρεπτος δι</Unicode>
                </TextEquiv>
            </TextLine>
            <TextLine id="r1l22" custom="readingOrder {index:20;}">
                <Coords points="418,2634 772,2623 1053,2707 1239,2640 1435,2684 1549,2650 1551,2597 1409,2567 1162,2603 918,2548 848,2592 597,2525 420,2563"/>
                <Baseline points="426,2597 481,2603 537,2609 593,2613 649,2617 705,2620 760,2623 816,2627 872,2628 928,2630 984,2631 1039,2633 1095,2634 1151,2636 1207,2636 1263,2637 1318,2639 1374,2640 1430,2642 1486,2643 1542,2645"/>
                <TextEquiv>
                    <Unicode>αμένει, διά τήν ἀναλλοίωτον ἕξιν τῆς </Unicode>
                </TextEquiv>
            </TextLine>
            <TextLine id="r1l23" custom="readingOrder {index:21;}">
                <Coords points="1336,2756 1398,2776 1414,2762 1447,2758 1502,2764 1526,2745 1597,2730 1596,2707 1528,2696 1502,2673 1484,2689 1458,2676 1389,2708 1335,2686"/>
                <Baseline points="1343,2738 1370,2739 1397,2739 1425,2739 1452,2738 1480,2738 1507,2736 1535,2736 1562,2738 1590,2739"/>
                <TextEquiv>
                    <Unicode>ἀρετῆς.  </Unicode>
                </TextEquiv>
            </TextLine>
            <TextEquiv>
                <Unicode>Ἰησοῦς στῆναι τόν ἥλιον κατά Γαβαώ• &#13;
τουτέστιν ἄδυτον αὐτῷ τό φῶς τῆς &#13;
γνώσεως τοῦ θῦ, κατά τό ὄρος τῆς &#13;
κατά νοῦν θεωρίας, φυλαχθῆναι•&#13;
καί τήν σελήνην κατά φάραγγα• του&#13;
τέστι τήν φυσικήν διάκρισιν ἐπί τῆς &#13;
σαρκικῆς ἀσθενείας κειμένην, ἀπό&#13;
 τῆς ἀρετῆς ἀναλλοίωτον διαμεῖναι &#13;
Γαβαώ ἐστιν, ὁ ὑψηλός νοῦς• ἡ δέ φά&#13;
ραγξ ἐστίν ἡ τω θανάτω ταπεινω&#13;
θεῖσα σάρξ. καί ὁ μέν ἥλιός ἐστιν, ὁ&#13;
φωτίζων τόν νοῦν λόγος καί χορη&#13;
γῶν αὐτῶ θεωρημάτων δύναμιν• &#13;
κ πάσης αὐτόν ἀγνοίας ἀπαλλάσσων• &#13;
ἡ δέ σελήνη, ὁ κατά φύσιν νόμος ἐ&#13;
στίν ὁ πείθων τήν σάρκα, νομίμως &#13;
ὑποταγῆναι τω πνι πρός τό δέξα&#13;
σθαι τῶν ἐντολῶν τον ζυγόν Φύ&#13;
σεως δέ σύμβολον ἡ σελήνη, διά τό τρε&#13;
πτόν• ἀλλ᾿ ἐν τοῖς ἁγίοις ἄτρεπτος δι&#13;
αμένει, διά τήν ἀναλλοίωτον ἕξιν τῆς &#13;
ἀρετῆς.  </Unicode>
            </TextEquiv>
        </TextRegion>
        <TextRegion orientation="0.0" id="r2" custom="readingOrder {index:1;}">
            <Coords points="1629,1288 1629,1460 1764,1460 1764,1288"/>
            <TextEquiv>
                <Unicode></Unicode>
            </TextEquiv>
        </TextRegion>
    </Page>
</PcGts>
