<?xml version="1.0" encoding="UTF-8" standalone="yes"?>
<PcGts xmlns="http://schema.primaresearch.org/PAGE/gts/pagecontent/2013-07-15" xmlns:xsi="http://www.w3.org/2001/XMLSchema-instance" xsi:schemaLocation="http://schema.primaresearch.org/PAGE/gts/pagecontent/2013-07-15 http://schema.primaresearch.org/PAGE/gts/pagecontent/2013-07-15/pagecontent.xsd">
    <Metadata>
        <Creator>prov=University of Rostock/Institute of Mathematics/CITlab|PLANET AI GmbH/Gundram Leifert/gundram.leifert@planet-ai.de:name=HPGTR(htr_id=41125)::::v=2.6.7
prov=University of Rostock/Institute of Mathematics/CITlab|PLANET AI GmbH/Tobias Gruening/tobias.gruening@planet-ai.de:name=de.uros.citlab.module.baseline2polygon.B2PSeamMultiOriented:v=2.6.7
prov=University of Rostock/Institute of Mathematics/CITlab|PLANET AI GmbH/Tobias Gruening/tobias.gruening@planet-ai.de:name=/net_tf/LA73_249_0mod360.pb:de.uros.citlab.segmentation.CITlab_LA_ML:v=2.6.7
Transkribus</Creator>
        <Created>2021-09-19T17:37:23.364+03:00</Created>
        <LastChange>2023-06-04T19:49:55.642+02:00</LastChange>
        <TranskribusMetadata docId="1458633" pageId="56018961" pageNr="47" tsid="125671124" status="IN_PROGRESS" userId="99263" imgUrl="https://files.transkribus.eu/Get?id=YZEETPLSZMBBYMNXDECJPAMQ&amp;fileType=view" xmlUrl="https://files.transkribus.eu/Get?id=QZBTFPYIANNJNNQCUAWPABBW" imageId="23265842"/>
    </Metadata>
    <Page imageFilename="0047_77 Bodleian-Library-MS-Barocci-59_00082_fol-45v.jpg" imageWidth="2494" imageHeight="3325">
        <ReadingOrder>
            <OrderedGroup id="ro_1686139447461" caption="Regions reading order">
                <RegionRefIndexed index="0" regionRef="r1"/>
            </OrderedGroup>
        </ReadingOrder>
        <TextRegion orientation="0.0" id="r1" custom="readingOrder {index:0;}">
            <Coords points="609,544 609,2673 2120,2673 2120,544"/>
            <TextLine id="r1l1" custom="readingOrder {index:0;}">
                <Coords points="881,652 959,616 1068,646 1149,612 1970,617 2070,578 2068,478 1749,554 1678,525 1405,558 1068,490 879,529"/>
                <Baseline points="888,608 946,606 1005,605 1063,604 1122,603 1181,602 1239,600 1298,599 1357,599 1415,597 1474,596 1533,595 1591,594 1650,593 1709,593 1767,591 1826,591 1885,590 1943,588 2002,588 2061,587"/>
                <TextEquiv>
                    <Unicode>Οὐκ ἔξω τῶν ζητούντων χρή ζητεῖσθαι </Unicode>
                </TextEquiv>
            </TextLine>
            <TextLine id="r1l3" custom="readingOrder {index:1;}">
                <Coords points="952,730 2004,729 2080,708 2080,658 1816,661 1692,624 1569,664 951,662"/>
                <Baseline points="960,720 1015,719 1071,717 1126,716 1182,714 1238,713 1293,711 1349,710 1404,708 1460,707 1516,705 1571,704 1627,704 1682,704 1738,702 1794,704 1849,704 1905,705 1960,706 2016,708 2072,711"/>
                <TextEquiv>
                    <Unicode>τόν κν• ἀλλ᾿ ἐν ἑαυτοῖς διά τήν ἐν ἔργοις </Unicode>
                </TextEquiv>
            </TextLine>
            <TextLine id="r1l4" custom="readingOrder {index:2;}">
                <Coords points="951,828 2093,822 2092,752 2023,725 1865,762 1618,731 1550,764 951,778"/>
                <Baseline points="959,818 1015,815 1071,812 1127,810 1184,808 1240,806 1296,804 1352,803 1409,803 1465,801 1521,801 1577,800 1634,800 1690,800 1746,800 1802,800 1859,800 1915,801 1971,801 2027,801 2084,803"/>
                <TextEquiv>
                    <Unicode>πίστεως, αὐτόν χρή ζητεῖν τούς ζη</Unicode>
                </TextEquiv>
            </TextLine>
            <TextLine id="r1l5" custom="readingOrder {index:3;}">
                <Coords points="957,924 1242,898 1371,942 1836,904 1931,931 2056,917 2078,863 1895,818 1807,861 1538,821 1463,856 1418,818 1317,864 1236,834 956,859"/>
                <Baseline points="965,908 1020,906 1075,904 1130,902 1185,902 1241,900 1296,900 1351,899 1406,899 1461,899 1517,899 1572,899 1627,899 1682,897 1737,897 1793,897 1848,897 1903,896 1958,896 2013,894 2069,893"/>
                <TextEquiv>
                    <Unicode>τοῦντας. εγγύς σου γάρ φησι τό ῥῆμά</Unicode>
                </TextEquiv>
            </TextLine>
            <TextLine id="r1l6" custom="readingOrder {index:4;}">
                <Coords points="940,1038 2070,1028 2085,949 1914,927 1817,966 1523,969 1402,923 1284,972 939,980"/>
                <Baseline points="948,1022 1004,1020 1061,1019 1117,1017 1174,1016 1230,1014 1287,1013 1343,1011 1400,1010 1456,1008 1513,1007 1569,1005 1626,1004 1682,1004 1739,1002 1795,1002 1852,1002 1908,1002 1965,1004 2021,1004 2078,1005"/>
                <TextEquiv>
                    <Unicode>ἐστι ἐν τω στόματί σου καί ἐν τη καρ</Unicode>
                </TextEquiv>
            </TextLine>
            <TextLine id="r1l7" custom="readingOrder {index:5;}">
                <Coords points="942,1118 1368,1142 1546,1110 1670,1157 1811,1105 2083,1112 2083,1062 1742,1036 1657,1068 1555,1023 1237,1073 941,1055"/>
                <Baseline points="950,1112 1006,1112 1062,1111 1118,1110 1175,1110 1231,1109 1287,1109 1343,1107 1400,1107 1456,1106 1512,1104 1568,1104 1625,1103 1681,1103 1737,1103 1793,1101 1850,1101 1906,1101 1962,1101 2018,1103 2075,1103"/>
                <TextEquiv>
                    <Unicode>δία σου• τουτέστι τό ῥῆμα τῆς πίστε</Unicode>
                </TextEquiv>
            </TextLine>
            <TextLine id="r1l8" custom="readingOrder {index:6;}">
                <Coords points="943,1229 1851,1203 1981,1233 2126,1209 2125,1119 1752,1164 1201,1125 1133,1167 1003,1143 943,1174"/>
                <Baseline points="951,1205 1009,1203 1067,1202 1125,1202 1184,1200 1242,1200 1300,1200 1359,1200 1417,1200 1475,1200 1534,1200 1592,1200 1650,1200 1708,1200 1767,1200 1825,1199 1883,1197 1942,1196 2000,1194 2058,1191 2117,1187"/>
                <TextEquiv>
                    <Unicode>ως• ὡς αὐτοῦ ὄντος τοῦ χῦ και ῥήμα</Unicode>
                </TextEquiv>
            </TextLine>
            <TextLine id="r1l9" custom="readingOrder {index:7;}">
                <Coords points="955,1317 1073,1323 1097,1346 1223,1312 1436,1338 1464,1319 1518,1350 1556,1321 1692,1313 1691,1258 1587,1242 1548,1264 1381,1244 1321,1270 1232,1233 1111,1269 954,1264"/>
                <Baseline points="962,1308 998,1308 1034,1308 1070,1308 1106,1308 1142,1308 1178,1308 1214,1307 1250,1307 1286,1305 1322,1305 1358,1304 1394,1304 1430,1302 1466,1301 1502,1301 1538,1299 1574,1298 1610,1298 1646,1296 1683,1296"/>
                <TextEquiv>
                    <Unicode>τος κ ζητουμένου</Unicode>
                </TextEquiv>
            </TextLine>
            <TextLine id="r1l12" custom="readingOrder {index:8;}">
                <Coords points="761,1435 2103,1429 2110,1338 1826,1367 1702,1320 1393,1369 1273,1318 1189,1353 1011,1322 760,1384"/>
                <Baseline points="769,1436 843,1428 917,1422 991,1416 1065,1412 1139,1409 1213,1407 1287,1406 1362,1404 1436,1404 1510,1404 1584,1406 1658,1406 1732,1406 1806,1406 1880,1404 1954,1403 2028,1401 2103,1398"/>
                <TextEquiv>
                    <Unicode>Μήτε τό ὕψος τῆς θεϊκῆς ἀπειρίας ἐννοή</Unicode>
                </TextEquiv>
            </TextLine>
            <TextLine id="r1l13" custom="readingOrder {index:9;}">
                <Coords points="955,1533 1065,1556 1577,1501 1829,1540 1927,1500 2108,1504 2107,1462 1983,1422 1737,1466 1105,1422 954,1468"/>
                <Baseline points="963,1511 1019,1509 1076,1509 1133,1508 1190,1506 1247,1506 1304,1505 1360,1503 1417,1503 1474,1502 1531,1500 1588,1500 1645,1499 1702,1499 1758,1497 1815,1497 1872,1497 1929,1497 1986,1497 2043,1497 2100,1497"/>
                <TextEquiv>
                    <Unicode>σαντες, ἀπελπίσωμεν τήν τοῦ θῦ </Unicode>
                </TextEquiv>
            </TextLine>
            <TextLine id="r1l14" custom="readingOrder {index:10;}">
                <Coords points="949,1683 1147,1619 2105,1621 2104,1546 1946,1563 1884,1523 1393,1573 948,1543"/>
                <Baseline points="956,1614 1013,1613 1070,1613 1127,1611 1184,1610 1241,1610 1298,1608 1355,1607 1412,1607 1469,1605 1526,1605 1583,1604 1640,1604 1697,1602 1754,1602 1811,1602 1868,1602 1925,1602 1982,1602 2039,1602 2096,1602"/>
                <TextEquiv>
                    <Unicode>φιλανίαν ὡς οὐ φθάνουσαν διά τό </Unicode>
                </TextEquiv>
            </TextLine>
            <TextLine id="r1l15" custom="readingOrder {index:11;}">
                <Coords points="957,1748 1133,1709 1229,1756 1610,1699 2085,1737 2126,1719 2124,1626 1854,1612 1716,1666 1391,1673 1315,1631 1161,1680 1035,1644 955,1683"/>
                <Baseline points="965,1721 1022,1719 1080,1719 1137,1718 1195,1716 1253,1715 1310,1713 1368,1712 1425,1710 1483,1707 1541,1706 1598,1705 1656,1704 1713,1703 1771,1703 1829,1701 1886,1703 1944,1703 2001,1704 2059,1706 2117,1709"/>
                <TextEquiv>
                    <Unicode>ὕψος μέχρις ἡμῶν μήτε ἄπειρον </Unicode>
                </TextEquiv>
            </TextLine>
            <TextLine id="r1l16" custom="readingOrder {index:12;}">
                <Coords points="959,1844 1059,1814 1867,1841 2092,1806 2080,1748 1537,1773 1395,1728 1267,1778 1075,1731 958,1767"/>
                <Baseline points="968,1817 1023,1815 1079,1814 1135,1814 1191,1812 1247,1812 1302,1811 1358,1811 1414,1811 1470,1811 1526,1811 1581,1809 1637,1809 1693,1809 1749,1808 1805,1808 1860,1806 1916,1805 1972,1803 2028,1800 2084,1797"/>
                <TextEquiv>
                    <Unicode>βάθος τῆς ἡμῶν διά τήν ἁμαρτίαν </Unicode>
                </TextEquiv>
            </TextLine>
            <TextLine id="r1l17" custom="readingOrder {index:13;}">
                <Coords points="963,1947 2054,1925 2110,1913 2109,1853 2030,1826 1948,1865 1776,1873 1723,1839 1672,1873 1482,1846 1269,1882 1179,1825 961,1844"/>
                <Baseline points="971,1922 1027,1920 1084,1920 1140,1919 1197,1919 1253,1917 1310,1917 1366,1916 1423,1916 1479,1914 1536,1914 1593,1913 1649,1911 1706,1911 1762,1910 1819,1908 1875,1907 1932,1905 1988,1904 2045,1902 2102,1899"/>
                <TextEquiv>
                    <Unicode>πτώσεως ἐνθυμηθέντες, ἀνάστασιν</Unicode>
                </TextEquiv>
            </TextLine>
            <TextLine id="r1l18" custom="readingOrder {index:14;}">
                <Coords points="957,2057 1544,2022 1852,2054 2096,2010 2095,1963 1983,1939 1930,1972 1602,1941 1511,1986 1420,1943 1339,1987 1152,1956 956,1993"/>
                <Baseline points="965,2031 1021,2030 1077,2028 1133,2027 1189,2025 1245,2025 1301,2024 1357,2024 1413,2022 1469,2022 1526,2021 1582,2021 1638,2019 1694,2018 1750,2017 1806,2015 1862,2013 1918,2011 1974,2007 2030,2005 2087,2000"/>
                <TextEquiv>
                    <Unicode> γίνεσθαι τῆς ἐν ἡμῖν νεκρωθείσης </Unicode>
                </TextEquiv>
            </TextLine>
            <TextLine id="r1l19" custom="readingOrder {index:15;}">
                <Coords points="944,2127 1010,2164 1198,2123 1489,2166 1555,2118 1665,2149 2097,2104 2095,2019 1964,2075 1757,2030 1487,2081 1353,2055 1275,2089 1219,2044 1155,2088 1076,2053 943,2069"/>
                <Baseline points="953,2129 1009,2127 1066,2126 1123,2124 1180,2123 1236,2121 1293,2120 1350,2118 1407,2117 1463,2115 1520,2115 1577,2114 1634,2112 1690,2112 1747,2111 1804,2111 1861,2109 1917,2109 1974,2109 2031,2109 2088,2109"/>
                <TextEquiv>
                    <Unicode>ἀρετῆς ἀπιστήσωμεν. αμφότερα </Unicode>
                </TextEquiv>
            </TextLine>
            <TextLine id="r1l20" custom="readingOrder {index:16;}">
                <Coords points="954,2254 1974,2244 2101,2205 2087,2112 1972,2155 1766,2131 1600,2182 1509,2151 1433,2185 1049,2187 952,2154"/>
                <Baseline points="962,2234 1018,2231 1075,2228 1131,2227 1188,2225 1244,2223 1301,2222 1357,2220 1414,2219 1470,2217 1527,2216 1584,2214 1640,2214 1697,2213 1753,2211 1810,2210 1866,2208 1923,2205 1979,2204 2036,2202 2093,2199"/>
                <TextEquiv>
                    <Unicode>γάρ δυνατά τω θω• καί το κατελθεῖν </Unicode>
                </TextEquiv>
            </TextLine>
            <TextLine id="r1l21" custom="readingOrder {index:17;}">
                <Coords points="904,2370 1802,2316 1848,2351 2110,2306 2108,2233 2024,2214 1929,2274 1819,2228 1662,2283 1375,2289 1280,2240 1165,2292 901,2285"/>
                <Baseline points="912,2346 971,2342 1031,2339 1090,2336 1150,2333 1209,2330 1269,2328 1328,2327 1388,2324 1447,2323 1507,2322 1566,2321 1626,2319 1685,2318 1745,2316 1804,2315 1864,2313 1923,2312 1983,2309 2042,2307 2102,2304"/>
                <TextEquiv>
                    <Unicode>κ φωτίσαι τόν νοῦν ἡμῶν διά γνώσεως• </Unicode>
                </TextEquiv>
            </TextLine>
            <TextLine id="r1l22" custom="readingOrder {index:18;}">
                <Coords points="960,2463 1261,2423 1422,2466 1535,2433 1884,2452 2117,2405 2090,2354 1806,2333 958,2391"/>
                <Baseline points="968,2435 1025,2432 1082,2431 1139,2428 1196,2426 1253,2424 1310,2423 1367,2421 1424,2421 1481,2420 1538,2418 1595,2417 1652,2415 1709,2414 1766,2414 1823,2411 1880,2410 1937,2408 1994,2405 2051,2402 2108,2399"/>
                <TextEquiv>
                    <Unicode>κ το ἀναστῆσαι πάλιν τήν ἀρετήν ἐ</Unicode>
                </TextEquiv>
            </TextLine>
            <TextLine id="r1l23" custom="readingOrder {index:19;}">
                <Coords points="957,2553 2107,2529 2125,2399 1698,2475 1621,2445 1495,2486 955,2467"/>
                <Baseline points="965,2528 1022,2528 1080,2529 1138,2529 1196,2528 1253,2528 1311,2526 1369,2525 1427,2523 1484,2522 1542,2520 1600,2518 1658,2516 1715,2514 1773,2511 1831,2510 1889,2508 1946,2507 2004,2507 2062,2505 2120,2505"/>
                <TextEquiv>
                    <Unicode>ν ἡμῖν καί ἑαυτω συνυψῶσαι διά τῶν </Unicode>
                </TextEquiv>
            </TextLine>
            <TextLine id="r1l24" custom="readingOrder {index:20;}">
                <Coords points="972,2720 1038,2685 1113,2710 1232,2650 2072,2656 2070,2576 1901,2558 1823,2588 1599,2555 1491,2601 1314,2565 1256,2605 1128,2559 969,2595"/>
                <Baseline points="978,2652 1032,2649 1086,2648 1140,2646 1195,2643 1249,2642 1303,2640 1357,2638 1412,2636 1466,2636 1520,2634 1574,2633 1629,2631 1683,2630 1737,2630 1791,2628 1846,2628 1900,2628 1954,2627 2008,2627 2063,2628"/>
                <TextEquiv>
                    <Unicode>ἔργων τῆς δικαιοσύνης μή εἴπης γάρ </Unicode>
                </TextEquiv>
            </TextLine>
            <TextEquiv>
                <Unicode>Οὐκ ἔξω τῶν ζητούντων χρή ζητεῖσθαι &#13;
τόν κν• ἀλλ᾿ ἐν ἑαυτοῖς διά τήν ἐν ἔργοις &#13;
πίστεως, αὐτόν χρή ζητεῖν τούς ζη&#13;
τοῦντας. εγγύς σου γάρ φησι τό ῥῆμά&#13;
ἐστι ἐν τω στόματί σου καί ἐν τη καρ&#13;
δία σου• τουτέστι τό ῥῆμα τῆς πίστε&#13;
ως• ὡς αὐτοῦ ὄντος τοῦ χῦ και ῥήμα&#13;
τος κ ζητουμένου&#13;
Μήτε τό ὕψος τῆς θεϊκῆς ἀπειρίας ἐννοή&#13;
σαντες, ἀπελπίσωμεν τήν τοῦ θῦ &#13;
φιλανίαν ὡς οὐ φθάνουσαν διά τό &#13;
ὕψος μέχρις ἡμῶν μήτε ἄπειρον &#13;
βάθος τῆς ἡμῶν διά τήν ἁμαρτίαν &#13;
πτώσεως ἐνθυμηθέντες, ἀνάστασιν&#13;
 γίνεσθαι τῆς ἐν ἡμῖν νεκρωθείσης &#13;
ἀρετῆς ἀπιστήσωμεν. αμφότερα &#13;
γάρ δυνατά τω θω• καί το κατελθεῖν &#13;
κ φωτίσαι τόν νοῦν ἡμῶν διά γνώσεως• &#13;
κ το ἀναστῆσαι πάλιν τήν ἀρετήν ἐ&#13;
ν ἡμῖν καί ἑαυτω συνυψῶσαι διά τῶν &#13;
ἔργων τῆς δικαιοσύνης μή εἴπης γάρ </Unicode>
            </TextEquiv>
        </TextRegion>
    </Page>
</PcGts>
