<?xml version="1.0" encoding="UTF-8" standalone="yes"?>
<PcGts xmlns="http://schema.primaresearch.org/PAGE/gts/pagecontent/2013-07-15" xmlns:xsi="http://www.w3.org/2001/XMLSchema-instance" xsi:schemaLocation="http://schema.primaresearch.org/PAGE/gts/pagecontent/2013-07-15 http://schema.primaresearch.org/PAGE/gts/pagecontent/2013-07-15/pagecontent.xsd">
    <Metadata>
        <Creator>prov=University of Rostock/Institute of Mathematics/CITlab|PLANET AI GmbH/Gundram Leifert/gundram.leifert@planet-ai.de:name=HPGTR(htr_id=41125)::::v=2.6.7
prov=University of Rostock/Institute of Mathematics/CITlab|PLANET AI GmbH/Tobias Gruening/tobias.gruening@planet-ai.de:name=de.uros.citlab.module.baseline2polygon.B2PSeamMultiOriented:v=2.6.7
prov=University of Rostock/Institute of Mathematics/CITlab|PLANET AI GmbH/Tobias Gruening/tobias.gruening@planet-ai.de:name=/net_tf/LA73_249_0mod360.pb:de.uros.citlab.segmentation.CITlab_LA_ML:v=2.6.7
Transkribus</Creator>
        <Created>2021-09-19T17:37:23.678+03:00</Created>
        <LastChange>2023-06-04T19:55:32.725+02:00</LastChange>
        <TranskribusMetadata docId="1458633" pageId="56018962" pageNr="48" tsid="125671781" status="IN_PROGRESS" userId="99263" imgUrl="https://files.transkribus.eu/Get?id=BXIZBLEZTIAQVQDCNYRHOVYE&amp;fileType=view" xmlUrl="https://files.transkribus.eu/Get?id=HUIUZXZPKLGEGFJYVDQKKBAX" imageId="23265843"/>
    </Metadata>
    <Page imageFilename="0048_78 Bodleian-Library-MS-Barocci-59_00083_fol-46r.jpg" imageWidth="2494" imageHeight="3325">
        <ReadingOrder>
            <OrderedGroup id="ro_1686139447604" caption="Regions reading order">
                <RegionRefIndexed index="0" regionRef="r1"/>
                <RegionRefIndexed index="1" regionRef="r2"/>
            </OrderedGroup>
        </ReadingOrder>
        <TextRegion orientation="0.0" id="r1" custom="readingOrder {index:0;}">
            <Coords points="399,515 399,2643 1529,2643 1529,515"/>
            <TextLine id="r1l1" custom="readingOrder {index:0;}">
                <Coords points="392,609 794,567 1519,591 1518,535 1458,505 1034,521 932,479 839,519 736,481 664,529 391,530"/>
                <Baseline points="399,579 454,576 510,572 565,569 621,567 677,566 732,564 788,564 843,563 899,563 955,563 1010,564 1066,564 1121,564 1177,564 1233,564 1288,564 1344,564 1399,564 1455,564 1511,563"/>
                <TextEquiv>
                    <Unicode>φησίν ἐν τη καρδία σου τίς ἀναβή</Unicode>
                </TextEquiv>
            </TextLine>
            <TextLine id="r1l2" custom="readingOrder {index:1;}">
                <Coords points="410,703 1033,675 1498,710 1497,628 1357,642 1108,584 991,638 598,595 409,644"/>
                <Baseline points="416,687 469,684 523,683 577,681 630,679 684,678 738,677 791,677 845,677 899,677 953,677 1006,678 1060,678 1114,678 1167,678 1221,678 1275,678 1328,678 1382,678 1436,677 1490,675"/>
                <TextEquiv>
                    <Unicode>σεται εἰς τον οὐνόν τουτέστι χν κατά</Unicode>
                </TextEquiv>
            </TextLine>
            <TextLine id="r1l3" custom="readingOrder {index:2;}">
                <Coords points="403,806 646,768 1011,804 1522,769 1521,709 1286,732 1138,693 1069,735 524,741 402,698"/>
                <Baseline points="410,785 465,781 520,777 575,776 631,774 686,773 741,771 796,771 852,770 907,770 962,770 1017,770 1073,771 1128,771 1183,771 1238,771 1294,771 1349,771 1404,770 1459,769 1515,768"/>
                <TextEquiv>
                    <Unicode>γαγεῖν• ἤ, τις καταβήσεται εἰς τήν ἄβυ</Unicode>
                </TextEquiv>
            </TextLine>
            <TextLine id="r1l4" custom="readingOrder {index:3;}">
                <Coords points="404,894 648,872 1005,907 1281,861 1436,897 1507,871 1506,814 1029,834 838,799 787,838 403,851"/>
                <Baseline points="410,881 464,879 518,878 573,877 627,876 682,875 736,875 791,874 845,873 900,873 954,872 1008,872 1063,872 1117,870 1172,870 1226,869 1281,867 1335,866 1390,864 1444,862 1499,858"/>
                <TextEquiv>
                    <Unicode>σσον τουτέστι χν ἐκ νεκρῶν ἀναγα</Unicode>
                </TextEquiv>
            </TextLine>
            <TextLine id="r1l6" custom="readingOrder {index:4;}">
                <Coords points="408,998 783,1006 854,974 937,1010 996,983 1179,1020 1278,982 1512,1005 1512,939 1335,891 840,946 793,914 539,945 409,907"/>
                <Baseline points="416,983 470,981 524,979 579,977 633,977 688,975 742,975 797,975 851,975 906,975 960,975 1014,975 1069,977 1123,977 1178,978 1232,979 1287,980 1341,981 1396,981 1450,983 1505,983"/>
                <TextEquiv>
                    <Unicode>γεῖν. τυχόν δέ και κατ᾿ ἄλλην ἐκδοχήν,</Unicode>
                </TextEquiv>
            </TextLine>
            <TextLine id="r1l7" custom="readingOrder {index:5;}">
                <Coords points="399,1113 609,1081 1375,1096 1461,1083 1461,1036 1294,1003 1147,1041 713,1012 511,1048 398,1011"/>
                <Baseline points="405,1083 457,1082 510,1080 562,1079 615,1079 667,1077 720,1077 772,1076 825,1076 877,1076 930,1076 982,1076 1035,1076 1087,1076 1140,1076 1192,1076 1245,1076 1297,1076 1350,1076 1402,1077 1455,1077"/>
                <TextEquiv>
                    <Unicode>ἄβυσσός ἐστι, πάνα τά μετά θν• </Unicode>
                </TextEquiv>
            </TextLine>
            <TextLine id="r1l8" custom="readingOrder {index:6;}">
                <Coords points="397,1196 1133,1171 1324,1206 1505,1177 1505,1123 950,1137 817,1098 713,1137 396,1125"/>
                <Baseline points="404,1190 458,1187 513,1184 568,1181 623,1178 677,1176 732,1174 787,1172 842,1172 896,1170 951,1170 1006,1169 1061,1169 1115,1169 1170,1169 1225,1169 1280,1170 1334,1172 1389,1172 1444,1173 1499,1175"/>
                <TextEquiv>
                    <Unicode>ἐν οἷς ὅλος ὅλοις κατά πρόνοιαν ὁ </Unicode>
                </TextEquiv>
            </TextLine>
            <TextLine id="r1l9" custom="readingOrder {index:7;}">
                <Coords points="410,1324 623,1277 682,1308 915,1277 1486,1301 1486,1246 1438,1221 1042,1238 975,1199 912,1239 858,1214 787,1241 743,1205 698,1240 410,1246"/>
                <Baseline points="417,1283 470,1281 523,1280 576,1278 629,1277 682,1277 735,1275 788,1275 841,1274 894,1274 948,1274 1001,1274 1054,1274 1107,1274 1160,1274 1213,1275 1266,1275 1319,1277 1372,1278 1425,1280 1479,1281"/>
                <TextEquiv>
                    <Unicode>τοῦ θῦ γίνεται λόγος, ὡς ζωή νεκροῖς</Unicode>
                </TextEquiv>
            </TextLine>
            <TextLine id="r1l10" custom="readingOrder {index:8;}">
                <Coords points="411,1402 1499,1408 1516,1315 411,1322"/>
                <Baseline points="419,1389 473,1388 528,1386 582,1385 637,1382 691,1380 746,1379 800,1377 855,1376 909,1376 964,1375 1018,1374 1073,1376 1127,1376 1182,1377 1236,1378 1291,1380 1345,1383 1400,1386 1454,1391 1509,1395"/>
                <TextEquiv>
                    <Unicode>ἐπιφοιτῶσα τοῖς οὖσι νεκρά γάρ </Unicode>
                </TextEquiv>
            </TextLine>
            <TextLine id="r1l11" custom="readingOrder {index:9;}">
                <Coords points="428,1500 1522,1503 1522,1444 1484,1428 1208,1399 1073,1440 898,1442 841,1404 760,1444 428,1425"/>
                <Baseline points="435,1487 489,1485 543,1485 597,1484 651,1482 705,1481 759,1481 813,1479 867,1478 921,1478 975,1477 1029,1476 1083,1476 1137,1476 1191,1478 1245,1478 1299,1480 1353,1482 1407,1485 1461,1488 1515,1493"/>
                <TextEquiv>
                    <Unicode>πάντα καν ζῶντα μεθέξει ζωῆς. </Unicode>
                </TextEquiv>
            </TextLine>
            <TextLine id="r1l12" custom="readingOrder {index:10;}">
                <Coords points="415,1587 1522,1604 1522,1536 1432,1528 1067,1540 924,1501 799,1543 665,1505 415,1544"/>
                <Baseline points="422,1580 476,1580 531,1580 585,1578 640,1578 695,1578 749,1578 804,1578 859,1578 913,1578 968,1578 1023,1578 1077,1578 1132,1578 1187,1578 1241,1578 1296,1580 1351,1580 1405,1581 1460,1581 1515,1583"/>
                <TextEquiv>
                    <Unicode>οὐνόν δέ,τήν φυσικήν τοῦ θῦ κρυ</Unicode>
                </TextEquiv>
            </TextLine>
            <TextLine id="r1l13" custom="readingOrder {index:11;}">
                <Coords points="409,1723 777,1683 1145,1719 1524,1685 1516,1608 1424,1646 841,1648 759,1602 541,1607 464,1647 410,1621"/>
                <Baseline points="416,1688 471,1685 526,1682 581,1680 636,1680 691,1680 746,1680 801,1680 856,1681 911,1682 966,1683 1021,1683 1076,1685 1131,1686 1186,1686 1241,1686 1296,1687 1351,1686 1406,1686 1461,1685 1517,1683"/>
                <TextEquiv>
                    <Unicode>φιότητα καθ᾿ ἥν πᾶσίν ἐστιν ἀκατά</Unicode>
                </TextEquiv>
            </TextLine>
            <TextLine id="r1l14" custom="readingOrder {index:12;}">
                <Coords points="409,1806 1457,1815 1497,1793 1497,1727 1362,1708 1297,1751 1081,1759 1026,1712 824,1751 763,1721 631,1746 579,1709 409,1750"/>
                <Baseline points="416,1790 469,1788 523,1787 577,1787 630,1785 684,1785 738,1787 791,1787 845,1788 899,1788 953,1790 1006,1790 1060,1791 1114,1791 1167,1791 1221,1791 1275,1790 1328,1788 1382,1787 1436,1784 1490,1781"/>
                <TextEquiv>
                    <Unicode>ληπτος. Εἰ δέ τις πάλιν ἐκλάβοι </Unicode>
                </TextEquiv>
            </TextLine>
            <TextLine id="r1l15" custom="readingOrder {index:13;}">
                <Coords points="431,1906 613,1884 890,1926 975,1890 1020,1917 1237,1894 1470,1926 1513,1914 1514,1844 431,1829"/>
                <Baseline points="438,1884 491,1884 544,1884 598,1884 651,1886 705,1886 758,1886 811,1887 865,1887 918,1889 972,1889 1025,1889 1078,1890 1132,1890 1185,1890 1239,1890 1292,1890 1345,1889 1399,1889 1452,1887 1506,1886"/>
                <TextEquiv>
                    <Unicode>οὐνόν μέν εἶναι τόν τῆς θεολογίας </Unicode>
                </TextEquiv>
            </TextLine>
            <TextLine id="r1l16" custom="readingOrder {index:14;}">
                <Coords points="409,2005 1504,2014 1505,1950 1366,1962 1305,1927 1224,1961 992,1960 951,1925 801,1959 670,1898 554,1952 411,1930"/>
                <Baseline points="416,1992 470,1991 524,1991 578,1989 632,1989 686,1989 740,1989 794,1991 848,1991 902,1992 956,1992 1010,1994 1064,1995 1118,1996 1172,1998 1226,1999 1280,2001 1334,2003 1388,2005 1442,2007 1497,2009"/>
                <TextEquiv>
                    <Unicode>λόγον• ἄβυσσον δέ, τό τῆς οἰκονο</Unicode>
                </TextEquiv>
            </TextLine>
            <TextLine id="r1l17" custom="readingOrder {index:15;}">
                <Coords points="409,2116 578,2086 670,2120 735,2088 1500,2123 1520,2060 1291,2059 1177,2016 1065,2058 410,2030"/>
                <Baseline points="417,2081 471,2082 526,2083 581,2084 636,2085 690,2085 745,2087 800,2088 855,2088 909,2090 964,2091 1019,2092 1074,2093 1128,2094 1183,2096 1238,2097 1293,2097 1347,2099 1402,2100 1457,2102 1512,2103"/>
                <TextEquiv>
                    <Unicode>μίας μυστήριον οὐκ ἀπεικότως ἐ</Unicode>
                </TextEquiv>
            </TextLine>
            <TextLine id="r1l18" custom="readingOrder {index:16;}">
                <Coords points="411,2219 658,2189 1518,2225 1519,2125 1465,2118 1378,2168 1090,2122 1019,2157 943,2122 884,2154 751,2122 413,2148"/>
                <Baseline points="419,2183 473,2184 528,2184 582,2186 637,2187 692,2189 746,2190 801,2192 855,2193 910,2195 965,2195 1019,2196 1074,2198 1128,2199 1183,2199 1238,2201 1292,2201 1347,2201 1401,2201 1456,2201 1511,2201"/>
                <TextEquiv>
                    <Unicode>ρεῖ κατά τόν ἐμόν λόγον. αμφότερα </Unicode>
                </TextEquiv>
            </TextLine>
            <TextLine id="r1l19" custom="readingOrder {index:17;}">
                <Coords points="412,2315 1471,2331 1518,2322 1519,2265 1385,2235 1276,2268 413,2243"/>
                <Baseline points="420,2283 474,2287 529,2289 583,2292 638,2294 692,2297 747,2298 801,2300 856,2301 910,2303 965,2303 1020,2304 1074,2304 1129,2304 1183,2306 1238,2306 1292,2306 1347,2306 1401,2306 1456,2307 1511,2307"/>
                <TextEquiv>
                    <Unicode>γάρ δυσεπίβατα τοῖς ἀποδεικτι</Unicode>
                </TextEquiv>
            </TextLine>
            <TextLine id="r1l20" custom="readingOrder {index:18;}">
                <Coords points="415,2403 813,2405 896,2437 1274,2402 1341,2452 1521,2420 1522,2377 1453,2337 1306,2368 1248,2336 1098,2366 994,2333 815,2364 416,2332"/>
                <Baseline points="423,2381 477,2385 532,2388 586,2391 641,2394 696,2396 750,2397 805,2399 859,2400 914,2402 969,2402 1023,2403 1078,2403 1132,2403 1187,2403 1242,2403 1296,2403 1351,2403 1405,2403 1460,2403 1515,2403"/>
                <TextEquiv>
                    <Unicode>κῶς ζητεῖν ἐπιχειροῦσι• μᾶλλον δέ </Unicode>
                </TextEquiv>
            </TextLine>
            <TextLine id="r1l21" custom="readingOrder {index:19;}">
                <Coords points="437,2492 643,2535 709,2499 1112,2544 1498,2517 1499,2460 1238,2468 1119,2414 950,2462 849,2427 762,2463 704,2421 574,2451 439,2419"/>
                <Baseline points="444,2483 496,2484 548,2486 601,2487 653,2489 705,2490 758,2493 810,2495 862,2498 915,2501 967,2502 1019,2504 1072,2505 1124,2507 1176,2508 1229,2508 1281,2508 1333,2508 1386,2507 1438,2505 1491,2504"/>
                <TextEquiv>
                    <Unicode>παντελῶς ἄβατα, δίχα πίστεως </Unicode>
                </TextEquiv>
            </TextLine>
            <TextLine id="r1l22" custom="readingOrder {index:20;}">
                <Coords points="426,2642 559,2652 671,2608 872,2654 952,2614 1069,2637 1070,2561 959,2575 892,2549 857,2574 795,2551 750,2562 708,2525 656,2545 588,2524 504,2559 428,2544"/>
                <Baseline points="434,2604 465,2603 496,2601 528,2600 559,2600 591,2600 622,2601 653,2602 685,2604 716,2605 748,2607 779,2609 810,2610 842,2610 873,2612 905,2612 936,2612 967,2612 999,2611 1030,2609 1062,2606"/>
                <TextEquiv>
                    <Unicode>ἐρευνώμενα. </Unicode>
                </TextEquiv>
            </TextLine>
            <TextEquiv>
                <Unicode>φησίν ἐν τη καρδία σου τίς ἀναβή&#13;
σεται εἰς τον οὐνόν τουτέστι χν κατά&#13;
γαγεῖν• ἤ, τις καταβήσεται εἰς τήν ἄβυ&#13;
σσον τουτέστι χν ἐκ νεκρῶν ἀναγα&#13;
γεῖν. τυχόν δέ και κατ᾿ ἄλλην ἐκδοχήν,&#13;
ἄβυσσός ἐστι, πάνα τά μετά θν• &#13;
ἐν οἷς ὅλος ὅλοις κατά πρόνοιαν ὁ &#13;
τοῦ θῦ γίνεται λόγος, ὡς ζωή νεκροῖς&#13;
ἐπιφοιτῶσα τοῖς οὖσι νεκρά γάρ &#13;
πάντα καν ζῶντα μεθέξει ζωῆς. &#13;
οὐνόν δέ,τήν φυσικήν τοῦ θῦ κρυ&#13;
φιότητα καθ᾿ ἥν πᾶσίν ἐστιν ἀκατά&#13;
ληπτος. Εἰ δέ τις πάλιν ἐκλάβοι &#13;
οὐνόν μέν εἶναι τόν τῆς θεολογίας &#13;
λόγον• ἄβυσσον δέ, τό τῆς οἰκονο&#13;
μίας μυστήριον οὐκ ἀπεικότως ἐ&#13;
ρεῖ κατά τόν ἐμόν λόγον. αμφότερα &#13;
γάρ δυσεπίβατα τοῖς ἀποδεικτι&#13;
κῶς ζητεῖν ἐπιχειροῦσι• μᾶλλον δέ &#13;
παντελῶς ἄβατα, δίχα πίστεως &#13;
ἐρευνώμενα. </Unicode>
            </TextEquiv>
        </TextRegion>
        <TextRegion orientation="0.0" id="r2" custom="readingOrder {index:1;}">
            <Coords points="1976,209 1976,362 2024,362 2024,209"/>
            <TextEquiv>
                <Unicode></Unicode>
            </TextEquiv>
        </TextRegion>
    </Page>
</PcGts>
