<?xml version="1.0" encoding="UTF-8" standalone="yes"?>
<PcGts xmlns="http://schema.primaresearch.org/PAGE/gts/pagecontent/2013-07-15" xmlns:xsi="http://www.w3.org/2001/XMLSchema-instance" xsi:schemaLocation="http://schema.primaresearch.org/PAGE/gts/pagecontent/2013-07-15 http://schema.primaresearch.org/PAGE/gts/pagecontent/2013-07-15/pagecontent.xsd">
    <Metadata>
        <Creator>prov=University of Rostock/Institute of Mathematics/CITlab|PLANET AI GmbH/Gundram Leifert/gundram.leifert@planet-ai.de:name=HPGTR(htr_id=41125)::::v=2.6.7
prov=University of Rostock/Institute of Mathematics/CITlab|PLANET AI GmbH/Tobias Gruening/tobias.gruening@planet-ai.de:name=de.uros.citlab.module.baseline2polygon.B2PSeamMultiOriented:v=2.6.7
prov=University of Rostock/Institute of Mathematics/CITlab|PLANET AI GmbH/Tobias Gruening/tobias.gruening@planet-ai.de:name=/net_tf/LA73_249_0mod360.pb:de.uros.citlab.segmentation.CITlab_LA_ML:v=2.6.7
Transkribus</Creator>
        <Created>2021-09-19T17:37:23.826+03:00</Created>
        <LastChange>2023-06-04T20:00:09.272+02:00</LastChange>
        <TranskribusMetadata docId="1458633" pageId="56018963" pageNr="49" tsid="125671837" status="IN_PROGRESS" userId="99263" imgUrl="https://files.transkribus.eu/Get?id=ZIQCYSPAPKIASSTMPRFVZYHH&amp;fileType=view" xmlUrl="https://files.transkribus.eu/Get?id=JBMBNPBNZFLXBJIJNZXOYMNC" imageId="23265844"/>
    </Metadata>
    <Page imageFilename="0049_79 Bodleian-Library-MS-Barocci-59_00084_fol-46v.jpg" imageWidth="2494" imageHeight="3325">
        <ReadingOrder>
            <OrderedGroup id="ro_1686139447840" caption="Regions reading order">
                <RegionRefIndexed index="0" regionRef="r1"/>
                <RegionRefIndexed index="1" regionRef="r2"/>
                <RegionRefIndexed index="2" regionRef="r3"/>
            </OrderedGroup>
        </ReadingOrder>
        <TextRegion orientation="0.0" id="r1" custom="readingOrder {index:0;}">
            <Coords points="630,520 630,682 768,682 768,520"/>
            <TextEquiv>
                <Unicode></Unicode>
            </TextEquiv>
        </TextRegion>
        <TextRegion orientation="0.0" id="r2" custom="readingOrder {index:1;}">
            <Coords points="749,1717 749,1879 887,1879 887,1717"/>
            <TextEquiv>
                <Unicode></Unicode>
            </TextEquiv>
        </TextRegion>
        <TextRegion orientation="0.0" id="r3" custom="readingOrder {index:2;}">
            <Coords points="932,505 932,2644 2118,2644 2118,505"/>
            <TextLine id="r3l2" custom="readingOrder {index:0;}">
                <Coords points="925,634 1144,587 1576,613 1650,579 2056,624 2106,602 2106,490 1877,544 1607,477 1440,540 1309,537 1250,492 1033,548 925,506"/>
                <Baseline points="932,585 990,585 1048,584 1107,584 1165,584 1223,582 1282,582 1340,581 1398,581 1457,581 1515,580 1573,579 1632,579 1690,579 1748,580 1807,581 1865,581 1923,582 1982,584 2040,585 2099,588"/>
                <TextEquiv>
                    <Unicode>εν μέν πρακτικω τοῖς τῶν ἀρετῶν </Unicode>
                </TextEquiv>
            </TextLine>
            <TextLine id="r3l3" custom="readingOrder {index:1;}">
                <Coords points="964,725 1028,746 1242,690 1361,729 1468,694 1966,720 2107,701 2108,664 1863,597 1595,621 1543,660 1305,616 1106,662 964,638"/>
                <Baseline points="972,699 1028,698 1084,698 1141,696 1197,695 1254,694 1310,693 1366,692 1423,690 1479,689 1536,689 1592,689 1648,689 1705,689 1761,690 1818,693 1874,695 1930,698 1987,704 2043,709 2100,714"/>
                <TextEquiv>
                    <Unicode>τρόποις παχυνόμενος ὁ λόγος, γί</Unicode>
                </TextEquiv>
            </TextLine>
            <TextLine id="r3l4" custom="readingOrder {index:2;}">
                <Coords points="976,819 1438,781 1721,831 2101,787 2100,743 976,728"/>
                <Baseline points="984,794 1039,794 1094,794 1150,792 1205,792 1261,791 1316,790 1372,789 1427,788 1483,787 1538,786 1593,785 1649,785 1704,785 1760,785 1815,785 1871,786 1926,788 1982,789 2037,792 2093,795"/>
                <TextEquiv>
                    <Unicode>νεται σάρξ• ἐν δέ τω θεωρητικω, τοῖς </Unicode>
                </TextEquiv>
            </TextLine>
            <TextLine id="r3l5" custom="readingOrder {index:3;}">
                <Coords points="965,890 2095,909 2066,841 1811,856 1672,812 965,836"/>
                <Baseline points="972,887 1027,887 1083,885 1139,884 1195,884 1251,882 1306,882 1362,882 1418,882 1474,882 1530,882 1585,882 1641,884 1697,884 1753,885 1809,887 1864,888 1920,889 1976,891 2032,893 2088,894"/>
                <TextEquiv>
                    <Unicode>πνικοῖς νοήμασι λεπτυνόμενος, γί</Unicode>
                </TextEquiv>
            </TextLine>
            <TextLine id="r3l6" custom="readingOrder {index:4;}">
                <Coords points="974,1005 2066,1024 2066,956 1841,902 1638,959 1523,928 1289,955 1228,915 1137,956 974,917"/>
                <Baseline points="981,996 1034,995 1088,993 1142,992 1196,991 1250,990 1304,990 1357,989 1411,989 1465,989 1519,989 1573,989 1627,989 1681,990 1734,990 1788,992 1842,993 1896,994 1950,996 2004,998 2058,1001"/>
                <TextEquiv>
                    <Unicode>νεται ὥσπερ ἦν ἐν ἀρχη θς λόγος προ</Unicode>
                </TextEquiv>
            </TextLine>
            <TextLine id="r3l7" custom="readingOrder {index:5;}">
                <Coords points="983,1114 1284,1088 1386,1139 1547,1096 2102,1108 2102,1070 2019,1030 1806,1054 1666,1009 1576,1053 1414,1026 984,1051"/>
                <Baseline points="990,1094 1045,1092 1100,1091 1155,1089 1210,1088 1266,1088 1321,1088 1376,1088 1431,1088 1486,1088 1542,1088 1597,1088 1652,1089 1707,1089 1762,1091 1818,1092 1873,1092 1928,1094 1983,1095 2038,1095 2094,1097"/>
                <TextEquiv>
                    <Unicode>τον πρα ποιεῖ σάρκα τόν λόγον, </Unicode>
                </TextEquiv>
            </TextLine>
            <TextLine id="r3l8" custom="readingOrder {index:6;}">
                <Coords points="964,1198 1626,1229 1723,1189 1926,1236 2125,1188 2125,1156 1900,1119 1855,1151 1559,1110 1494,1150 1328,1108 964,1141"/>
                <Baseline points="971,1188 1028,1187 1085,1184 1143,1181 1200,1181 1257,1179 1315,1179 1372,1179 1429,1180 1487,1181 1544,1182 1601,1184 1659,1184 1716,1186 1773,1187 1831,1188 1888,1190 1945,1191 2003,1191 2060,1193 2118,1193"/>
                <TextEquiv>
                    <Unicode>ὁ παραδείγμασι καί ῥήμασι παχυτέ</Unicode>
                </TextEquiv>
            </TextLine>
            <TextLine id="r3l9" custom="readingOrder {index:7;}">
                <Coords points="962,1320 1355,1289 1524,1345 1606,1296 2001,1320 2098,1279 2055,1246 1611,1219 1494,1254 1297,1218 963,1247"/>
                <Baseline points="969,1283 1025,1283 1081,1284 1137,1284 1193,1285 1249,1286 1305,1286 1361,1286 1417,1287 1473,1287 1530,1287 1586,1289 1642,1289 1698,1290 1754,1290 1810,1292 1866,1293 1922,1293 1978,1295 2034,1297 2091,1299"/>
                <TextEquiv>
                    <Unicode>ροις διά τήν ἀνάλογον τῶν ἀκουόν</Unicode>
                </TextEquiv>
            </TextLine>
            <TextLine id="r3l10" custom="readingOrder {index:8;}">
                <Coords points="976,1418 1150,1388 1202,1417 2093,1420 2073,1347 1847,1316 1709,1356 977,1333"/>
                <Baseline points="984,1389 1039,1389 1094,1391 1149,1391 1204,1389 1259,1389 1314,1389 1369,1389 1424,1389 1479,1389 1534,1389 1589,1389 1644,1389 1699,1391 1754,1391 1809,1392 1864,1394 1919,1395 1974,1398 2029,1401 2085,1404"/>
                <TextEquiv>
                    <Unicode>των δύναμιν, ἠθικήν τοῦ λόγου τήν </Unicode>
                </TextEquiv>
            </TextLine>
            <TextLine id="r3l11" custom="readingOrder {index:9;}">
                <Coords points="954,1511 1403,1493 1777,1536 1827,1498 2054,1505 2054,1440 1977,1415 1902,1455 1850,1420 1686,1457 1342,1453 1192,1412 1009,1449 955,1419"/>
                <Baseline points="962,1485 1016,1485 1070,1485 1124,1485 1178,1485 1233,1485 1287,1485 1341,1485 1395,1485 1449,1485 1504,1485 1558,1485 1612,1487 1666,1487 1720,1488 1775,1490 1829,1491 1883,1493 1937,1496 1991,1499 2046,1502"/>
                <TextEquiv>
                    <Unicode>διδασκαλίαν ποιούμενος• κ πάλιν</Unicode>
                </TextEquiv>
            </TextLine>
            <TextLine id="r3l12" custom="readingOrder {index:10;}">
                <Coords points="976,1610 1642,1627 1718,1594 1893,1638 2099,1607 2099,1543 1835,1515 1797,1551 1648,1557 1515,1504 1372,1548 1254,1505 976,1555"/>
                <Baseline points="984,1595 1039,1593 1094,1592 1150,1592 1205,1590 1260,1590 1316,1590 1371,1589 1426,1589 1482,1589 1537,1589 1592,1589 1648,1589 1703,1590 1758,1590 1814,1590 1869,1592 1924,1592 1980,1593 2035,1595 2091,1596"/>
                <TextEquiv>
                    <Unicode>ποιεῖ πνα τόν λόγον, ὁ τοῖς ὑψηλοῖς </Unicode>
                </TextEquiv>
            </TextLine>
            <TextLine id="r3l13" custom="readingOrder {index:11;}">
                <Coords points="961,1702 1098,1741 1148,1704 1351,1736 1434,1697 2093,1726 2093,1650 1935,1618 1772,1657 1309,1623 1043,1662 962,1615"/>
                <Baseline points="969,1692 1024,1692 1080,1692 1136,1692 1192,1694 1248,1694 1303,1694 1359,1694 1415,1694 1471,1694 1527,1694 1582,1694 1638,1694 1694,1694 1750,1694 1806,1694 1861,1694 1917,1695 1973,1695 2029,1697 2085,1697"/>
                <TextEquiv>
                    <Unicode>θεωρήμασι την μυστικήν ἐκτιθέμενος </Unicode>
                </TextEquiv>
            </TextLine>
            <TextLine id="r3l14" custom="readingOrder {index:12;}">
                <Coords points="961,1822 1325,1794 1395,1829 1859,1799 2077,1826 2106,1741 1890,1763 1762,1718 1468,1763 1389,1715 1310,1765 961,1745"/>
                <Baseline points="968,1799 1024,1800 1081,1802 1137,1803 1194,1803 1250,1803 1307,1803 1363,1802 1420,1802 1476,1800 1533,1800 1590,1799 1646,1799 1703,1797 1759,1797 1816,1797 1872,1797 1929,1797 1985,1799 2042,1800 2099,1802"/>
                <TextEquiv>
                    <Unicode>θεολογίαν Ὁ μέν ἐκ τῶν θέσεων </Unicode>
                </TextEquiv>
            </TextLine>
            <TextLine id="r3l15" custom="readingOrder {index:13;}">
                <Coords points="970,1922 2114,1906 2114,1858 2042,1840 1892,1865 1708,1812 1541,1860 1407,1825 1135,1861 1065,1821 970,1856"/>
                <Baseline points="978,1899 1034,1899 1090,1899 1147,1899 1203,1899 1260,1899 1316,1899 1372,1899 1429,1899 1485,1899 1542,1899 1598,1899 1654,1900 1711,1901 1767,1901 1824,1901 1880,1901 1936,1901 1993,1901 2049,1899 2106,1899"/>
                <TextEquiv>
                    <Unicode>καταφατικῶς θεολογῶν, σάρκα ποι</Unicode>
                </TextEquiv>
            </TextLine>
            <TextLine id="r3l16" custom="readingOrder {index:14;}">
                <Coords points="968,2022 2077,2032 2085,1945 1721,1963 1535,1921 1415,1969 1297,1929 1220,1968 968,1965"/>
                <Baseline points="975,2016 1030,2014 1085,2012 1140,2010 1195,2009 1250,2009 1305,2007 1361,2007 1416,2007 1471,2007 1526,2007 1581,2007 1636,2007 1691,2007 1747,2007 1802,2006 1857,2006 1912,2004 1967,2003 2022,2001 2078,1998"/>
                <TextEquiv>
                    <Unicode>εῖ τόν λόγον• οὐκ ἔχων ἄλλοθεν, ἤ ἐκ </Unicode>
                </TextEquiv>
            </TextLine>
            <TextLine id="r3l17" custom="readingOrder {index:15;}">
                <Coords points="971,2130 1746,2109 1804,2138 1886,2099 2049,2128 2112,2104 2112,2040 1748,2067 1638,2027 1408,2066 1278,2029 1204,2068 970,2074"/>
                <Baseline points="978,2109 1034,2108 1090,2106 1147,2105 1203,2103 1259,2103 1316,2102 1372,2102 1428,2102 1485,2102 1541,2102 1597,2102 1654,2102 1710,2102 1766,2100 1823,2100 1879,2100 1935,2099 1992,2099 2048,2097 2105,2096"/>
                <TextEquiv>
                    <Unicode>τῶν ὁρωμένων καί ψηλαφωμένων </Unicode>
                </TextEquiv>
            </TextLine>
            <TextLine id="r3l18" custom="readingOrder {index:16;}">
                <Coords points="972,2242 1573,2210 1719,2236 1815,2203 1985,2228 2107,2197 2107,2153 1934,2165 1868,2132 1520,2170 1382,2132 1273,2171 1137,2133 971,2175"/>
                <Baseline points="978,2213 1034,2211 1090,2210 1146,2208 1202,2208 1258,2207 1314,2207 1370,2205 1426,2205 1482,2205 1538,2204 1594,2204 1650,2204 1706,2203 1762,2202 1818,2202 1874,2201 1930,2201 1986,2199 2042,2198 2099,2198"/>
                <TextEquiv>
                    <Unicode>τόν θν γινώσκειν ὡς αἴτιον• ὁ δε ἀπο</Unicode>
                </TextEquiv>
            </TextLine>
            <TextLine id="r3l19" custom="readingOrder {index:17;}">
                <Coords points="965,2345 1264,2310 2042,2324 2103,2310 2103,2263 1896,2229 1806,2267 1498,2250 1430,2280 964,2243"/>
                <Baseline points="972,2316 1028,2316 1084,2315 1140,2313 1196,2313 1253,2312 1309,2312 1365,2310 1421,2310 1477,2310 1534,2309 1590,2309 1646,2308 1702,2307 1758,2307 1815,2306 1871,2306 1927,2304 1983,2304 2039,2303 2096,2303"/>
                <TextEquiv>
                    <Unicode>φατικῶς ἐκ τῶν ἀφαιρέσεων θεολογῶν, </Unicode>
                </TextEquiv>
            </TextLine>
            <TextLine id="r3l20" custom="readingOrder {index:18;}">
                <Coords points="990,2428 1959,2431 2092,2409 2091,2355 989,2378"/>
                <Baseline points="996,2415 1050,2414 1104,2412 1159,2411 1213,2409 1268,2409 1322,2408 1376,2408 1431,2408 1485,2408 1540,2406 1594,2406 1648,2406 1703,2406 1757,2406 1812,2405 1866,2405 1920,2403 1975,2402 2029,2402 2084,2399"/>
                <TextEquiv>
                    <Unicode>πνα ποιεῖ τόν λόγον ὡς ἐν ἀρχη θν </Unicode>
                </TextEquiv>
            </TextLine>
            <TextLine id="r3l21" custom="readingOrder {index:19;}">
                <Coords points="971,2525 1319,2553 1481,2514 2110,2524 2109,2464 2055,2437 1993,2467 1878,2432 1712,2469 1614,2435 1429,2476 971,2477"/>
                <Baseline points="978,2516 1034,2514 1090,2513 1146,2513 1202,2511 1259,2511 1315,2511 1371,2511 1427,2510 1483,2510 1540,2510 1596,2508 1652,2508 1708,2507 1764,2507 1821,2505 1877,2505 1933,2503 1989,2502 2045,2499 2102,2498"/>
                <TextEquiv>
                    <Unicode>ὄντα, καί πρός θν ὄντα, ἐξ οὐδε</Unicode>
                </TextEquiv>
            </TextLine>
            <TextLine id="r3l22" custom="readingOrder {index:20;}">
                <Coords points="970,2635 1997,2647 2109,2602 2034,2546 1868,2579 1708,2537 1624,2583 1474,2580 1409,2535 1293,2577 1132,2540 970,2572"/>
                <Baseline points="978,2622 1034,2621 1090,2621 1146,2621 1202,2621 1259,2621 1315,2621 1371,2622 1427,2622 1483,2622 1540,2622 1596,2622 1652,2622 1708,2621 1764,2621 1821,2619 1877,2618 1933,2616 1989,2613 2045,2610 2102,2607"/>
                <TextEquiv>
                    <Unicode>νός τό παράπαν τῶν γνωσθῆναι δυ </Unicode>
                </TextEquiv>
            </TextLine>
            <TextEquiv>
                <Unicode>εν μέν πρακτικω τοῖς τῶν ἀρετῶν &#13;
τρόποις παχυνόμενος ὁ λόγος, γί&#13;
νεται σάρξ• ἐν δέ τω θεωρητικω, τοῖς &#13;
πνικοῖς νοήμασι λεπτυνόμενος, γί&#13;
νεται ὥσπερ ἦν ἐν ἀρχη θς λόγος προ&#13;
τον πρα ποιεῖ σάρκα τόν λόγον, &#13;
ὁ παραδείγμασι καί ῥήμασι παχυτέ&#13;
ροις διά τήν ἀνάλογον τῶν ἀκουόν&#13;
των δύναμιν, ἠθικήν τοῦ λόγου τήν &#13;
διδασκαλίαν ποιούμενος• κ πάλιν&#13;
ποιεῖ πνα τόν λόγον, ὁ τοῖς ὑψηλοῖς &#13;
θεωρήμασι την μυστικήν ἐκτιθέμενος &#13;
θεολογίαν Ὁ μέν ἐκ τῶν θέσεων &#13;
καταφατικῶς θεολογῶν, σάρκα ποι&#13;
εῖ τόν λόγον• οὐκ ἔχων ἄλλοθεν, ἤ ἐκ &#13;
τῶν ὁρωμένων καί ψηλαφωμένων &#13;
τόν θν γινώσκειν ὡς αἴτιον• ὁ δε ἀπο&#13;
φατικῶς ἐκ τῶν ἀφαιρέσεων θεολογῶν, &#13;
πνα ποιεῖ τόν λόγον ὡς ἐν ἀρχη θν &#13;
ὄντα, καί πρός θν ὄντα, ἐξ οὐδε&#13;
νός τό παράπαν τῶν γνωσθῆναι δυ </Unicode>
            </TextEquiv>
        </TextRegion>
    </Page>
</PcGts>
