<?xml version="1.0" encoding="UTF-8" standalone="yes"?>
<PcGts xmlns="http://schema.primaresearch.org/PAGE/gts/pagecontent/2013-07-15" xmlns:xsi="http://www.w3.org/2001/XMLSchema-instance" xsi:schemaLocation="http://schema.primaresearch.org/PAGE/gts/pagecontent/2013-07-15 http://schema.primaresearch.org/PAGE/gts/pagecontent/2013-07-15/pagecontent.xsd">
    <Metadata>
        <Creator>prov=University of Rostock/Institute of Mathematics/CITlab|PLANET AI GmbH/Gundram Leifert/gundram.leifert@planet-ai.de:name=HPGTR(htr_id=41125)::::v=2.6.7
prov=University of Rostock/Institute of Mathematics/CITlab|PLANET AI GmbH/Tobias Gruening/tobias.gruening@planet-ai.de:name=de.uros.citlab.module.baseline2polygon.B2PSeamMultiOriented:v=2.6.7
prov=University of Rostock/Institute of Mathematics/CITlab|PLANET AI GmbH/Tobias Gruening/tobias.gruening@planet-ai.de:name=/net_tf/LA73_249_0mod360.pb:de.uros.citlab.segmentation.CITlab_LA_ML:v=2.6.7
Transkribus</Creator>
        <Created>2021-09-19T17:37:23.951+03:00</Created>
        <LastChange>2023-06-04T20:06:09.142+02:00</LastChange>
        <TranskribusMetadata docId="1458633" pageId="56018964" pageNr="50" tsid="125671888" status="IN_PROGRESS" userId="99263" imgUrl="https://files.transkribus.eu/Get?id=QYAMMDFQGPWYTIOZSKMQOUQT&amp;fileType=view" xmlUrl="https://files.transkribus.eu/Get?id=RBQFHQPGUGTYXGRTWUBFQNFL" imageId="23265845"/>
    </Metadata>
    <Page imageFilename="0050_80 Bodleian-Library-MS-Barocci-59_00085_fol-47r.jpg" imageWidth="2494" imageHeight="3325">
        <ReadingOrder>
            <OrderedGroup id="ro_1686139447986" caption="Regions reading order">
                <RegionRefIndexed index="0" regionRef="r1"/>
                <RegionRefIndexed index="1" regionRef="r2"/>
                <RegionRefIndexed index="2" regionRef="r3"/>
                <RegionRefIndexed index="3" regionRef="r4"/>
            </OrderedGroup>
        </ReadingOrder>
        <TextRegion orientation="0.0" id="r1" custom="readingOrder {index:0;}">
            <Coords points="314,272 314,2654 1580,2654 1580,272"/>
            <TextLine id="r1l2" custom="readingOrder {index:0;}">
                <Coords points="339,616 1267,583 1366,628 1565,579 1563,502 1426,461 1269,532 925,533 812,477 695,532 572,508 338,560"/>
                <Baseline points="347,606 407,601 468,598 528,595 589,591 649,590 710,588 770,587 831,585 891,584 952,582 1012,582 1073,581 1133,581 1194,580 1254,579 1315,578 1375,577 1436,576 1496,573 1557,572"/>
                <TextEquiv>
                    <Unicode>ναμένων καλῶς γινώσκων τόν ὑπεράγνωστον</Unicode>
                </TextEquiv>
            </TextLine>
            <TextLine id="r1l4" custom="readingOrder {index:1;}">
                <Coords points="307,736 1067,691 1367,698 1504,744 1503,649 1052,584 934,651 756,607 703,651 305,643"/>
                <Baseline points="314,714 373,710 432,707 491,704 550,701 609,699 668,696 727,695 786,693 845,692 905,690 964,690 1023,689 1082,689 1141,689 1200,689 1259,689 1318,690 1377,690 1436,690 1496,692"/>
                <TextEquiv>
                    <Unicode>Ὁ μαθών ὀρύσειν κατά τούς πριάρχας </Unicode>
                </TextEquiv>
            </TextLine>
            <TextLine id="r1l5" custom="readingOrder {index:2;}">
                <Coords points="352,830 691,827 805,789 961,824 1085,787 1124,817 1244,783 1446,801 1497,789 1496,742 1243,695 1181,740 1029,700 949,738 732,706 410,769 349,731"/>
                <Baseline points="359,815 415,811 472,807 528,806 585,801 641,799 698,797 754,794 811,792 867,790 924,788 981,786 1037,786 1094,785 1150,783 1207,783 1263,783 1320,783 1376,785 1433,785 1490,786"/>
                <TextEquiv>
                    <Unicode>διά πράξεως καί θεωρίας τά ἐν αὐτῷ τῆς </Unicode>
                </TextEquiv>
            </TextLine>
            <TextLine id="r1l6" custom="readingOrder {index:3;}">
                <Coords points="352,926 433,958 484,918 823,900 884,951 1048,890 1483,905 1481,831 1261,846 1059,804 950,849 551,864 475,823 351,854"/>
                <Baseline points="360,909 415,906 471,903 527,902 583,900 638,897 694,896 750,894 806,893 861,891 917,890 973,888 1029,888 1084,887 1140,887 1196,887 1252,887 1307,888 1363,888 1419,890 1475,891"/>
                <TextEquiv>
                    <Unicode>ἀρετῆς κ τῆς γνώσεως φρέατα, τόν χν ἔν</Unicode>
                </TextEquiv>
            </TextLine>
            <TextLine id="r1l7" custom="readingOrder {index:4;}">
                <Coords points="361,1025 546,1056 669,999 720,1030 788,1000 1285,1010 1513,956 1390,905 1257,905 1203,947 1046,909 970,953 793,908 637,959 358,933"/>
                <Baseline points="368,1011 424,1010 481,1009 538,1008 595,1005 652,1004 709,1002 765,1000 822,998 879,996 936,995 993,992 1050,990 1107,989 1163,987 1220,986 1277,984 1334,983 1391,982 1448,981 1505,981"/>
                <TextEquiv>
                    <Unicode>δον εὑρήσει τήν πηγήν τῆς ζωῆς• ἀ</Unicode>
                </TextEquiv>
            </TextLine>
            <TextLine id="r1l8" custom="readingOrder {index:5;}">
                <Coords points="369,1154 720,1096 1030,1126 1176,1099 1242,1141 1338,1093 1496,1107 1480,1023 1275,1045 1162,1012 923,1052 850,1016 592,1062 452,1024 367,1065"/>
                <Baseline points="375,1116 430,1113 486,1109 541,1106 597,1104 653,1101 708,1098 764,1097 819,1095 875,1094 931,1092 986,1091 1042,1089 1097,1088 1153,1088 1209,1086 1264,1086 1320,1085 1375,1085 1431,1085 1487,1085"/>
                <TextEquiv>
                    <Unicode>φ᾿ ἧς πίνειν ἡμᾶς ἡ σοφία παρακελε</Unicode>
                </TextEquiv>
            </TextLine>
            <TextLine id="r1l9" custom="readingOrder {index:6;}">
                <Coords points="383,1231 876,1183 975,1223 1498,1186 1497,1137 1176,1150 1072,1098 999,1148 765,1171 645,1107 382,1154"/>
                <Baseline points="390,1214 445,1210 500,1208 555,1206 610,1203 665,1202 720,1200 775,1200 830,1199 885,1197 940,1196 995,1196 1050,1194 1105,1193 1160,1193 1215,1191 1270,1190 1325,1188 1380,1187 1435,1185 1490,1182"/>
                <TextEquiv>
                    <Unicode>ύεται λέγουσα• πίνε ὕδατα ἀπό </Unicode>
                </TextEquiv>
            </TextLine>
            <TextLine id="r1l10" custom="readingOrder {index:7;}">
                <Coords points="358,1330 1124,1298 1333,1327 1567,1292 1565,1228 356,1266"/>
                <Baseline points="366,1317 425,1316 485,1314 545,1312 604,1310 664,1309 724,1307 783,1305 843,1304 903,1302 963,1299 1022,1298 1082,1296 1142,1295 1201,1293 1261,1291 1321,1289 1380,1287 1440,1286 1500,1285 1560,1284"/>
                <TextEquiv>
                    <Unicode>σῶν ἀγγείων καί ἀπό σῶν φρεάτων</Unicode>
                </TextEquiv>
            </TextLine>
            <TextLine id="r1l11" custom="readingOrder {index:8;}">
                <Coords points="359,1417 1242,1425 1506,1397 1505,1322 714,1362 502,1320 358,1362"/>
                <Baseline points="366,1407 422,1404 479,1403 535,1401 592,1400 649,1398 705,1398 762,1397 819,1397 875,1397 932,1395 989,1395 1045,1394 1102,1394 1159,1392 1215,1391 1272,1390 1329,1388 1385,1386 1442,1383 1499,1379"/>
                <TextEquiv>
                    <Unicode>πηγῆς• ὅπερ ποιοῦντες, εὑρήσομεν</Unicode>
                </TextEquiv>
            </TextLine>
            <TextLine id="r1l13" custom="readingOrder {index:9;}">
                <Coords points="373,1524 1412,1523 1575,1507 1575,1431 1145,1450 1034,1417 920,1462 632,1470 371,1431"/>
                <Baseline points="380,1508 439,1508 498,1508 558,1506 617,1505 677,1505 736,1503 795,1502 855,1500 914,1497 974,1497 1033,1494 1092,1493 1152,1492 1211,1491 1271,1490 1330,1490 1389,1490 1449,1490 1508,1490 1568,1491"/>
                <TextEquiv>
                    <Unicode>ἔνδον ἡμῶν ὄντας τούς αὐτῆς θησαυρούς.</Unicode>
                </TextEquiv>
            </TextLine>
            <TextLine id="r1l14" custom="readingOrder {index:10;}">
                <Coords points="342,1622 1503,1619 1511,1534 1305,1499 1172,1552 721,1558 615,1517 341,1544"/>
                <Baseline points="350,1602 407,1602 465,1602 523,1602 581,1602 638,1602 696,1601 754,1599 812,1598 869,1596 927,1595 985,1593 1043,1592 1100,1591 1158,1590 1216,1589 1274,1589 1331,1589 1389,1589 1447,1590 1505,1592"/>
                <TextEquiv>
                    <Unicode>Οἱ κτηνωδῶς πρός μόνην τήν αἴσθησιν</Unicode>
                </TextEquiv>
            </TextLine>
            <TextLine id="r1l15" custom="readingOrder {index:11;}">
                <Coords points="376,1722 436,1753 514,1708 761,1710 881,1758 1050,1712 1418,1734 1510,1710 1510,1665 1289,1611 1123,1663 831,1669 696,1629 521,1671 375,1616"/>
                <Baseline points="383,1707 439,1709 495,1710 551,1710 607,1710 663,1712 719,1712 775,1712 831,1710 887,1710 943,1710 999,1709 1055,1708 1111,1707 1167,1706 1223,1704 1279,1703 1335,1702 1391,1701 1447,1700 1503,1698"/>
                <TextEquiv>
                    <Unicode>ζῶντες, ἐπισφαλῶς ἑαυτοῖς σάρκα </Unicode>
                </TextEquiv>
            </TextLine>
            <TextLine id="r1l16" custom="readingOrder {index:12;}">
                <Coords points="386,1826 1503,1826 1511,1716 1296,1765 917,1727 841,1775 385,1770"/>
                <Baseline points="393,1811 448,1812 504,1813 559,1814 615,1814 671,1814 726,1814 782,1814 837,1814 893,1814 949,1812 1004,1811 1060,1810 1115,1809 1171,1808 1227,1805 1282,1803 1338,1801 1393,1799 1449,1797 1505,1794"/>
                <TextEquiv>
                    <Unicode>ποιοῦσι τόν λόγον• εἰς ὑπηρεσίαν μέν πα</Unicode>
                </TextEquiv>
            </TextLine>
            <TextLine id="r1l17" custom="readingOrder {index:13;}">
                <Coords points="385,1921 883,1923 953,1959 1124,1917 1191,1947 1258,1910 1487,1924 1558,1906 1557,1825 1400,1863 1272,1810 1163,1879 740,1829 584,1875 384,1861"/>
                <Baseline points="392,1910 449,1911 507,1911 565,1913 623,1913 681,1914 739,1914 797,1914 855,1914 913,1914 971,1914 1028,1914 1086,1913 1144,1911 1202,1911 1260,1908 1318,1906 1376,1904 1434,1901 1492,1898 1550,1893"/>
                <TextEquiv>
                    <Unicode>θῶν, τοῖς τοῦ θῦ καταχρώμενοι κτίσμασι• </Unicode>
                </TextEquiv>
            </TextLine>
            <TextLine id="r1l18" custom="readingOrder {index:14;}">
                <Coords points="391,2011 747,2015 801,2058 907,2015 1243,2017 1314,2058 1364,2019 1497,2020 1498,1972 1176,1938 1030,1970 843,1920 738,1976 481,1921 391,1961"/>
                <Baseline points="398,2003 452,2004 507,2006 561,2007 616,2009 671,2010 725,2010 780,2012 834,2012 889,2012 944,2013 998,2013 1053,2013 1107,2013 1162,2012 1217,2012 1271,2012 1326,2012 1380,2012 1435,2012 1490,2012"/>
                <TextEquiv>
                    <Unicode>τόν δέ τῆς σοφίας τῆς πᾶσιν ἐμφαινο</Unicode>
                </TextEquiv>
            </TextLine>
            <TextLine id="r1l19" custom="readingOrder {index:15;}">
                <Coords points="377,2113 785,2142 1387,2111 1483,2148 1484,2022 1310,2072 1224,2026 1031,2078 786,2076 502,2012 378,2031"/>
                <Baseline points="384,2091 438,2095 493,2099 547,2102 602,2103 657,2106 711,2108 766,2108 820,2109 875,2109 930,2109 984,2109 1039,2109 1093,2109 1148,2109 1203,2108 1257,2108 1312,2108 1366,2108 1421,2108 1476,2109"/>
                <TextEquiv>
                    <Unicode>μένης, οὐ κατανοοῦντες λόγον πρός τό γνῶναι </Unicode>
                </TextEquiv>
            </TextLine>
            <TextLine id="r1l20" custom="readingOrder {index:16;}">
                <Coords points="383,2207 1461,2219 1550,2282 1550,2158 1490,2129 932,2174 383,2113"/>
                <Baseline points="390,2199 447,2201 505,2202 562,2204 620,2205 678,2206 735,2207 793,2208 850,2208 908,2208 966,2208 1023,2208 1081,2208 1138,2208 1196,2207 1254,2207 1311,2205 1369,2205 1426,2204 1484,2201 1542,2199"/>
                <TextEquiv>
                    <Unicode>κ δοξάσαι τον θν ἐκ τῶν αὐτοῦ ποιημάτων• </Unicode>
                </TextEquiv>
            </TextLine>
            <TextLine id="r1l21" custom="readingOrder {index:17;}">
                <Coords points="355,2322 1418,2342 1510,2332 1511,2278 1336,2277 1208,2220 1041,2281 987,2247 814,2282 356,2256"/>
                <Baseline points="363,2304 420,2309 477,2312 534,2316 591,2318 648,2319 705,2321 762,2322 819,2323 876,2324 933,2324 990,2324 1047,2322 1104,2322 1161,2322 1218,2321 1275,2321 1332,2319 1389,2319 1446,2318 1503,2318"/>
                <TextEquiv>
                    <Unicode>κ συνιέναι πόθεν, καί τί, κ ἐπί τίνι, κ </Unicode>
                </TextEquiv>
            </TextLine>
            <TextLine id="r1l22" custom="readingOrder {index:18;}">
                <Coords points="404,2434 452,2460 513,2424 555,2463 1102,2430 1171,2470 1226,2429 1317,2455 1506,2421 1506,2350 1297,2382 979,2377 833,2334 404,2363"/>
                <Baseline points="411,2402 465,2407 519,2412 574,2416 628,2419 683,2421 737,2423 791,2424 846,2424 900,2424 955,2424 1009,2423 1063,2421 1118,2421 1172,2420 1227,2418 1281,2418 1335,2417 1390,2415 1444,2415 1499,2415"/>
                <TextEquiv>
                    <Unicode>ποῦ φέρεσθαι διά τῶν ὁρωμένων γεγό</Unicode>
                </TextEquiv>
            </TextLine>
            <TextLine id="r1l24" custom="readingOrder {index:19;}">
                <Coords points="394,2527 1519,2541 1485,2482 1274,2486 1216,2444 908,2493 666,2436 395,2462"/>
                <Baseline points="402,2502 457,2509 513,2515 568,2518 624,2522 679,2525 735,2526 790,2528 846,2529 901,2529 957,2529 1012,2528 1068,2528 1123,2528 1179,2526 1234,2526 1290,2525 1345,2525 1401,2526 1456,2526 1512,2528"/>
                <TextEquiv>
                    <Unicode>ναμεν• ἀλλ᾿ ἐν σκότει τόν αἰῶνα τοῦτον </Unicode>
                </TextEquiv>
            </TextLine>
            <TextLine id="r1l25" custom="readingOrder {index:20;}">
                <Coords points="379,2646 539,2636 587,2671 679,2625 773,2673 1086,2639 1282,2691 1514,2653 1515,2576 705,2591 380,2526"/>
                <Baseline points="387,2616 445,2619 504,2622 563,2624 622,2625 681,2628 740,2629 799,2630 858,2631 917,2632 975,2633 1034,2633 1093,2633 1152,2633 1211,2633 1270,2633 1329,2633 1388,2631 1447,2631 1506,2630"/>
                <TextEquiv>
                    <Unicode>διαπορευόμενοι, μόνην τήν περί θυ ἀμ  </Unicode>
                </TextEquiv>
            </TextLine>
            <TextEquiv>
                <Unicode>ναμένων καλῶς γινώσκων τόν ὑπεράγνωστον&#13;
Ὁ μαθών ὀρύσειν κατά τούς πριάρχας &#13;
διά πράξεως καί θεωρίας τά ἐν αὐτῷ τῆς &#13;
ἀρετῆς κ τῆς γνώσεως φρέατα, τόν χν ἔν&#13;
δον εὑρήσει τήν πηγήν τῆς ζωῆς• ἀ&#13;
φ᾿ ἧς πίνειν ἡμᾶς ἡ σοφία παρακελε&#13;
ύεται λέγουσα• πίνε ὕδατα ἀπό &#13;
σῶν ἀγγείων καί ἀπό σῶν φρεάτων&#13;
πηγῆς• ὅπερ ποιοῦντες, εὑρήσομεν&#13;
ἔνδον ἡμῶν ὄντας τούς αὐτῆς θησαυρούς.&#13;
Οἱ κτηνωδῶς πρός μόνην τήν αἴσθησιν&#13;
ζῶντες, ἐπισφαλῶς ἑαυτοῖς σάρκα &#13;
ποιοῦσι τόν λόγον• εἰς ὑπηρεσίαν μέν πα&#13;
θῶν, τοῖς τοῦ θῦ καταχρώμενοι κτίσμασι• &#13;
τόν δέ τῆς σοφίας τῆς πᾶσιν ἐμφαινο&#13;
μένης, οὐ κατανοοῦντες λόγον πρός τό γνῶναι &#13;
κ δοξάσαι τον θν ἐκ τῶν αὐτοῦ ποιημάτων• &#13;
κ συνιέναι πόθεν, καί τί, κ ἐπί τίνι, κ &#13;
ποῦ φέρεσθαι διά τῶν ὁρωμένων γεγό&#13;
ναμεν• ἀλλ᾿ ἐν σκότει τόν αἰῶνα τοῦτον &#13;
διαπορευόμενοι, μόνην τήν περί θυ ἀμ  </Unicode>
            </TextEquiv>
        </TextRegion>
        <TextRegion orientation="0.0" id="r2" custom="readingOrder {index:1;}">
            <Coords points="1589,173 1589,325 1619,325 1619,173"/>
            <TextEquiv>
                <Unicode></Unicode>
            </TextEquiv>
        </TextRegion>
        <TextRegion orientation="0.0" id="r3" custom="readingOrder {index:2;}">
            <Coords points="1635,600 1635,1645 1775,1645 1775,600"/>
            <TextEquiv>
                <Unicode></Unicode>
            </TextEquiv>
        </TextRegion>
        <TextRegion orientation="0.0" id="r4" custom="readingOrder {index:3;}">
            <Coords points="1970,214 1970,370 2018,370 2018,214"/>
            <TextEquiv>
                <Unicode></Unicode>
            </TextEquiv>
        </TextRegion>
    </Page>
</PcGts>
