<?xml version="1.0" encoding="UTF-8" standalone="yes"?>
<PcGts xmlns="http://schema.primaresearch.org/PAGE/gts/pagecontent/2013-07-15" xmlns:xsi="http://www.w3.org/2001/XMLSchema-instance" xsi:schemaLocation="http://schema.primaresearch.org/PAGE/gts/pagecontent/2013-07-15 http://schema.primaresearch.org/PAGE/gts/pagecontent/2013-07-15/pagecontent.xsd">
    <Metadata>
        <Creator>prov=University of Rostock/Institute of Mathematics/CITlab|PLANET AI GmbH/Gundram Leifert/gundram.leifert@planet-ai.de:name=HPGTR(htr_id=41125)::::v=2.6.7
prov=University of Rostock/Institute of Mathematics/CITlab|PLANET AI GmbH/Tobias Gruening/tobias.gruening@planet-ai.de:name=de.uros.citlab.module.baseline2polygon.B2PSeamMultiOriented:v=2.6.7
prov=University of Rostock/Institute of Mathematics/CITlab|PLANET AI GmbH/Tobias Gruening/tobias.gruening@planet-ai.de:name=/net_tf/LA73_249_0mod360.pb:de.uros.citlab.segmentation.CITlab_LA_ML:v=2.6.7
Transkribus</Creator>
        <Created>2021-09-19T17:37:24.075+03:00</Created>
        <LastChange>2023-06-04T20:57:52.051+02:00</LastChange>
        <TranskribusMetadata docId="1458633" pageId="56018965" pageNr="51" tsid="125672268" status="IN_PROGRESS" userId="99263" imgUrl="https://files.transkribus.eu/Get?id=JMRTSMKPBQXWDSHYLMPAIUDM&amp;fileType=view" xmlUrl="https://files.transkribus.eu/Get?id=HFWFGMDCRIHAZMEFGGUNAOQE" imageId="23265846"/>
    </Metadata>
    <Page imageFilename="0051_81 Bodleian-Library-MS-Barocci-132_00239_fol-113r.jpg" imageWidth="2264" imageHeight="2748">
        <ReadingOrder>
            <OrderedGroup id="ro_1686139448164" caption="Regions reading order">
                <RegionRefIndexed index="0" regionRef="r1"/>
                <RegionRefIndexed index="1" regionRef="r2"/>
                <RegionRefIndexed index="2" regionRef="r3"/>
            </OrderedGroup>
        </ReadingOrder>
        <TextRegion orientation="0.0" id="r1" custom="readingOrder {index:0;}">
            <Coords points="252,737 252,890 270,890 270,737"/>
            <TextEquiv>
                <Unicode></Unicode>
            </TextEquiv>
        </TextRegion>
        <TextRegion orientation="0.0" id="r2" custom="readingOrder {index:1;}">
            <Coords points="257,423 257,2318 1550,2318 1550,423"/>
            <TextLine id="r2l1" custom="readingOrder {index:0;}">
                <Coords points="264,451 1519,495 1502,403 1332,440 873,388 266,395"/>
                <Baseline points="272,450 334,448 396,447 458,446 520,446 582,446 644,447 706,449 768,450 830,452 892,454 954,456 1016,458 1078,460 1140,462 1202,464 1264,465 1326,467 1388,467 1450,468 1512,468"/>
                <TextEquiv>
                    <Unicode>Ἐντενεῖ τὸ τόξον αὑτοῦ ἕως οὗ ἀσθενήσουσιν Οὐ παύσεται γὰρ</Unicode>
                </TextEquiv>
            </TextLine>
            <TextLine id="r2l2" custom="readingOrder {index:1;}">
                <Coords points="301,522 589,490 1504,542 1505,489 1371,470 303,465"/>
                <Baseline points="309,497 368,496 427,495 487,495 546,495 606,497 665,498 724,498 784,501 843,503 903,504 962,506 1021,509 1081,510 1140,512 1200,513 1259,515 1318,516 1378,516 1437,516 1497,516"/>
                <TextEquiv>
                    <Unicode>βάλλων αὐτοὺς ταῖς τιμωρίαις μέχρις αὐτῶν καταλύ</Unicode>
                </TextEquiv>
            </TextLine>
            <TextLine id="r2l3" custom="readingOrder {index:2;}">
                <Coords points="295,553 1528,586 1529,536 1402,521 296,510"/>
                <Baseline points="303,540 363,540 424,540 485,542 546,543 607,545 668,546 729,548 790,550 851,552 912,554 972,557 1033,558 1094,560 1155,562 1216,563 1277,565 1338,566 1399,567 1460,567 1521,569"/>
                <TextEquiv>
                    <Unicode>ση τὴν δύναμιν ωσεὶ κηρὸς τακεὶς ἀνταναιρεθήσονται,</Unicode>
                </TextEquiv>
            </TextLine>
            <TextLine id="r2l4" custom="readingOrder {index:3;}">
                <Coords points="295,609 1529,632 1530,590 1342,565 297,550"/>
                <Baseline points="303,593 363,591 424,591 485,591 546,593 607,594 668,596 729,596 790,599 851,600 912,602 972,605 1033,606 1094,609 1155,611 1216,612 1277,614 1338,615 1399,617 1460,618 1521,618"/>
                <TextEquiv>
                    <Unicode>ἔπεσε πῦρ ἐπ' αὐτοὺς κ οὐκ εἶδον τὸν ἥλιον Δίκην δὲ κη</Unicode>
                </TextEquiv>
            </TextLine>
            <TextLine id="r2l5" custom="readingOrder {index:4;}">
                <Coords points="292,660 1540,681 1541,634 1306,616 294,612"/>
                <Baseline points="300,642 361,641 423,641 484,641 546,641 608,642 669,644 731,645 793,647 854,650 916,651 978,654 1039,656 1101,659 1163,662 1224,663 1286,666 1348,668 1409,669 1471,670 1533,671"/>
                <TextEquiv>
                    <Unicode>ροῦ πυρὶ πελάζοντος καὶ τηκομένου διαλυθήσονται καὶ</Unicode>
                </TextEquiv>
            </TextLine>
            <TextLine id="r2l6" custom="readingOrder {index:5;}">
                <Coords points="279,708 1508,733 1510,684 281,661"/>
                <Baseline points="288,692 348,689 409,687 469,687 530,687 591,687 651,689 712,690 772,692 833,695 894,698 954,700 1015,703 1075,705 1136,708 1197,711 1257,713 1318,714 1378,716 1439,717 1500,717"/>
                <TextEquiv>
                    <Unicode>τῆς ζωῆς στερηθήσονται. τοῦτο γὰρ εἶπεν καὶ οὐκ εἶδον τὸν ἥ</Unicode>
                </TextEquiv>
            </TextLine>
            <TextLine id="r2l7" custom="readingOrder {index:6;}">
                <Coords points="276,750 1537,785 1539,734 278,707"/>
                <Baseline points="285,737 347,735 409,734 471,734 534,734 596,734 658,735 720,737 783,738 845,740 907,743 969,745 1032,747 1094,750 1156,753 1218,755 1281,758 1343,759 1405,762 1467,764 1530,765"/>
                <TextEquiv>
                    <Unicode>λιον· ὡς τῶν τελευτώντων τὴν ἡλιακὴν οραν οὐ δυναμένων</Unicode>
                </TextEquiv>
            </TextLine>
            <TextLine id="r2l8" custom="readingOrder {index:7;} structure {type:paragraph;}">
                <Coords points="285,795 310,799 340,782 355,798 373,794 391,805 444,782 464,792 487,779 505,782 504,752 481,747 460,753 410,744 392,753 371,740 331,758 317,746 305,752 284,746"/>
                <Baseline points="293,780 318,782 344,782 369,780 395,779 420,777 446,777 471,777 497,782"/>
                <TextEquiv>
                    <Unicode> ἀκτῖνα. </Unicode>
                </TextEquiv>
            </TextLine>
            <TextLine id="r2l9" custom="readingOrder {index:8;}">
                <Coords points="547,800 1493,833 1557,822 1558,790 548,745"/>
                <Baseline points="555,786 604,786 654,786 704,786 754,786 803,788 853,789 903,791 953,792 1002,794 1052,797 1102,798 1152,801 1201,803 1251,804 1301,806 1351,808 1400,809 1450,810 1500,812 1550,812"/>
                <TextEquiv>
                    <Unicode>πρὸ τοῦ συνιέναι τὰς ἀκάνθας ὑμῶν τὴ ραμνω,</Unicode>
                </TextEquiv>
            </TextLine>
            <TextLine id="r2l10" custom="readingOrder {index:9;}">
                <Coords points="276,848 1213,870 1293,850 1294,817 727,809 661,780 277,803"/>
                <Baseline points="284,834 334,832 384,830 434,830 484,828 534,828 584,830 634,830 684,831 734,833 785,834 835,836 885,839 935,840 985,843 1035,844 1085,846 1135,847 1185,849 1235,849 1286,849"/>
                <TextEquiv>
                    <Unicode>ὡσεὶ ζῶντας ὡσεὶ ἐν ὀργη καταπίεται αὐτούς</Unicode>
                </TextEquiv>
            </TextLine>
            <TextLine id="r2l11" custom="readingOrder {index:10;}">
                <Coords points="258,906 575,878 1504,918 1505,878 1251,845 260,844"/>
                <Baseline points="267,876 328,875 390,875 451,875 513,875 574,875 636,876 697,877 759,878 820,880 882,882 943,884 1005,886 1066,888 1128,891 1189,894 1251,897 1312,900 1374,902 1435,905 1497,908"/>
                <TextEquiv>
                    <Unicode> Ὁ σύμμαχος σαφέστερον τοῦτο ἡρμήνευσε· πρὶν ἢ αὐξηθῶσιν</Unicode>
                </TextEquiv>
            </TextLine>
            <TextLine id="r2l12" custom="readingOrder {index:11;}">
                <Coords points="291,939 1524,951 1466,910 293,883"/>
                <Baseline points="300,923 360,923 421,924 482,924 543,926 603,926 664,927 725,929 786,930 846,932 907,933 968,935 1029,937 1089,939 1150,941 1211,944 1272,947 1332,950 1393,953 1454,956 1515,960"/>
                <TextEquiv>
                    <Unicode> αἱ ἄκανθαι ὑμῶν, ὥστε γενέσθαι ῥάμνον, ἔτι ζῶντας ὡς ὁλό</Unicode>
                </TextEquiv>
            </TextLine>
            <TextLine id="r2l13" custom="readingOrder {index:12;}">
                <Coords points="280,994 1507,1021 1518,959 281,939"/>
                <Baseline points="288,974 349,974 410,975 471,975 532,977 593,977 654,978 715,978 776,980 837,981 898,981 959,983 1020,984 1081,986 1142,987 1203,989 1264,992 1325,995 1386,996 1447,1000 1509,1004"/>
                <TextEquiv>
                    <Unicode>ξηρον λαί λαψ ἀρεῖ. Ὃ δὲ λέγει, τοῦτό ἐστι. Πᾶσαν μὲν ἁμαρτίαν ἄ</Unicode>
                </TextEquiv>
            </TextLine>
            <TextLine id="r2l14" custom="readingOrder {index:13;}">
                <Coords points="283,1031 1519,1069 1520,1022 1415,1005 284,997"/>
                <Baseline points="291,1022 352,1024 413,1026 474,1026 535,1028 596,1029 657,1031 718,1031 779,1032 840,1034 901,1034 962,1035 1023,1037 1084,1038 1145,1041 1206,1043 1267,1046 1328,1049 1389,1052 1450,1055 1511,1059"/>
                <TextEquiv>
                    <Unicode>κανθαν ἡ θεία καλει Γραφὴ· ἡ δὲ ῥάμνος ἄκανθα μέν ἐστι με</Unicode>
                </TextEquiv>
            </TextLine>
            <TextLine id="r2l15" custom="readingOrder {index:14;}">
                <Coords points="285,1103 1145,1095 1459,1132 1497,1065 287,1032"/>
                <Baseline points="294,1076 353,1077 413,1079 472,1080 532,1080 592,1082 651,1083 711,1083 771,1085 830,1086 890,1086 950,1088 1009,1089 1069,1091 1129,1094 1188,1095 1248,1098 1308,1100 1367,1103 1427,1106 1487,1110"/>
                <TextEquiv>
                    <Unicode>γίστη δὲ καὶ δένδρον μιμουμένη  απειλεῖ τοίνυν ἡ πρόῤῥη</Unicode>
                </TextEquiv>
            </TextLine>
            <TextLine id="r2l16" custom="readingOrder {index:15;}">
                <Coords points="277,1141 1508,1180 1530,1132 278,1093"/>
                <Baseline points="285,1122 346,1124 408,1125 470,1127 532,1128 594,1130 655,1131 717,1133 779,1134 841,1136 903,1137 964,1138 1026,1139 1088,1142 1150,1143 1212,1146 1273,1148 1335,1151 1397,1154 1459,1158 1521,1163"/>
                <TextEquiv>
                    <Unicode>σις καὶ τω σαοὺλ καὶ τοῖς ἐκείνου συνεργοῖς, ταχεῖαν τὴν τι</Unicode>
                </TextEquiv>
            </TextLine>
            <TextLine id="r2l17" custom="readingOrder {index:16;}">
                <Coords points="273,1188 1498,1228 1519,1186 274,1140"/>
                <Baseline points="281,1170 342,1173 404,1175 465,1178 527,1181 588,1182 650,1184 711,1185 773,1187 834,1188 896,1190 957,1191 1019,1192 1080,1193 1142,1194 1203,1196 1265,1198 1326,1200 1388,1202 1449,1204 1511,1206"/>
                <TextEquiv>
                    <Unicode>μωρίαν πρὶν γὰρ φησὶν αὐξηθη ὑμῶν ἡ πονηρία ὥστε ῥά</Unicode>
                </TextEquiv>
            </TextLine>
            <TextLine id="r2l18" custom="readingOrder {index:17;}">
                <Coords points="289,1244 1519,1276 1520,1226 1409,1206 290,1199"/>
                <Baseline points="297,1226 357,1227 418,1230 479,1232 540,1233 600,1235 661,1236 722,1239 783,1240 843,1242 904,1242 965,1244 1026,1245 1086,1247 1147,1248 1208,1250 1269,1251 1329,1253 1390,1254 1451,1257 1512,1259"/>
                <TextEquiv>
                    <Unicode>μνω ἀπεικασθῆναι τοῦτ' ἔστιν τη μεγίστη ἀκάνθη θεήλα</Unicode>
                </TextEquiv>
            </TextLine>
            <TextLine id="r2l19" custom="readingOrder {index:18;}">
                <Coords points="271,1288 1467,1337 1469,1273 271,1256"/>
                <Baseline points="279,1277 338,1280 397,1282 456,1284 515,1286 574,1287 633,1289 692,1290 751,1291 810,1292 870,1293 929,1295 988,1295 1047,1296 1106,1298 1165,1299 1224,1301 1283,1302 1342,1304 1401,1307 1461,1310"/>
                <TextEquiv>
                    <Unicode>τος ὑμᾶς πληγὴ καταλήψεται, καὶ φρούδους ἐργάσεται.</Unicode>
                </TextEquiv>
            </TextLine>
            <TextLine id="r2l20" custom="readingOrder {index:19;}">
                <Coords points="266,1342 1518,1380 1507,1296 1454,1333 1186,1332 268,1287"/>
                <Baseline points="275,1332 336,1334 398,1335 460,1337 522,1338 584,1340 645,1341 707,1343 769,1344 831,1346 893,1347 954,1349 1016,1350 1078,1352 1140,1353 1202,1355 1263,1356 1325,1358 1387,1359 1449,1361 1511,1364"/>
                <TextEquiv>
                    <Unicode>τοῦτο γὰρ εἶπεν καταπίεται. καθάπερ γὰρ τὸ καταπινό</Unicode>
                </TextEquiv>
            </TextLine>
            <TextLine id="r2l21" custom="readingOrder {index:20;}">
                <Coords points="279,1402 1459,1434 1490,1384 280,1356"/>
                <Baseline points="287,1380 346,1383 406,1386 466,1388 525,1391 585,1392 645,1394 704,1395 764,1397 824,1397 884,1398 943,1400 1003,1400 1063,1401 1122,1402 1182,1404 1242,1405 1301,1407 1361,1409 1421,1410 1481,1413"/>
                <TextEquiv>
                    <Unicode>μενον ἀφανὲς λοιπὸν γίνεται, οὕτω καὶ ὑμεῖς φησὶν παρα</Unicode>
                </TextEquiv>
            </TextLine>
            <TextLine id="r2l22" custom="readingOrder {index:21;}">
                <Coords points="273,1449 1478,1482 1517,1420 274,1396"/>
                <Baseline points="281,1431 342,1431 403,1433 465,1434 526,1436 587,1437 649,1439 710,1439 771,1440 833,1442 894,1443 955,1445 1017,1446 1078,1447 1139,1448 1201,1449 1262,1452 1323,1453 1385,1455 1446,1457 1508,1458"/>
                <TextEquiv>
                    <Unicode>δοθήσεσθε λήθη· ὅπερ δὴ καὶ συνέβη. μετ' ὀλίγον γὰρ χρόνον</Unicode>
                </TextEquiv>
            </TextLine>
            <TextLine id="r2l23" custom="readingOrder {index:22;}">
                <Coords points="276,1488 1480,1516 1472,1465 277,1448"/>
                <Baseline points="284,1482 343,1485 402,1487 462,1488 521,1488 581,1490 640,1491 699,1491 759,1492 818,1493 878,1493 937,1494 996,1494 1056,1496 1115,1497 1175,1498 1234,1500 1293,1502 1353,1504 1412,1507 1472,1511"/>
                <TextEquiv>
                    <Unicode> ἐν τω τῶν ἀλλοφύλων πολέμω δεξάμενος τὴν πληγὴν,</Unicode>
                </TextEquiv>
            </TextLine>
            <TextLine id="r2l24" custom="readingOrder {index:23;}">
                <Coords points="267,1539 1193,1572 1495,1561 1496,1532 267,1492"/>
                <Baseline points="275,1530 335,1532 396,1535 456,1536 517,1538 578,1539 638,1541 699,1541 759,1542 820,1542 881,1544 941,1544 1002,1545 1062,1545 1123,1547 1184,1547 1244,1548 1305,1551 1365,1553 1426,1555 1487,1557"/>
                <TextEquiv>
                    <Unicode>οὐκ ἔτι τὴν πονηρίαν ἐπηύξησεν, ἀλλ' ἄκων τὸν κατὰ τοῦ</Unicode>
                </TextEquiv>
            </TextLine>
            <TextLine id="r2l25" custom="readingOrder {index:24;}">
                <Coords points="276,1603 309,1583 384,1587 421,1608 524,1593 549,1607 716,1607 741,1590 787,1603 788,1561 629,1548 590,1569 463,1543 375,1556 277,1540"/>
                <Baseline points="285,1577 311,1578 337,1580 363,1581 389,1582 415,1583 441,1584 467,1585 493,1586 519,1586 545,1587 571,1587 597,1587 623,1587 649,1587 675,1587 701,1586 727,1586 753,1586 779,1584"/>
                <TextEquiv>
                    <Unicode>δαυὶδ κατέλυσε πόλεμον.</Unicode>
                </TextEquiv>
            </TextLine>
            <TextLine id="r2l26" custom="readingOrder {index:25;}">
                <Coords points="877,1603 1195,1598 1257,1621 1475,1621 1476,1563 1459,1561 1387,1577 1322,1557 1191,1571 1143,1553 878,1553"/>
                <Baseline points="885,1595 914,1595 943,1593 972,1593 1001,1593 1030,1593 1059,1593 1088,1593 1117,1593 1146,1593 1176,1593 1205,1595 1234,1595 1263,1596 1292,1598 1321,1598 1350,1599 1379,1601 1408,1602 1437,1605 1467,1607"/>
                <TextEquiv>
                    <Unicode>εὐφρανθήσεται δίκαιος ὅ</Unicode>
                </TextEquiv>
            </TextLine>
            <TextLine id="r2l27" custom="readingOrder {index:26;}">
                <Coords points="273,1636 1422,1666 1484,1659 1485,1617 274,1585"/>
                <Baseline points="281,1626 340,1628 400,1629 460,1629 520,1631 579,1632 639,1632 699,1634 759,1635 818,1635 878,1637 938,1638 998,1638 1057,1640 1117,1641 1177,1642 1237,1644 1296,1645 1356,1647 1416,1649 1476,1650"/>
                <TextEquiv>
                    <Unicode>τ' ἂν ἴδῃ ἐκδίκησιν τὰς χεῖρας αὑτοῦ νίψεται ἐν τω αἵμα</Unicode>
                </TextEquiv>
            </TextLine>
            <TextLine id="r2l28" custom="readingOrder {index:27;}">
                <Coords points="261,1684 415,1693 453,1680 481,1702 539,1682 646,1705 701,1686 701,1652 669,1640 510,1636 482,1651 465,1638 413,1656 360,1652 342,1636 262,1641"/>
                <Baseline points="269,1673 295,1673 322,1674 348,1674 375,1675 401,1676 428,1676 454,1677 481,1677 507,1678 534,1679 560,1679 587,1679 613,1680 640,1680 666,1680 693,1679"/>
                <TextEquiv>
                    <Unicode>τι τοῦ ἁμαρτωλου</Unicode>
                </TextEquiv>
            </TextLine>
            <TextLine id="r2l30" custom="readingOrder {index:28;}">
                <Coords points="755,1684 1488,1713 1489,1660 1456,1655 756,1650"/>
                <Baseline points="762,1682 799,1683 837,1684 875,1685 913,1685 951,1686 989,1686 1026,1686 1064,1686 1102,1688 1140,1688 1178,1688 1216,1689 1253,1690 1291,1691 1329,1692 1367,1694 1405,1696 1443,1698 1481,1701"/>
                <TextEquiv>
                    <Unicode>Εὐφραίνεται δὲ ὁ τῆς ἀρετῆς φρον</Unicode>
                </TextEquiv>
            </TextLine>
            <TextLine id="r2l31" custom="readingOrder {index:29;}">
                <Coords points="264,1732 1408,1768 1469,1750 1470,1708 265,1686"/>
                <Baseline points="272,1722 331,1724 390,1724 450,1725 509,1725 569,1727 628,1727 688,1728 747,1730 807,1730 866,1731 925,1733 985,1734 1044,1735 1104,1736 1163,1737 1223,1739 1282,1740 1342,1742 1401,1743 1461,1745"/>
                <TextEquiv>
                    <Unicode>τιστὴς τὸν τῆς κακίας ἐργάτην ὁρῶν κολαζόμενον·</Unicode>
                </TextEquiv>
            </TextLine>
            <TextLine id="r2l32" custom="readingOrder {index:30;}">
                <Coords points="261,1777 1474,1815 1474,1744 262,1735"/>
                <Baseline points="269,1772 328,1773 388,1776 448,1778 508,1779 568,1779 628,1781 688,1781 748,1782 808,1782 868,1784 927,1784 987,1784 1047,1785 1107,1787 1167,1788 1227,1789 1287,1791 1347,1793 1407,1796 1467,1799"/>
                <TextEquiv>
                    <Unicode>οὐκ ἐπιτωθάζων ἐκείνῳ, ἀλλὰ τὴν θείαν ὁρῶν προμήθει</Unicode>
                </TextEquiv>
            </TextLine>
            <TextLine id="r2l33" custom="readingOrder {index:31;}">
                <Coords points="263,1835 1482,1864 1483,1808 1267,1793 264,1783"/>
                <Baseline points="270,1820 330,1823 390,1825 450,1826 511,1827 571,1829 631,1830 691,1830 752,1832 812,1832 872,1833 932,1833 993,1833 1053,1835 1113,1835 1173,1836 1234,1838 1294,1839 1354,1841 1414,1843 1475,1845"/>
                <TextEquiv>
                    <Unicode>αν παροραν οὐκ ἀνεχομένην τοὺς ὑπ' ἐκείνων ἀδικουμέ</Unicode>
                </TextEquiv>
            </TextLine>
            <TextLine id="r2l34" custom="readingOrder {index:32;}">
                <Coords points="256,1888 1475,1916 1493,1862 257,1832"/>
                <Baseline points="264,1868 325,1870 386,1872 447,1875 508,1877 569,1878 630,1878 691,1880 752,1881 813,1881 874,1881 935,1883 996,1883 1057,1884 1118,1884 1179,1886 1240,1887 1301,1888 1362,1889 1423,1892 1484,1895"/>
                <TextEquiv>
                    <Unicode>νους. τὰς δὲ χεῖρας αὑτοῦ νίψεται οὐ τω αἵματι ταύτας φοι</Unicode>
                </TextEquiv>
            </TextLine>
            <TextLine id="r2l35" custom="readingOrder {index:33;}">
                <Coords points="265,1923 1483,1943 1382,1897 266,1889"/>
                <Baseline points="273,1916 333,1919 393,1922 453,1923 513,1925 573,1926 633,1928 693,1928 753,1929 813,1929 874,1929 934,1931 994,1931 1054,1931 1114,1932 1174,1932 1234,1934 1294,1935 1354,1937 1414,1938 1475,1941"/>
                <TextEquiv>
                    <Unicode>νίττων κ μολύνων ἀλλὰ δεικνὺς ἑαυτὸν ἀθῶον καὶ τῆς</Unicode>
                </TextEquiv>
            </TextLine>
            <TextLine id="r2l36" custom="readingOrder {index:34;}">
                <Coords points="256,1978 1399,2013 1483,1997 1484,1947 256,1931"/>
                <Baseline points="263,1964 323,1967 384,1970 444,1972 505,1974 566,1976 626,1977 687,1977 747,1979 808,1979 869,1979 929,1980 990,1980 1050,1980 1111,1982 1172,1982 1232,1983 1293,1984 1353,1985 1414,1988 1475,1989"/>
                <TextEquiv>
                    <Unicode>ἐκείνου πονηρίας κεχωρισμένον. Οὐ γὰρ ὥς τινες ὑπέλαβον</Unicode>
                </TextEquiv>
            </TextLine>
            <TextLine id="r2l37" custom="readingOrder {index:35;}">
                <Coords points="268,2040 1039,2025 1264,2060 1498,2050 1499,2014 269,1972"/>
                <Baseline points="275,2013 335,2016 396,2019 457,2021 518,2022 578,2024 639,2025 700,2025 761,2027 821,2027 882,2027 943,2028 1004,2028 1064,2028 1125,2030 1186,2030 1247,2031 1307,2033 1368,2034 1429,2036 1490,2039"/>
                <TextEquiv>
                    <Unicode>ἐν τῷ αἵμα τι νίπτεται, ὡς οὐδεμίαν πρὸς ἐκεῖνον ἐσχηκὼς</Unicode>
                </TextEquiv>
            </TextLine>
            <TextLine id="r2l38" custom="readingOrder {index:36;}">
                <Coords points="251,2069 618,2108 1475,2100 1475,2045 251,2041"/>
                <Baseline points="258,2064 318,2067 378,2070 439,2072 499,2073 560,2075 620,2076 681,2076 741,2076 802,2076 862,2078 922,2078 983,2078 1043,2078 1104,2078 1164,2079 1225,2081 1285,2082 1346,2083 1406,2086 1467,2088"/>
                <TextEquiv>
                    <Unicode>κοινωνίαν καὶ ἐρεῖ ανος εἰ ἄρα ἐστὶ καρπὸς τῷ δικαί</Unicode>
                </TextEquiv>
            </TextLine>
            <TextLine id="r2l39" custom="readingOrder {index:37;}">
                <Coords points="258,2135 1459,2147 1383,2097 1166,2081 1087,2110 259,2085"/>
                <Baseline points="266,2114 325,2118 384,2120 443,2123 503,2124 562,2126 621,2126 680,2127 740,2127 799,2127 858,2129 917,2129 977,2129 1036,2129 1095,2130 1154,2132 1214,2132 1273,2135 1332,2136 1391,2139 1451,2142"/>
                <TextEquiv>
                    <Unicode>ω ἄρα ἐστὶν ὁ θς κρίνων αὐτοὺς ἐν τη γη τὸ ἄρα ἐνταῦ</Unicode>
                </TextEquiv>
            </TextLine>
            <TextLine id="r2l40" custom="readingOrder {index:38;}">
                <Coords points="248,2182 1461,2209 1462,2159 1308,2141 249,2137"/>
                <Baseline points="257,2169 316,2172 376,2174 436,2177 496,2178 556,2180 616,2180 675,2181 735,2181 795,2183 855,2183 915,2184 975,2184 1035,2185 1094,2186 1154,2187 1214,2189 1274,2190 1334,2192 1394,2195 1454,2198"/>
                <TextEquiv>
                    <Unicode>θα ἀποφαντικῶς κεῖται· λέγει δὲ ὅτι πᾶς ὀρῶν τὸν δυσσε</Unicode>
                </TextEquiv>
            </TextLine>
            <TextLine id="r2l41" custom="readingOrder {index:39;}">
                <Coords points="253,2225 1294,2270 1456,2252 1457,2207 253,2197"/>
                <Baseline points="260,2220 319,2224 378,2226 438,2229 497,2231 557,2233 616,2234 675,2235 735,2237 794,2237 854,2237 913,2238 972,2238 1032,2240 1091,2240 1151,2241 1210,2243 1269,2245 1329,2247 1388,2250 1448,2253"/>
                <TextEquiv>
                    <Unicode>βεία συνεζηκότα ποινὴν τίσαντα κατὰ τόνδε τὸν βίον</Unicode>
                </TextEquiv>
            </TextLine>
            <TextLine id="r2l42" custom="readingOrder {index:40;}">
                <Coords points="249,2286 1154,2337 1247,2303 1471,2324 1472,2271 249,2253"/>
                <Baseline points="257,2276 317,2281 377,2284 437,2287 498,2289 558,2291 618,2292 679,2292 739,2292 799,2294 860,2294 920,2294 980,2294 1040,2294 1101,2295 1161,2295 1221,2297 1282,2299 1342,2301 1402,2304 1463,2307"/>
                <TextEquiv>
                    <Unicode>ὁμολογήσει κ θν εἶναι κ ἐφοραν τὰ γινόμενα, κ σοφῶς ἅπαν </Unicode>
                </TextEquiv>
            </TextLine>
            <TextEquiv>
                <Unicode>Ἐντενεῖ τὸ τόξον αὑτοῦ ἕως οὗ ἀσθενήσουσιν Οὐ παύσεται γὰρ&#13;
βάλλων αὐτοὺς ταῖς τιμωρίαις μέχρις αὐτῶν καταλύ&#13;
ση τὴν δύναμιν ωσεὶ κηρὸς τακεὶς ἀνταναιρεθήσονται,&#13;
ἔπεσε πῦρ ἐπ' αὐτοὺς κ οὐκ εἶδον τὸν ἥλιον Δίκην δὲ κη&#13;
ροῦ πυρὶ πελάζοντος καὶ τηκομένου διαλυθήσονται καὶ&#13;
τῆς ζωῆς στερηθήσονται. τοῦτο γὰρ εἶπεν καὶ οὐκ εἶδον τὸν ἥ&#13;
λιον· ὡς τῶν τελευτώντων τὴν ἡλιακὴν οραν οὐ δυναμένων&#13;
 ἀκτῖνα. &#13;
πρὸ τοῦ συνιέναι τὰς ἀκάνθας ὑμῶν τὴ ραμνω,&#13;
ὡσεὶ ζῶντας ὡσεὶ ἐν ὀργη καταπίεται αὐτούς&#13;
 Ὁ σύμμαχος σαφέστερον τοῦτο ἡρμήνευσε· πρὶν ἢ αὐξηθῶσιν&#13;
 αἱ ἄκανθαι ὑμῶν, ὥστε γενέσθαι ῥάμνον, ἔτι ζῶντας ὡς ὁλό&#13;
ξηρον λαί λαψ ἀρεῖ. Ὃ δὲ λέγει, τοῦτό ἐστι. Πᾶσαν μὲν ἁμαρτίαν ἄ&#13;
κανθαν ἡ θεία καλει Γραφὴ· ἡ δὲ ῥάμνος ἄκανθα μέν ἐστι με&#13;
γίστη δὲ καὶ δένδρον μιμουμένη  απειλεῖ τοίνυν ἡ πρόῤῥη&#13;
σις καὶ τω σαοὺλ καὶ τοῖς ἐκείνου συνεργοῖς, ταχεῖαν τὴν τι&#13;
μωρίαν πρὶν γὰρ φησὶν αὐξηθη ὑμῶν ἡ πονηρία ὥστε ῥά&#13;
μνω ἀπεικασθῆναι τοῦτ' ἔστιν τη μεγίστη ἀκάνθη θεήλα&#13;
τος ὑμᾶς πληγὴ καταλήψεται, καὶ φρούδους ἐργάσεται.&#13;
τοῦτο γὰρ εἶπεν καταπίεται. καθάπερ γὰρ τὸ καταπινό&#13;
μενον ἀφανὲς λοιπὸν γίνεται, οὕτω καὶ ὑμεῖς φησὶν παρα&#13;
δοθήσεσθε λήθη· ὅπερ δὴ καὶ συνέβη. μετ' ὀλίγον γὰρ χρόνον&#13;
 ἐν τω τῶν ἀλλοφύλων πολέμω δεξάμενος τὴν πληγὴν,&#13;
οὐκ ἔτι τὴν πονηρίαν ἐπηύξησεν, ἀλλ' ἄκων τὸν κατὰ τοῦ&#13;
δαυὶδ κατέλυσε πόλεμον.&#13;
εὐφρανθήσεται δίκαιος ὅ&#13;
τ' ἂν ἴδῃ ἐκδίκησιν τὰς χεῖρας αὑτοῦ νίψεται ἐν τω αἵμα&#13;
τι τοῦ ἁμαρτωλου&#13;
Εὐφραίνεται δὲ ὁ τῆς ἀρετῆς φρον&#13;
τιστὴς τὸν τῆς κακίας ἐργάτην ὁρῶν κολαζόμενον·&#13;
οὐκ ἐπιτωθάζων ἐκείνῳ, ἀλλὰ τὴν θείαν ὁρῶν προμήθει&#13;
αν παροραν οὐκ ἀνεχομένην τοὺς ὑπ' ἐκείνων ἀδικουμέ&#13;
νους. τὰς δὲ χεῖρας αὑτοῦ νίψεται οὐ τω αἵματι ταύτας φοι&#13;
νίττων κ μολύνων ἀλλὰ δεικνὺς ἑαυτὸν ἀθῶον καὶ τῆς&#13;
ἐκείνου πονηρίας κεχωρισμένον. Οὐ γὰρ ὥς τινες ὑπέλαβον&#13;
ἐν τῷ αἵμα τι νίπτεται, ὡς οὐδεμίαν πρὸς ἐκεῖνον ἐσχηκὼς&#13;
κοινωνίαν καὶ ἐρεῖ ανος εἰ ἄρα ἐστὶ καρπὸς τῷ δικαί&#13;
ω ἄρα ἐστὶν ὁ θς κρίνων αὐτοὺς ἐν τη γη τὸ ἄρα ἐνταῦ&#13;
θα ἀποφαντικῶς κεῖται· λέγει δὲ ὅτι πᾶς ὀρῶν τὸν δυσσε&#13;
βεία συνεζηκότα ποινὴν τίσαντα κατὰ τόνδε τὸν βίον&#13;
ὁμολογήσει κ θν εἶναι κ ἐφοραν τὰ γινόμενα, κ σοφῶς ἅπαν </Unicode>
            </TextEquiv>
        </TextRegion>
        <TextRegion orientation="0.0" id="r3" custom="readingOrder {index:2;}">
            <Coords points="1658,460 1658,613 1751,613 1751,460"/>
            <TextEquiv>
                <Unicode></Unicode>
            </TextEquiv>
        </TextRegion>
    </Page>
</PcGts>
