<?xml version="1.0" encoding="UTF-8" standalone="yes"?>
<PcGts xmlns="http://schema.primaresearch.org/PAGE/gts/pagecontent/2013-07-15" xmlns:xsi="http://www.w3.org/2001/XMLSchema-instance" xsi:schemaLocation="http://schema.primaresearch.org/PAGE/gts/pagecontent/2013-07-15 http://schema.primaresearch.org/PAGE/gts/pagecontent/2013-07-15/pagecontent.xsd">
    <Metadata>
        <Creator>prov=University of Rostock/Institute of Mathematics/CITlab|PLANET AI GmbH/Gundram Leifert/gundram.leifert@planet-ai.de:name=HPGTR(htr_id=41125)::::v=2.6.7
prov=University of Rostock/Institute of Mathematics/CITlab|PLANET AI GmbH/Tobias Gruening/tobias.gruening@planet-ai.de:name=de.uros.citlab.module.baseline2polygon.B2PSeamMultiOriented:v=2.6.7
prov=University of Rostock/Institute of Mathematics/CITlab|PLANET AI GmbH/Tobias Gruening/tobias.gruening@planet-ai.de:name=/net_tf/LA73_249_0mod360.pb:de.uros.citlab.segmentation.CITlab_LA_ML:v=2.6.7
Transkribus</Creator>
        <Created>2021-09-19T17:37:24.216+03:00</Created>
        <LastChange>2023-06-04T23:10:30.059+02:00</LastChange>
        <TranskribusMetadata docId="1458633" pageId="56018966" pageNr="52" tsid="125674678" status="IN_PROGRESS" userId="99263" imgUrl="https://files.transkribus.eu/Get?id=YFQDMDILPPPTJYXULYVTTGBI&amp;fileType=view" xmlUrl="https://files.transkribus.eu/Get?id=KREZUIGTNLBYIEJMRYLCGXDS" imageId="23265847"/>
    </Metadata>
    <Page imageFilename="0052_82 Bodleian-Library-MS-Barocci-132_00240_fol-113v.jpg" imageWidth="2146" imageHeight="2748">
        <ReadingOrder>
            <OrderedGroup id="ro_1686139448300" caption="Regions reading order">
                <RegionRefIndexed index="0" regionRef="r1"/>
                <RegionRefIndexed index="1" regionRef="r2"/>
            </OrderedGroup>
        </ReadingOrder>
        <TextRegion orientation="0.0" id="r1" custom="readingOrder {index:0;}">
            <Coords points="689,631 689,787 734,787 734,631"/>
            <TextEquiv>
                <Unicode></Unicode>
            </TextEquiv>
        </TextRegion>
        <TextRegion orientation="0.0" id="r2" custom="readingOrder {index:1;}">
            <Coords points="692,395 692,2288 1941,2288 1941,395"/>
            <TextLine id="r2l1" custom="readingOrder {index:0;}">
                <Coords points="739,433 1834,455 1936,441 1936,382 1812,406 1371,359 1217,397 1013,359 739,402"/>
                <Baseline points="747,431 806,428 865,426 924,425 983,422 1042,420 1101,420 1160,419 1219,419 1278,417 1337,417 1396,417 1455,417 1514,419 1573,419 1632,420 1691,422 1750,423 1809,426 1868,428 1928,431"/>
                <TextEquiv>
                    <Unicode>τα πρυτανεύειν• καὶ τοῖς μὲν δικαίοις τοὺς καταλλήλων ἀπο</Unicode>
                </TextEquiv>
            </TextLine>
            <TextLine id="r2l2" custom="readingOrder {index:1;}">
                <Coords points="738,493 1466,468 1939,507 1917,436 738,444"/>
                <Baseline points="746,480 805,477 864,475 923,472 983,470 1042,468 1101,466 1161,465 1220,464 1279,464 1339,462 1398,462 1457,464 1516,464 1576,465 1635,467 1694,468 1754,471 1813,474 1872,476 1932,480"/>
                <TextEquiv>
                    <Unicode>νέμειν καρποὺς τοὺς δὲ τἀναντία προελομένους δίκας εἰσ</Unicode>
                </TextEquiv>
            </TextLine>
            <TextLine id="r2l3" custom="readingOrder {index:2;}">
                <Coords points="748,540 1393,516 1825,544 1825,492 1203,471 748,503"/>
                <Baseline points="755,528 808,527 861,525 914,524 967,522 1020,521 1073,519 1126,518 1179,516 1232,515 1286,513 1339,513 1392,513 1445,513 1498,513 1551,515 1604,516 1657,519 1710,522 1763,527 1817,531"/>
                <TextEquiv>
                    <Unicode>πράττειν καὶ τὰς ἀξίας αυτοισ τιμωρίας ἐπάγειν.</Unicode>
                </TextEquiv>
            </TextLine>
            <TextLine id="r2l4" custom="readingOrder {index:3;}">
                <Coords points="749,610 1522,571 1936,614 1935,540 1829,526 748,539"/>
                <Baseline points="756,591 814,587 873,582 931,580 990,577 1049,575 1107,573 1166,572 1224,572 1283,572 1342,572 1400,572 1459,572 1517,572 1576,573 1635,574 1693,575 1752,576 1810,577 1869,578 1928,579"/>
                <TextEquiv>
                    <Unicode> εἰς τὸ τέλος μὴ διαφθείρης, τω Δαδ εἰς στηλογραφίαν. </Unicode>
                </TextEquiv>
            </TextLine>
            <TextLine id="r2l5" custom="readingOrder {index:4;}">
                <Coords points="840,644 1373,623 1835,662 1853,590 1101,576 840,608"/>
                <Baseline points="848,635 897,632 947,630 997,629 1047,627 1097,626 1146,624 1196,624 1246,624 1296,624 1346,624 1395,624 1445,624 1495,624 1545,626 1595,626 1644,627 1694,627 1744,629 1794,630 1844,630"/>
                <TextEquiv>
                    <Unicode>οπότε ἀπέστειλεν σαοὺλ καὶ ἐφύλαξε τὸν </Unicode>
                </TextEquiv>
            </TextLine>
            <TextLine id="r2l8" custom="readingOrder {index:5;}">
                <Coords points="904,680 1754,680 1741,636 904,636"/>
                <Baseline points="912,678 953,677 995,675 1037,674 1078,672 1120,671 1162,671 1203,669 1245,669 1287,669 1329,669 1370,671 1412,671 1454,671 1495,672 1537,673 1579,674 1620,675 1662,675 1704,677 1746,677"/>
                <TextEquiv>
                    <Unicode>οἶκον αὐτοῦτοῦ θανατῶσαι αὐτόν</Unicode>
                </TextEquiv>
            </TextLine>
            <TextLine id="r2l9" custom="readingOrder {index:6;}">
                <Coords points="664,738 1946,742 1946,675 664,681"/>
                <Baseline points="673,738 812,726 871,725 930,723 990,722 1049,720 1108,720 1167,719 1227,717 1286,717 1345,716 1404,716 1464,714 1523,715 1582,716 1641,716 1701,717 1760,719 1819,721 1878,723 1938,726"/>
                <TextEquiv>
                    <Unicode>φθόνω δουλεύων ὁ Σαοὺλ τὸν τοῦ δαδ ἐτύρευε θάνατον• καί ποτε συ</Unicode>
                </TextEquiv>
            </TextLine>
            <TextLine id="r2l10" custom="readingOrder {index:7;}">
                <Coords points="755,785 1942,780 1918,729 1614,718 755,742"/>
                <Baseline points="762,779 820,775 879,771 937,769 996,767 1055,765 1113,764 1172,762 1230,762 1289,762 1348,762 1406,762 1465,762 1523,762 1582,763 1641,764 1699,764 1758,765 1816,765 1875,767 1934,767"/>
                <TextEquiv>
                    <Unicode>νεστιώμενον ἠβουλήθη κατακοντίσαι τω δόρατι. εκκλίναντα </Unicode>
                </TextEquiv>
            </TextLine>
            <TextLine id="r2l11" custom="readingOrder {index:8;}">
                <Coords points="753,846 1397,812 1931,838 1930,786 1876,774 753,795"/>
                <Baseline points="762,828 820,825 878,821 936,818 994,816 1052,814 1110,813 1168,812 1226,810 1284,810 1342,809 1400,809 1458,809 1516,809 1574,810 1632,810 1690,812 1748,813 1806,814 1864,815 1923,818"/>
                <TextEquiv>
                    <Unicode>δὲ καὶ διαφυγόντα τὸν θάνατον, ἐπεχείρησε πάλιν χειρώσασθαι</Unicode>
                </TextEquiv>
            </TextLine>
            <TextLine id="r2l12" custom="readingOrder {index:9;}">
                <Coords points="744,889 1932,885 1932,839 1090,818 744,849"/>
                <Baseline points="752,872 810,870 869,869 927,867 986,866 1045,865 1103,864 1162,863 1221,863 1279,861 1338,861 1397,861 1455,861 1514,860 1573,861 1631,861 1690,861 1749,861 1807,861 1866,863 1925,863"/>
                <TextEquiv>
                    <Unicode>καί τινας ἀποστείλας τὴν οἰκίαν φρουρῆσαι προσέταξεν προ</Unicode>
                </TextEquiv>
            </TextLine>
            <TextLine id="r2l13" custom="readingOrder {index:10;}">
                <Coords points="748,942 1935,937 1948,875 747,888"/>
                <Baseline points="756,918 815,918 874,917 933,915 993,914 1052,914 1111,912 1170,911 1230,911 1289,909 1348,909 1407,909 1467,909 1526,908 1585,909 1644,909 1704,909 1763,911 1822,911 1881,912 1941,914"/>
                <TextEquiv>
                    <Unicode>φανῆ τὴν δυσμένειαν δείξας. αλλ' ἡ μὲν τοῦ δαδ γαμετὴ τοῦ δὲ σα</Unicode>
                </TextEquiv>
            </TextLine>
            <TextLine id="r2l14" custom="readingOrder {index:11;}">
                <Coords points="736,977 1937,969 1936,930 1775,913 735,943"/>
                <Baseline points="744,969 803,968 862,966 921,965 981,963 1040,963 1099,962 1158,962 1218,960 1277,960 1336,960 1395,960 1455,960 1514,960 1573,960 1632,960 1692,960 1751,960 1810,960 1869,960 1929,960"/>
                <TextEquiv>
                    <Unicode>οὺλ θυγάτηρ γνώριμον μὲν τοῦτο ποιεῖ το ὁμοζύγω καὶ διά τινος</Unicode>
                </TextEquiv>
            </TextLine>
            <TextLine id="r2l15" custom="readingOrder {index:12;}">
                <Coords points="736,1035 1908,1032 1941,970 735,992"/>
                <Baseline points="744,1020 803,1019 863,1017 922,1016 982,1014 1041,1013 1101,1011 1160,1011 1220,1010 1279,1010 1339,1008 1398,1008 1458,1008 1517,1007 1577,1007 1636,1007 1696,1007 1755,1007 1815,1007 1874,1007 1934,1007"/>
                <TextEquiv>
                    <Unicode> αὐτὸν ἀποδράναι παρασκευάζει φωταγωγοῦ τὰ κενοτάφια </Unicode>
                </TextEquiv>
            </TextLine>
            <TextLine id="r2l16" custom="readingOrder {index:13;}">
                <Coords points="751,1083 1925,1076 1924,1025 1768,1013 750,1039"/>
                <Baseline points="758,1071 815,1068 873,1067 931,1065 989,1064 1047,1062 1105,1062 1163,1061 1221,1059 1279,1059 1337,1059 1394,1059 1452,1059 1510,1059 1568,1059 1626,1059 1684,1059 1742,1059 1800,1059 1858,1059 1916,1061"/>
                <TextEquiv>
                    <Unicode>δὲ λαβοῦσα, οὕτω γὰρ ἡ ἱστορία διδάσκει σχηματίζει τὴν κλί</Unicode>
                </TextEquiv>
            </TextLine>
            <TextLine id="r2l17" custom="readingOrder {index:14;}">
                <Coords points="741,1134 1934,1116 1897,1059 740,1082"/>
                <Baseline points="749,1121 807,1119 866,1116 925,1115 984,1113 1043,1112 1102,1112 1160,1110 1219,1110 1278,1110 1337,1110 1396,1109 1455,1109 1514,1109 1572,1109 1631,1109 1690,1109 1749,1107 1808,1107 1867,1106 1926,1104"/>
                <TextEquiv>
                    <Unicode>νην καὶ ἀῤῥωστοῦντος εἰκόνα διὰ τῶν ἱματίων διατυποῖ• κ</Unicode>
                </TextEquiv>
            </TextLine>
            <TextLine id="r2l18" custom="readingOrder {index:15;}">
                <Coords points="733,1178 1939,1191 1948,1116 733,1132"/>
                <Baseline points="740,1172 800,1170 860,1169 920,1169 980,1167 1040,1167 1100,1166 1160,1166 1220,1166 1280,1164 1340,1164 1400,1164 1460,1164 1520,1164 1580,1164 1640,1164 1700,1164 1760,1164 1820,1164 1880,1164 1941,1164"/>
                <TextEquiv>
                    <Unicode>δείκνυσιν πόῤῥωθεν τοῖς φρουρῆσαι προτεταγμένοις, ὑπό τινος </Unicode>
                </TextEquiv>
            </TextLine>
            <TextLine id="r2l19" custom="readingOrder {index:16;}">
                <Coords points="740,1238 1550,1246 1898,1230 1926,1190 739,1186"/>
                <Baseline points="747,1224 805,1223 864,1221 922,1220 981,1220 1040,1218 1098,1218 1157,1217 1215,1217 1274,1217 1333,1217 1391,1217 1450,1217 1508,1215 1567,1215 1626,1215 1684,1215 1743,1215 1801,1217 1860,1217 1919,1217"/>
                <TextEquiv>
                    <Unicode>τὸν δαδ ἐνοχλεῖσθαι νοσήματος λέγουσα αυτα μεν ουν νυ</Unicode>
                </TextEquiv>
            </TextLine>
            <TextLine id="r2l20" custom="readingOrder {index:17;}">
                <Coords points="751,1277 1817,1288 1936,1273 1936,1240 750,1240"/>
                <Baseline points="758,1271 816,1271 875,1271 933,1271 992,1271 1050,1271 1109,1271 1167,1271 1226,1271 1284,1271 1343,1271 1401,1271 1460,1269 1518,1269 1577,1269 1635,1269 1694,1269 1752,1269 1811,1269 1869,1268 1928,1268"/>
                <TextEquiv>
                    <Unicode>κτωρ ἐγένετο• ἡμέρας δὲ γενομένης κατάδηλον και τω σαουλ</Unicode>
                </TextEquiv>
            </TextLine>
            <TextLine id="r2l21" custom="readingOrder {index:18;}">
                <Coords points="745,1349 1930,1332 1930,1272 744,1290"/>
                <Baseline points="753,1326 811,1326 869,1325 928,1325 986,1323 1045,1323 1103,1323 1162,1323 1220,1322 1279,1322 1337,1322 1395,1322 1454,1320 1512,1320 1571,1320 1629,1319 1688,1319 1746,1319 1805,1317 1863,1317 1922,1316"/>
                <TextEquiv>
                    <Unicode>καὶ τοῖς δορυφόροις τὸ δράμα ἐγένετο. Τηνικαῦτα τοίνυν ὁ μακάρι</Unicode>
                </TextEquiv>
            </TextLine>
            <TextLine id="r2l22" custom="readingOrder {index:19;}">
                <Coords points="739,1380 1831,1397 1933,1377 1933,1340 738,1353"/>
                <Baseline points="747,1377 805,1377 864,1377 923,1377 982,1377 1041,1377 1100,1377 1159,1377 1218,1377 1277,1377 1336,1377 1394,1377 1453,1376 1512,1376 1571,1375 1630,1374 1689,1373 1748,1372 1807,1371 1866,1369 1925,1367"/>
                <TextEquiv>
                    <Unicode>ος δαδ τηνἐπιβουλὴν ἐκείνην διαφυγὼν, τὸν ψαλμὸν τοῦτον</Unicode>
                </TextEquiv>
            </TextLine>
            <TextLine id="r2l23" custom="readingOrder {index:20;}">
                <Coords points="740,1438 1925,1437 1893,1375 1428,1409 740,1389"/>
                <Baseline points="747,1431 805,1430 864,1428 922,1428 981,1427 1039,1427 1098,1427 1156,1427 1215,1427 1273,1427 1332,1427 1390,1428 1449,1428 1507,1428 1566,1427 1624,1427 1683,1427 1741,1425 1800,1423 1858,1421 1917,1419"/>
                <TextEquiv>
                    <Unicode> συνέγραψεν. αλλὰ τῶν μὲν τότε γενομένων ὀλίγα λέγει, τὰ </Unicode>
                </TextEquiv>
            </TextLine>
            <TextLine id="r2l24" custom="readingOrder {index:21;}">
                <Coords points="740,1505 1941,1478 1910,1434 739,1445"/>
                <Baseline points="747,1490 806,1487 865,1484 924,1482 984,1481 1043,1479 1102,1479 1161,1478 1221,1478 1280,1478 1339,1476 1398,1476 1458,1476 1517,1476 1576,1476 1635,1475 1695,1475 1754,1473 1813,1471 1872,1469 1932,1467"/>
                <TextEquiv>
                    <Unicode>δὲ πλείονα προλέγει, τοῦ θείου πνς τὴν αἴγλην δεξάμενος, </Unicode>
                </TextEquiv>
            </TextLine>
            <TextLine id="r2l25" custom="readingOrder {index:22;}">
                <Coords points="741,1542 1930,1527 1929,1486 1728,1478 741,1511"/>
                <Baseline points="750,1535 808,1535 867,1533 925,1532 984,1531 1043,1530 1101,1529 1160,1528 1218,1527 1277,1526 1336,1526 1394,1524 1453,1524 1511,1523 1570,1523 1629,1521 1687,1521 1746,1521 1804,1520 1863,1520 1922,1520"/>
                <TextEquiv>
                    <Unicode>καὶ τὴν κατὰ τοῦ σρς ἡμῶν τῶν Ἰουδαίων προθεασάμενος </Unicode>
                </TextEquiv>
            </TextLine>
            <TextLine id="r2l26" custom="readingOrder {index:23;}">
                <Coords points="737,1601 1859,1595 1917,1531 736,1543"/>
                <Baseline points="744,1587 802,1586 860,1584 918,1583 977,1581 1035,1580 1093,1578 1152,1577 1210,1577 1268,1575 1327,1575 1385,1574 1443,1572 1501,1572 1560,1571 1618,1571 1676,1571 1735,1571 1793,1569 1851,1569 1910,1569"/>
                <TextEquiv>
                    <Unicode>λύτταν. Καὶ γὰρ οἱ Ἰουδαῖοι τὸν δεσποτικὸν διὰ στρατιωτῶν φυ</Unicode>
                </TextEquiv>
            </TextLine>
            <TextLine id="r2l27" custom="readingOrder {index:24;}">
                <Coords points="745,1648 1900,1633 1934,1588 744,1601"/>
                <Baseline points="753,1632 811,1631 870,1629 928,1628 987,1626 1046,1625 1104,1625 1163,1623 1222,1622 1280,1622 1339,1620 1398,1619 1456,1619 1515,1617 1574,1617 1632,1616 1691,1616 1750,1615 1808,1614 1867,1614 1926,1613"/>
                <TextEquiv>
                    <Unicode>λάξαντες τάφον, ἡμέρας γενομένης, τὰ μὲν ἱμάτια εὗ</Unicode>
                </TextEquiv>
            </TextLine>
            <TextLine id="r2l28" custom="readingOrder {index:25;}">
                <Coords points="748,1693 1922,1665 1908,1626 1679,1619 747,1649"/>
                <Baseline points="755,1679 816,1679 877,1677 938,1677 999,1676 1060,1674 1121,1673 1182,1671 1243,1670 1304,1669 1365,1668 1426,1667 1487,1665 1548,1664 1609,1664 1670,1663 1731,1662 1792,1662 1853,1662 1914,1662"/>
                <TextEquiv>
                    <Unicode>ρον τὸν δὲ φυλαττόμενον οὐκ ἔτι εἶδον νεκρόν• ἀνέστη γὰρ κα</Unicode>
                </TextEquiv>
            </TextLine>
            <TextLine id="r2l29" custom="readingOrder {index:26;}">
                <Coords points="755,1738 1375,1745 1520,1704 1890,1735 1932,1666 754,1707"/>
                <Baseline points="762,1730 820,1729 878,1728 936,1727 994,1725 1053,1724 1111,1722 1169,1721 1227,1718 1285,1717 1344,1716 1402,1714 1460,1713 1518,1712 1576,1710 1635,1709 1693,1709 1751,1707 1809,1707 1867,1707 1926,1707"/>
                <TextEquiv>
                    <Unicode>ταλύσας τοῦ θανάτου τὸ κράτος. τὰς οἰκείας τοίνυν ἐπι</Unicode>
                </TextEquiv>
            </TextLine>
            <TextLine id="r2l30" custom="readingOrder {index:27;}">
                <Coords points="759,1787 1777,1782 1915,1733 1503,1710 1375,1746 758,1751"/>
                <Baseline points="767,1778 824,1779 881,1779 938,1778 995,1778 1052,1776 1109,1775 1166,1774 1223,1772 1280,1770 1337,1769 1394,1767 1451,1766 1508,1764 1565,1763 1622,1761 1679,1761 1736,1760 1793,1760 1850,1761 1908,1761"/>
                <TextEquiv>
                    <Unicode>βουλὰς βλέπων ὁ μακάριος κλεπτων δαδ και προθεωμενος ως κ</Unicode>
                </TextEquiv>
            </TextLine>
            <TextLine id="r2l31" custom="readingOrder {index:28;}">
                <Coords points="752,1843 1839,1821 1906,1808 1905,1765 750,1785"/>
                <Baseline points="759,1824 816,1826 873,1826 930,1826 987,1826 1044,1825 1101,1824 1158,1823 1215,1821 1272,1820 1329,1818 1386,1817 1443,1814 1500,1812 1557,1811 1614,1809 1671,1808 1728,1808 1785,1806 1842,1806 1899,1806"/>
                <TextEquiv>
                    <Unicode>ὁ ἐξ αὐτοῦ κατὰ σάρκα χαλεπώτερα παρὰ Ἰουδαίων πεί</Unicode>
                </TextEquiv>
            </TextLine>
            <TextLine id="r2l32" custom="readingOrder {index:29;}">
                <Coords points="757,1888 1947,1880 1908,1812 756,1840"/>
                <Baseline points="765,1877 823,1877 882,1877 940,1875 999,1875 1058,1874 1116,1873 1175,1872 1234,1870 1292,1869 1351,1868 1410,1866 1468,1863 1527,1862 1586,1860 1644,1859 1703,1858 1762,1857 1820,1856 1879,1856 1938,1856"/>
                <TextEquiv>
                    <Unicode>σεται προλέγει καὶ τῶν ἐθνῶν τὴν κλῆσιν, καὶ τὴν τῶν Ἰουδαί</Unicode>
                </TextEquiv>
            </TextLine>
            <TextLine id="r2l33" custom="readingOrder {index:30;}">
                <Coords points="1214,1929 1844,1921 1903,1907 1902,1860 1743,1887 1611,1861 1591,1880 1213,1883"/>
                <Baseline points="1221,1926 1254,1923 1288,1920 1322,1917 1355,1915 1389,1913 1423,1911 1456,1910 1490,1909 1524,1908 1558,1908 1591,1907 1625,1907 1659,1907 1692,1907 1726,1907 1760,1907 1793,1907 1827,1905 1861,1905 1895,1904"/>
                <TextEquiv>
                    <Unicode>εξελοῦ  με ἐκ τῶν ἐχθρῶν μου ὁ θς κ</Unicode>
                </TextEquiv>
            </TextLine>
            <TextLine id="r2l34" custom="readingOrder {index:31;}">
                <Coords points="772,1926 805,1936 829,1925 848,1940 870,1926 1039,1944 1063,1927 1096,1929 1097,1902 1067,1894 1032,1904 1008,1890 983,1899 912,1893 885,1904 834,1881 811,1890 773,1883"/>
                <Baseline points="780,1919 805,1920 831,1920 857,1922 882,1923 908,1923 934,1925 959,1925 985,1925 1011,1925 1036,1925 1062,1923 1088,1920"/>
                <TextEquiv>
                    <Unicode>ων διασποράν</Unicode>
                </TextEquiv>
            </TextLine>
            <TextLine id="r2l36" custom="readingOrder {index:32;}">
                <Coords points="762,1975 1767,1968 1739,1913 954,1949 761,1925"/>
                <Baseline points="770,1967 819,1968 868,1971 918,1971 967,1973 1017,1971 1066,1971 1115,1970 1165,1969 1214,1967 1264,1965 1313,1964 1362,1962 1412,1959 1461,1958 1511,1956 1560,1955 1609,1955 1659,1955 1708,1955 1758,1956"/>
                <TextEquiv>
                    <Unicode>ἐκ τῶν ἐπανισταμένων ἐπ' ἐμὲ λύτρωσαί με</Unicode>
                </TextEquiv>
            </TextLine>
            <TextLine id="r2l37" custom="readingOrder {index:33;}">
                <Coords points="702,2038 1935,1997 1934,1962 963,2000 701,1963"/>
                <Baseline points="710,2016 770,2018 831,2018 892,2018 953,2018 1014,2018 1074,2018 1135,2016 1196,2015 1257,2014 1318,2013 1378,2012 1439,2010 1500,2008 1561,2006 1622,2004 1682,2003 1743,2001 1804,2000 1865,1998 1926,1997"/>
                <TextEquiv>
                    <Unicode>Δικαία τοῦ προφήτου ἡ αἴτησις• ἀπαλλαγῆναι γὰρ τῶν ἀ</Unicode>
                </TextEquiv>
            </TextLine>
            <TextLine id="r2l38" custom="readingOrder {index:34;}">
                <Coords points="769,2080 1943,2061 1942,2015 1804,2008 768,2022"/>
                <Baseline points="776,2063 837,2063 898,2064 959,2064 1020,2064 1081,2064 1142,2064 1203,2063 1264,2063 1325,2061 1386,2060 1447,2059 1508,2057 1569,2056 1630,2054 1691,2052 1752,2049 1813,2048 1874,2045 1935,2042"/>
                <TextEquiv>
                    <Unicode>δίκως πολεμούντων ἱκέτευσεν. Εἶτα τὸν τούτον διηγεῖται σκοπόν.</Unicode>
                </TextEquiv>
            </TextLine>
            <TextLine id="r2l39" custom="readingOrder {index:35;}">
                <Coords points="727,2145 1736,2134 1926,2113 1925,2056 1122,2095 725,2056"/>
                <Baseline points="734,2111 793,2112 852,2114 911,2115 970,2115 1029,2115 1088,2114 1148,2114 1207,2112 1266,2112 1325,2110 1384,2109 1443,2108 1502,2106 1562,2103 1621,2102 1680,2100 1739,2099 1798,2099 1857,2097 1917,2096"/>
                <TextEquiv>
                    <Unicode> Ῥῦσαί με ἐκ τῶν ἐργαζομένων τὴν ἀνομίαν κ ἐξ ἀνδρῶν αἱ</Unicode>
                </TextEquiv>
            </TextLine>
            <TextLine id="r2l40" custom="readingOrder {index:36;}">
                <Coords points="1297,2180 1498,2179 1528,2159 1626,2179 1659,2159 1861,2183 1926,2148 1925,2110 1877,2127 1800,2107 1755,2132 1690,2114 1608,2134 1452,2110 1402,2129 1296,2120"/>
                <Baseline points="1304,2165 1334,2162 1365,2160 1396,2159 1427,2159 1457,2157 1488,2157 1519,2157 1550,2157 1580,2157 1611,2157 1642,2157 1673,2157 1703,2157 1734,2156 1765,2155 1796,2154 1826,2151 1857,2148 1888,2145 1919,2141"/>
                <TextEquiv>
                    <Unicode>μιαιφόνοι, φησὶν, οἱ πολέμιοι καὶ πα</Unicode>
                </TextEquiv>
            </TextLine>
            <TextLine id="r2l42" custom="readingOrder {index:37;}">
                <Coords points="765,2174 805,2185 854,2169 985,2183 1083,2175 1118,2191 1150,2177 1186,2183 1187,2146 1144,2128 1084,2139 1041,2122 976,2145 886,2120 851,2139 766,2139"/>
                <Baseline points="773,2165 798,2163 823,2162 848,2161 874,2160 899,2161 924,2162 950,2162 975,2163 1000,2164 1026,2165 1051,2166 1076,2166 1102,2166 1127,2166 1152,2166 1178,2165"/>
                <TextEquiv>
                    <Unicode>μάτων σῶσόν με</Unicode>
                </TextEquiv>
            </TextLine>
            <TextLine id="r2l44" custom="readingOrder {index:38;}">
                <Coords points="757,2235 1679,2231 1853,2215 1853,2172 756,2172"/>
                <Baseline points="764,2211 818,2214 872,2216 926,2217 980,2219 1034,2219 1088,2219 1142,2219 1196,2217 1250,2217 1304,2216 1358,2214 1412,2213 1466,2210 1520,2210 1574,2207 1628,2206 1682,2205 1736,2204 1790,2204 1845,2204"/>
                <TextEquiv>
                    <Unicode>ράνομοι οἷς οὐδ' ἥν τινα οὖν προσενήνοχα βλάβην</Unicode>
                </TextEquiv>
            </TextLine>
            <TextLine id="r2l45" custom="readingOrder {index:39;}">
                <Coords points="724,2298 1815,2289 1917,2254 1916,2219 1841,2211 1744,2242 723,2232"/>
                <Baseline points="731,2277 789,2277 848,2276 907,2274 966,2274 1025,2273 1084,2273 1142,2271 1201,2271 1260,2270 1319,2269 1378,2268 1437,2267 1496,2265 1554,2264 1613,2262 1672,2259 1731,2258 1790,2255 1849,2252 1908,2249"/>
                <TextEquiv>
                    <Unicode>Ὅτι ἰδοὺ ἐθήρευσαν τὴν ψυχήν μου ἐπέθεντο ἐπ' ἐμὲ κρατεοι </Unicode>
                </TextEquiv>
            </TextLine>
            <TextEquiv>
                <Unicode>τα πρυτανεύειν• καὶ τοῖς μὲν δικαίοις τοὺς καταλλήλων ἀπο&#13;
νέμειν καρποὺς τοὺς δὲ τἀναντία προελομένους δίκας εἰσ&#13;
πράττειν καὶ τὰς ἀξίας αυτοισ τιμωρίας ἐπάγειν.&#13;
 εἰς τὸ τέλος μὴ διαφθείρης, τω Δαδ εἰς στηλογραφίαν. &#13;
οπότε ἀπέστειλεν σαοὺλ καὶ ἐφύλαξε τὸν &#13;
οἶκον αὐτοῦτοῦ θανατῶσαι αὐτόν&#13;
φθόνω δουλεύων ὁ Σαοὺλ τὸν τοῦ δαδ ἐτύρευε θάνατον• καί ποτε συ&#13;
νεστιώμενον ἠβουλήθη κατακοντίσαι τω δόρατι. εκκλίναντα &#13;
δὲ καὶ διαφυγόντα τὸν θάνατον, ἐπεχείρησε πάλιν χειρώσασθαι&#13;
καί τινας ἀποστείλας τὴν οἰκίαν φρουρῆσαι προσέταξεν προ&#13;
φανῆ τὴν δυσμένειαν δείξας. αλλ' ἡ μὲν τοῦ δαδ γαμετὴ τοῦ δὲ σα&#13;
οὺλ θυγάτηρ γνώριμον μὲν τοῦτο ποιεῖ το ὁμοζύγω καὶ διά τινος&#13;
 αὐτὸν ἀποδράναι παρασκευάζει φωταγωγοῦ τὰ κενοτάφια &#13;
δὲ λαβοῦσα, οὕτω γὰρ ἡ ἱστορία διδάσκει σχηματίζει τὴν κλί&#13;
νην καὶ ἀῤῥωστοῦντος εἰκόνα διὰ τῶν ἱματίων διατυποῖ• κ&#13;
δείκνυσιν πόῤῥωθεν τοῖς φρουρῆσαι προτεταγμένοις, ὑπό τινος &#13;
τὸν δαδ ἐνοχλεῖσθαι νοσήματος λέγουσα αυτα μεν ουν νυ&#13;
κτωρ ἐγένετο• ἡμέρας δὲ γενομένης κατάδηλον και τω σαουλ&#13;
καὶ τοῖς δορυφόροις τὸ δράμα ἐγένετο. Τηνικαῦτα τοίνυν ὁ μακάρι&#13;
ος δαδ τηνἐπιβουλὴν ἐκείνην διαφυγὼν, τὸν ψαλμὸν τοῦτον&#13;
 συνέγραψεν. αλλὰ τῶν μὲν τότε γενομένων ὀλίγα λέγει, τὰ &#13;
δὲ πλείονα προλέγει, τοῦ θείου πνς τὴν αἴγλην δεξάμενος, &#13;
καὶ τὴν κατὰ τοῦ σρς ἡμῶν τῶν Ἰουδαίων προθεασάμενος &#13;
λύτταν. Καὶ γὰρ οἱ Ἰουδαῖοι τὸν δεσποτικὸν διὰ στρατιωτῶν φυ&#13;
λάξαντες τάφον, ἡμέρας γενομένης, τὰ μὲν ἱμάτια εὗ&#13;
ρον τὸν δὲ φυλαττόμενον οὐκ ἔτι εἶδον νεκρόν• ἀνέστη γὰρ κα&#13;
ταλύσας τοῦ θανάτου τὸ κράτος. τὰς οἰκείας τοίνυν ἐπι&#13;
βουλὰς βλέπων ὁ μακάριος κλεπτων δαδ και προθεωμενος ως κ&#13;
ὁ ἐξ αὐτοῦ κατὰ σάρκα χαλεπώτερα παρὰ Ἰουδαίων πεί&#13;
σεται προλέγει καὶ τῶν ἐθνῶν τὴν κλῆσιν, καὶ τὴν τῶν Ἰουδαί&#13;
εξελοῦ  με ἐκ τῶν ἐχθρῶν μου ὁ θς κ&#13;
ων διασποράν&#13;
ἐκ τῶν ἐπανισταμένων ἐπ' ἐμὲ λύτρωσαί με&#13;
Δικαία τοῦ προφήτου ἡ αἴτησις• ἀπαλλαγῆναι γὰρ τῶν ἀ&#13;
δίκως πολεμούντων ἱκέτευσεν. Εἶτα τὸν τούτον διηγεῖται σκοπόν.&#13;
 Ῥῦσαί με ἐκ τῶν ἐργαζομένων τὴν ἀνομίαν κ ἐξ ἀνδρῶν αἱ&#13;
μιαιφόνοι, φησὶν, οἱ πολέμιοι καὶ πα&#13;
μάτων σῶσόν με&#13;
ράνομοι οἷς οὐδ' ἥν τινα οὖν προσενήνοχα βλάβην&#13;
Ὅτι ἰδοὺ ἐθήρευσαν τὴν ψυχήν μου ἐπέθεντο ἐπ' ἐμὲ κρατεοι </Unicode>
            </TextEquiv>
        </TextRegion>
    </Page>
</PcGts>
