<?xml version="1.0" encoding="UTF-8" standalone="yes"?>
<PcGts xmlns="http://schema.primaresearch.org/PAGE/gts/pagecontent/2013-07-15" xmlns:xsi="http://www.w3.org/2001/XMLSchema-instance" xsi:schemaLocation="http://schema.primaresearch.org/PAGE/gts/pagecontent/2013-07-15 http://schema.primaresearch.org/PAGE/gts/pagecontent/2013-07-15/pagecontent.xsd">
    <Metadata>
        <Creator>prov=University of Rostock/Institute of Mathematics/CITlab|PLANET AI GmbH/Gundram Leifert/gundram.leifert@planet-ai.de:name=HPGTR(htr_id=41125)::::v=2.6.7
prov=University of Rostock/Institute of Mathematics/CITlab|PLANET AI GmbH/Tobias Gruening/tobias.gruening@planet-ai.de:name=de.uros.citlab.module.baseline2polygon.B2PSeamMultiOriented:v=2.6.7
prov=University of Rostock/Institute of Mathematics/CITlab|PLANET AI GmbH/Tobias Gruening/tobias.gruening@planet-ai.de:name=/net_tf/LA73_249_0mod360.pb:de.uros.citlab.segmentation.CITlab_LA_ML:v=2.6.7
Transkribus</Creator>
        <Created>2021-09-19T17:37:24.405+03:00</Created>
        <LastChange>2023-06-06T22:48:54.847+02:00</LastChange>
        <TranskribusMetadata docId="1458633" pageId="56018967" pageNr="53" tsid="126148900" status="IN_PROGRESS" userId="99263" imgUrl="https://files.transkribus.eu/Get?id=ALDJVKSCQOUUHUKUDBJCZKWX&amp;fileType=view" xmlUrl="https://files.transkribus.eu/Get?id=CFCQMIXDWLWUDHOFKYLHRBXQ" imageId="23265848"/>
    </Metadata>
    <Page imageFilename="0053_83 Bodleian-Library-MS-Barocci-132_00241_fol-114r.jpg" imageWidth="2264" imageHeight="2748">
        <ReadingOrder>
            <OrderedGroup id="ro_1686139448600" caption="Regions reading order">
                <RegionRefIndexed index="0" regionRef="r1"/>
            </OrderedGroup>
        </ReadingOrder>
        <TextRegion orientation="0.0" id="r1" custom="readingOrder {index:0;}">
            <Coords points="251,396 251,2325 1563,2325 1563,396"/>
            <TextLine id="r1l1" custom="readingOrder {index:0;}">
                <Coords points="256,495 594,442 1514,436 1524,376 254,425"/>
                <Baseline points="263,458 325,454 388,450 451,448 513,446 576,444 639,442 701,440 764,438 827,437 890,435 952,434 1015,432 1078,431 1140,429 1203,428 1266,426 1328,425 1391,423 1454,422 1517,419"/>
                <TextEquiv>
                    <Unicode>παντοδαποῖς χρώμενοι μηχανήμασιν ἀνελεῖν με πειρῶνται, τη οἰ</Unicode>
                </TextEquiv>
            </TextLine>
            <TextLine id="r1l2" custom="readingOrder {index:1;}">
                <Coords points="276,526 1535,482 1509,434 1353,425 275,474"/>
                <Baseline points="284,503 346,500 408,497 470,495 532,494 594,492 656,491 718,489 780,488 842,486 905,485 967,483 1029,482 1091,480 1153,479 1215,477 1277,474 1339,473 1401,470 1463,468 1526,465"/>
                <TextEquiv>
                    <Unicode>κεία δυνάμει θαῤῥοῦντες• ἀλλ' εἰκὸτως αὐτοὺς προηδικημένους </Unicode>
                </TextEquiv>
            </TextLine>
            <TextLine id="r1l3" custom="readingOrder {index:2;}">
                <Coords points="242,556 1501,535 1557,478 241,530"/>
                <Baseline points="251,555 319,551 387,548 456,545 524,543 592,540 661,539 729,537 797,536 866,534 934,533 1003,531 1071,530 1139,529 1208,527 1276,525 1344,524 1413,521 1481,518 1550,515"/>
                <TextEquiv>
                    <Unicode>τὴν τιμωρίαν ζητεῖν Οὔτε ἡ ἀνομία μου οὔτε ἡ ἁμαρτία μου κε</Unicode>
                </TextEquiv>
            </TextLine>
            <TextLine id="r1l4" custom="readingOrder {index:3;}">
                <Coords points="253,634 622,586 1459,590 1529,577 1528,532 251,563"/>
                <Baseline points="260,603 323,599 386,595 449,592 512,590 575,587 638,586 701,585 764,584 827,582 890,581 953,581 1016,579 1079,579 1142,578 1205,576 1268,575 1331,573 1394,570 1457,567 1520,564"/>
                <TextEquiv>
                    <Unicode>Οὐδὲν φησὶν παρ' ἡμῶν εἰς αὐτοὺς γεγένηται λυπηρόν• οὐδέ τι ἐγκα</Unicode>
                </TextEquiv>
            </TextLine>
            <TextLine id="r1l5" custom="readingOrder {index:4;}">
                <Coords points="1279,640 1304,648 1321,631 1342,629 1367,642 1400,620 1514,624 1513,584 1470,583 1456,594 1400,571 1377,595 1316,569 1277,584"/>
                <Baseline points="1286,626 1313,622 1340,619 1368,618 1395,617 1422,617 1450,617 1477,617 1505,615"/>
                <TextEquiv>
                    <Unicode>Ἄνευ ἀνομί</Unicode>
                </TextEquiv>
            </TextLine>
            <TextLine id="r1l6" custom="readingOrder {index:5;}">
                <Coords points="288,661 1110,648 1181,633 1180,584 286,609"/>
                <Baseline points="296,653 339,648 383,645 427,641 471,639 515,638 558,636 602,635 646,635 690,635 734,633 777,633 821,633 865,633 909,633 953,632 996,630 1040,629 1084,627 1128,624 1172,620"/>
                <TextEquiv>
                    <Unicode>λεῖν ἔχοντες τὸν ἐμὸν καττύουσι θάνατον</Unicode>
                </TextEquiv>
            </TextLine>
            <TextLine id="r1l7" custom="readingOrder {index:6;}">
                <Coords points="976,709 1044,705 1061,687 1162,699 1242,678 1485,680 1514,670 1513,628 1155,656 1094,642 1070,658 974,637"/>
                <Baseline points="983,680 1009,679 1035,678 1061,677 1087,675 1113,675 1139,674 1166,674 1192,674 1218,672 1244,672 1270,672 1296,671 1322,671 1349,671 1375,670 1401,669 1427,669 1453,668 1479,666 1506,666"/>
                <TextEquiv>
                    <Unicode>Ταῦτα ἀληθέστερον οὐ τω </Unicode>
                </TextEquiv>
            </TextLine>
            <TextLine id="r1l9" custom="readingOrder {index:7;}">
                <Coords points="285,712 365,699 396,715 522,687 637,713 716,690 763,707 868,688 868,654 715,641 666,660 546,648 324,679 284,667"/>
                <Baseline points="294,699 322,697 350,694 378,691 407,690 435,688 463,687 492,686 520,686 548,686 577,686 605,686 633,686 661,686 690,686 718,686 746,684 775,684 803,683 831,682 860,680"/>
                <TextEquiv>
                    <Unicode>ας ἔδραμον καὶ κατεύθυνα</Unicode>
                </TextEquiv>
            </TextLine>
            <TextLine id="r1l10" custom="readingOrder {index:8;}">
                <Coords points="285,758 1522,742 1501,666 285,717"/>
                <Baseline points="293,744 354,741 415,740 476,737 537,735 598,734 659,734 720,732 781,731 842,731 903,729 964,729 1025,728 1086,726 1147,725 1208,724 1269,722 1330,720 1391,719 1452,717 1514,714"/>
                <TextEquiv>
                    <Unicode>δαδ ἁρμόττει ἀλλὰ τω ἐκ δαδ, καὶ τω κυρίω τοῦ δαδ Ἐκεῖνος γὰρ </Unicode>
                </TextEquiv>
            </TextLine>
            <TextLine id="r1l11" custom="readingOrder {index:9;}">
                <Coords points="286,802 1511,785 1528,739 285,763"/>
                <Baseline points="293,792 354,791 415,789 477,788 538,786 599,786 661,785 722,783 783,782 845,782 906,780 967,779 1029,779 1090,777 1151,776 1213,774 1274,773 1335,771 1397,770 1458,768 1520,767"/>
                <TextEquiv>
                    <Unicode>μόνος ἁμαρτίαν οὐκ ἐποίησεν οὐδὲ εὑρέθη δόλος ἐν τω στόματι </Unicode>
                </TextEquiv>
            </TextLine>
            <TextLine id="r1l12" custom="readingOrder {index:10;}">
                <Coords points="291,850 1204,858 1523,833 1522,786 290,807"/>
                <Baseline points="299,842 359,840 420,837 481,836 542,834 602,833 663,831 724,831 785,830 845,830 906,828 967,828 1028,828 1088,827 1149,827 1210,825 1271,825 1331,824 1392,822 1453,821 1514,818"/>
                <TextEquiv>
                    <Unicode>αὐτοῦ ως ἐν τύπω δὲ καὶ ὁ μακάριος ταῦτα λέγει δαδ• οὐ τὸ παν</Unicode>
                </TextEquiv>
            </TextLine>
            <TextLine id="r1l13" custom="readingOrder {index:11;}">
                <Coords points="283,905 1506,883 1396,830 283,848"/>
                <Baseline points="291,891 351,888 411,885 472,883 532,882 593,881 653,879 713,879 774,878 834,878 895,878 955,878 1015,878 1076,878 1136,878 1197,878 1257,878 1317,878 1378,878 1438,878 1499,876"/>
                <TextEquiv>
                    <Unicode>τελῶς ἀναμάρτητον ἑαυτω προσμαρτυρῶν, ἀλλὰ διδάσκ </Unicode>
                </TextEquiv>
            </TextLine>
            <TextLine id="r1l14" custom="readingOrder {index:12;}">
                <Coords points="285,949 1505,942 1516,886 284,906"/>
                <Baseline points="293,938 353,937 414,936 475,936 536,936 596,935 657,935 718,933 779,933 839,933 900,932 961,932 1022,931 1082,930 1143,930 1204,930 1265,930 1325,930 1386,930 1447,930 1508,930"/>
                <TextEquiv>
                    <Unicode>ως οὐδὲν τὸν σαοὺλ ἀδικήσας, ἀλλὰ πολλὰ καὶ πολλάκις εὐερ</Unicode>
                </TextEquiv>
            </TextLine>
            <TextLine id="r1l15" custom="readingOrder {index:13;}">
                <Coords points="282,1001 1441,1006 1504,992 1504,943 282,952"/>
                <Baseline points="290,989 350,989 410,988 470,987 531,987 591,986 651,986 712,984 772,984 832,983 893,983 953,981 1013,980 1073,980 1134,978 1194,978 1254,977 1315,977 1375,977 1435,975 1496,975"/>
                <TextEquiv>
                    <Unicode>γετήσας, παντοδαπὰς ἐπιβουλὰς ὑπομένει οὕτω δὲ κ ὁ σύμ</Unicode>
                </TextEquiv>
            </TextLine>
            <TextLine id="r1l16" custom="readingOrder {index:14;}">
                <Coords points="286,1053 1394,1061 1514,1033 1514,996 285,1022"/>
                <Baseline points="293,1040 353,1040 414,1040 474,1040 535,1040 596,1038 656,1038 717,1038 778,1037 838,1036 899,1035 960,1034 1020,1034 1081,1032 1142,1031 1202,1031 1263,1029 1324,1029 1384,1029 1445,1028 1506,1028"/>
                <TextEquiv>
                    <Unicode>μαχος ἡρμήνευσεν. μὴ οὔσης ἁμαρτίας επιτρέχουσιν ἵνα </Unicode>
                </TextEquiv>
            </TextLine>
            <TextLine id="r1l17" custom="readingOrder {index:15;}">
                <Coords points="664,1125 886,1089 1474,1104 1532,1054 1216,1033 662,1053"/>
                <Baseline points="671,1094 713,1094 756,1092 798,1091 841,1089 884,1089 926,1088 969,1087 1012,1086 1054,1085 1097,1085 1140,1083 1182,1082 1225,1082 1268,1080 1310,1080 1353,1079 1396,1077 1438,1077 1481,1076 1524,1076"/>
                <TextEquiv>
                    <Unicode>Ἐξεγέρθητι εἰς συνάντησίν μου καὶ ἴδε</Unicode>
                </TextEquiv>
            </TextLine>
            <TextLine id="r1l18" custom="readingOrder {index:16;}">
                <Coords points="277,1108 327,1114 369,1100 386,1114 441,1114 459,1097 512,1114 540,1094 587,1094 586,1058 554,1068 516,1049 435,1068 412,1047 396,1059 380,1046 353,1063 325,1068 310,1057 276,1069"/>
                <Baseline points="284,1097 310,1095 337,1093 364,1092 390,1092 417,1092 444,1091 471,1091 497,1091 524,1091 551,1092 578,1091"/>
                <TextEquiv>
                    <Unicode>πατάξωσιν</Unicode>
                </TextEquiv>
            </TextLine>
            <TextLine id="r1l20" custom="readingOrder {index:17;}">
                <Coords points="267,1172 1463,1154 1543,1140 1542,1080 266,1112"/>
                <Baseline points="275,1148 338,1148 401,1148 464,1148 527,1147 590,1146 653,1145 716,1143 779,1143 842,1142 905,1140 968,1139 1031,1137 1094,1136 1157,1134 1220,1133 1283,1133 1346,1131 1409,1131 1472,1130 1535,1130"/>
                <TextEquiv>
                    <Unicode>σὲ δὲ τούτου φησὶν ἱκετεύω γενέσθαι κριτὴν τὸν ἅπαντα σαφῶς</Unicode>
                </TextEquiv>
            </TextLine>
            <TextLine id="r1l21" custom="readingOrder {index:18;}">
                <Coords points="705,1214 1239,1184 1495,1204 1493,1134 1080,1163 983,1144 929,1168 704,1151"/>
                <Baseline points="713,1202 751,1200 790,1197 829,1194 867,1193 906,1191 945,1190 983,1187 1022,1186 1061,1185 1100,1184 1138,1182 1177,1182 1216,1181 1254,1181 1293,1181 1332,1181 1370,1181 1409,1181 1448,1182 1487,1184"/>
                <TextEquiv>
                    <Unicode>Καὶ σὺ κε ὁ θς τῶν δυνάμεων ὁ θς </Unicode>
                </TextEquiv>
            </TextLine>
            <TextLine id="r1l22" custom="readingOrder {index:19;}">
                <Coords points="268,1227 291,1218 314,1228 367,1199 417,1220 461,1213 487,1225 507,1209 523,1215 542,1202 572,1202 571,1169 540,1161 518,1173 479,1170 465,1159 405,1160 392,1147 348,1164 293,1156 267,1171"/>
                <Baseline points="276,1200 302,1199 328,1199 354,1198 380,1197 406,1197 433,1197 459,1196 485,1196 511,1196 537,1196 564,1197"/>
                <TextEquiv>
                    <Unicode> ἐπιστάμενον</Unicode>
                </TextEquiv>
            </TextLine>
            <TextLine id="r1l23" custom="readingOrder {index:20;}">
                <Coords points="288,1266 1408,1235 1374,1187 288,1224"/>
                <Baseline points="296,1251 351,1253 406,1253 461,1253 516,1253 572,1253 627,1251 682,1250 737,1248 792,1247 848,1245 903,1244 958,1242 1013,1241 1068,1239 1124,1238 1179,1236 1234,1235 1289,1233 1344,1233 1400,1232"/>
                <TextEquiv>
                    <Unicode>του ιὴλ πρόσχες τοῦ ἐπισκέψασθαι πάντα τὰ ἔθνη </Unicode>
                </TextEquiv>
            </TextLine>
            <TextLine id="r1l24" custom="readingOrder {index:21;}">
                <Coords points="261,1306 1497,1298 1495,1230 261,1263"/>
                <Baseline points="269,1304 333,1304 397,1304 461,1304 525,1304 589,1304 653,1302 718,1301 782,1299 846,1298 910,1296 974,1295 1038,1293 1103,1291 1167,1290 1231,1288 1295,1287 1359,1286 1423,1284 1488,1284"/>
                <TextEquiv>
                    <Unicode>τὸ ἀναμάρτητον ἐν μόνω θεωρήσας τω ἐξ αὐτοῦ κατὰ σάρ</Unicode>
                </TextEquiv>
            </TextLine>
            <TextLine id="r1l25" custom="readingOrder {index:22;}">
                <Coords points="287,1376 1533,1358 1532,1298 1462,1288 962,1330 919,1298 286,1313"/>
                <Baseline points="294,1356 355,1356 417,1356 478,1356 540,1355 601,1355 663,1353 724,1352 786,1350 847,1349 909,1347 970,1346 1032,1344 1093,1343 1155,1341 1216,1341 1278,1340 1339,1340 1401,1338 1462,1338 1524,1340"/>
                <TextEquiv>
                    <Unicode>κα καὶ τὴν τῶν ὁμοφύλων Ἰουδαίων κατ' αὐτοῦ μανίαν προ</Unicode>
                </TextEquiv>
            </TextLine>
            <TextLine id="r1l26" custom="readingOrder {index:23;}">
                <Coords points="274,1433 1508,1396 1507,1344 273,1376"/>
                <Baseline points="282,1409 342,1409 403,1410 464,1409 525,1409 586,1409 647,1407 708,1406 769,1404 830,1403 891,1401 951,1400 1012,1398 1073,1397 1134,1395 1195,1392 1256,1392 1317,1391 1378,1389 1439,1389 1500,1389"/>
                <TextEquiv>
                    <Unicode>θεωρήσας τω πνι τὸν τῶν δυνάμεων κν καὶ τοῦ ιὴλ ἱκετεύει </Unicode>
                </TextEquiv>
            </TextLine>
            <TextLine id="r1l27" custom="readingOrder {index:24;}">
                <Coords points="283,1489 1529,1442 1528,1405 1424,1394 282,1416"/>
                <Baseline points="291,1458 352,1460 414,1460 475,1460 537,1460 598,1460 660,1458 721,1458 783,1457 844,1454 906,1452 967,1451 1029,1448 1090,1446 1152,1445 1213,1443 1275,1441 1336,1440 1398,1439 1459,1439 1521,1437"/>
                <TextEquiv>
                    <Unicode>θν καταλιπεῖν μὲν Ἰουδαίους ἀτημελήτους πᾶσαν δὲ εἰς τὰ </Unicode>
                </TextEquiv>
            </TextLine>
            <TextLine id="r1l28" custom="readingOrder {index:25;}">
                <Coords points="292,1537 1398,1491 1494,1522 1516,1458 291,1485"/>
                <Baseline points="300,1509 360,1511 420,1511 481,1511 541,1511 602,1511 662,1509 722,1508 783,1506 843,1505 904,1503 964,1501 1024,1499 1085,1497 1145,1495 1206,1493 1266,1491 1326,1490 1387,1488 1447,1488 1508,1487"/>
                <TextEquiv>
                    <Unicode>ἔθνη μεταθεῖναι τὴν πρόνοιαν καὶ τω τῆς θεογνωσίας κα</Unicode>
                </TextEquiv>
            </TextLine>
            <TextLine id="r1l29" custom="readingOrder {index:26;}">
                <Coords points="292,1571 1493,1553 1492,1514 1398,1492 292,1537"/>
                <Baseline points="300,1563 359,1563 418,1563 477,1562 536,1562 596,1560 655,1559 714,1559 773,1557 832,1556 892,1554 951,1551 1010,1550 1069,1548 1128,1547 1188,1545 1247,1544 1306,1542 1365,1541 1424,1539 1484,1538"/>
                <TextEquiv>
                    <Unicode>ταυγᾶσαι φωτί ταῦτα δὲ τοῖς ἔθνεσιν ἀπαγγείλας, καὶ τὰς Ἰ</Unicode>
                </TextEquiv>
            </TextLine>
            <TextLine id="r1l30" custom="readingOrder {index:27;}">
                <Coords points="1014,1610 1062,1623 1125,1601 1145,1619 1243,1599 1471,1606 1495,1594 1494,1553 1466,1546 1432,1565 1396,1546 1109,1578 1073,1553 1013,1561"/>
                <Baseline points="1022,1601 1047,1601 1073,1601 1099,1599 1125,1599 1151,1598 1177,1598 1202,1598 1228,1596 1254,1595 1280,1595 1306,1593 1332,1593 1357,1592 1383,1592 1409,1590 1435,1589 1461,1589 1487,1587"/>
                <TextEquiv>
                    <Unicode>Μὴ οἰκτειρήσης πάντας </Unicode>
                </TextEquiv>
            </TextLine>
            <TextLine id="r1l31" custom="readingOrder {index:28;}">
                <Coords points="283,1619 552,1630 688,1606 883,1630 936,1596 976,1607 960,1562 762,1584 601,1560 564,1586 366,1566 283,1581"/>
                <Baseline points="291,1610 324,1608 358,1608 392,1608 426,1608 460,1608 494,1607 527,1607 561,1607 595,1607 629,1605 663,1605 697,1605 731,1604 764,1604 798,1604 832,1604 866,1602 900,1602 934,1602 968,1601"/>
                <TextEquiv>
                    <Unicode>ουδαίων τιμωρίας προλέγει </Unicode>
                </TextEquiv>
            </TextLine>
            <TextLine id="r1l32" custom="readingOrder {index:29;}">
                <Coords points="280,1664 1520,1645 1519,1608 1352,1601 279,1618"/>
                <Baseline points="288,1658 349,1658 410,1658 471,1658 532,1658 594,1656 655,1656 716,1655 777,1655 838,1653 900,1652 961,1651 1022,1650 1083,1648 1144,1646 1206,1644 1267,1643 1328,1641 1389,1640 1450,1638 1512,1637"/>
                <TextEquiv>
                    <Unicode>τοὺς ἐργαζομένους τὴν ἀνομίαν Ἐπειδὴ γὰρ τοῖς προ</Unicode>
                </TextEquiv>
            </TextLine>
            <TextLine id="r1l33" custom="readingOrder {index:30;}">
                <Coords points="271,1724 1267,1719 1528,1699 1527,1663 269,1660"/>
                <Baseline points="278,1706 340,1707 402,1707 464,1707 526,1707 588,1706 650,1705 712,1704 774,1703 836,1701 899,1700 961,1697 1023,1695 1085,1694 1147,1692 1209,1691 1271,1689 1333,1688 1395,1686 1457,1686 1520,1685"/>
                <TextEquiv>
                    <Unicode>φητικοῖς ὀφθαλμοῖς τὸν σταυρὸν ἑώρα κ ἐπαΐειν ἐδόκει τοῦ κυ</Unicode>
                </TextEquiv>
            </TextLine>
            <TextLine id="r1l34" custom="readingOrder {index:31;}">
                <Coords points="272,1779 1301,1769 1487,1751 1486,1695 271,1729"/>
                <Baseline points="279,1757 342,1755 405,1755 468,1755 531,1754 594,1754 657,1752 720,1751 783,1750 846,1749 910,1748 973,1746 1036,1745 1099,1743 1162,1742 1225,1740 1288,1739 1351,1737 1414,1735 1478,1733"/>
                <TextEquiv>
                    <Unicode> λέγοντος• περ ἄφες αὐτοῖς οὐ γὰρ οἴδασι τί ποιοῦσιν• βδελλυ</Unicode>
                </TextEquiv>
            </TextLine>
            <TextLine id="r1l35" custom="readingOrder {index:32;}">
                <Coords points="277,1833 1503,1797 1502,1756 1370,1741 276,1779"/>
                <Baseline points="284,1805 344,1805 405,1803 465,1803 526,1802 586,1802 647,1800 707,1800 768,1799 828,1797 889,1797 949,1796 1010,1794 1070,1793 1131,1791 1191,1791 1252,1789 1312,1787 1373,1785 1433,1784 1494,1782"/>
                <TextEquiv>
                    <Unicode>ττόμενος τὴν τῆς ἀσεβείας ὑπερβολὴν μηδεμιᾶς αὐτοὺς </Unicode>
                </TextEquiv>
            </TextLine>
            <TextLine id="r1l36" custom="readingOrder {index:33;}">
                <Coords points="276,1863 1216,1865 1474,1846 1499,1803 275,1831"/>
                <Baseline points="284,1853 344,1854 404,1854 465,1854 525,1854 585,1854 646,1854 706,1853 766,1853 827,1851 887,1850 947,1848 1008,1846 1068,1844 1128,1842 1189,1839 1249,1838 1309,1835 1370,1833 1430,1830 1491,1827"/>
                <TextEquiv>
                    <Unicode>ἀπολαῦσαι συγγνώμης ἀντιβολεῖ• εἶτα τῆς πνευματικῆς τροφῆς </Unicode>
                </TextEquiv>
            </TextLine>
            <TextLine id="r1l37" custom="readingOrder {index:34;}">
                <Coords points="1307,1906 1350,1904 1373,1885 1392,1896 1413,1889 1439,1904 1446,1897 1469,1900 1496,1887 1492,1847 1472,1850 1465,1858 1444,1845 1430,1853 1390,1857 1363,1850 1337,1831 1326,1841 1300,1842"/>
                <Baseline points="1314,1896 1342,1889 1371,1885 1400,1882 1429,1880 1458,1878 1487,1877"/>
                <TextEquiv>
                    <Unicode>Ἐπιστρέ</Unicode>
                </TextEquiv>
            </TextLine>
            <TextLine id="r1l38" custom="readingOrder {index:35;}">
                <Coords points="282,1930 539,1910 713,1935 779,1904 853,1932 1029,1897 1106,1920 1192,1899 1217,1859 281,1881"/>
                <Baseline points="290,1907 338,1907 386,1908 435,1908 483,1908 531,1907 580,1907 628,1907 676,1905 725,1904 773,1904 822,1902 870,1901 918,1899 967,1898 1015,1896 1063,1895 1112,1892 1160,1890 1209,1887"/>
                <TextEquiv>
                    <Unicode>τὴν ἐσομένην αὐτοῖς ἔνδειαν προθεσπίζει</Unicode>
                </TextEquiv>
            </TextLine>
            <TextLine id="r1l39" custom="readingOrder {index:36;}">
                <Coords points="284,1972 1465,1951 1571,1899 282,1929"/>
                <Baseline points="291,1961 354,1961 418,1959 481,1959 545,1958 609,1957 672,1956 736,1955 799,1953 863,1952 927,1949 990,1947 1054,1946 1117,1943 1181,1941 1245,1938 1308,1935 1372,1932 1435,1929 1499,1926 1563,1923"/>
                <TextEquiv>
                    <Unicode>ψουσιν εἰς ἑσπέραν καὶ λιμώξουσιν ὡς κύων κ κυκλώσουσι πόλιν.</Unicode>
                </TextEquiv>
            </TextLine>
            <TextLine id="r1l40" custom="readingOrder {index:37;}">
                <Coords points="246,2028 1494,1999 1483,1938 682,1983 245,1957"/>
                <Baseline points="254,1997 315,2000 377,2002 438,2004 500,2004 561,2004 623,2004 684,2003 746,2003 807,2001 869,2000 931,1998 992,1996 1054,1994 1115,1991 1177,1989 1238,1987 1300,1985 1361,1983 1423,1982 1485,1980"/>
                <TextEquiv>
                    <Unicode> Καθάπερ φησιν κύνες νύκτωρ εἰώθασι τὰς τῶν πολεμιων </Unicode>
                </TextEquiv>
            </TextLine>
            <TextLine id="r1l41" custom="readingOrder {index:38;}">
                <Coords points="268,2064 1209,2063 1469,2041 1499,1990 267,2022"/>
                <Baseline points="276,2051 336,2052 397,2052 458,2054 519,2054 579,2052 640,2052 701,2051 762,2049 822,2048 883,2046 944,2043 1005,2042 1065,2040 1126,2037 1187,2036 1248,2034 1308,2031 1369,2030 1430,2030 1491,2028"/>
                <TextEquiv>
                    <Unicode>περινοστεῖν ἀγορὰς γαστρὸς ὑπ' ἐνδείας τοῦτο ποιεῖν βιαζόμε</Unicode>
                </TextEquiv>
            </TextLine>
            <TextLine id="r1l42" custom="readingOrder {index:39;}">
                <Coords points="275,2108 1494,2105 1497,2048 273,2062"/>
                <Baseline points="282,2099 342,2100 402,2103 463,2105 523,2105 584,2105 644,2103 704,2103 765,2102 825,2099 886,2098 946,2096 1006,2093 1067,2090 1127,2088 1188,2085 1248,2083 1308,2081 1369,2079 1429,2078 1490,2076"/>
                <TextEquiv>
                    <Unicode>νοι• ουτοι πάσης πνικῆς γυμνοὶ γενήσονται προμηθείας• κ </Unicode>
                </TextEquiv>
            </TextLine>
            <TextLine id="r1l43" custom="readingOrder {index:40;}">
                <Coords points="270,2154 1512,2134 1511,2104 1316,2088 269,2111"/>
                <Baseline points="278,2148 339,2151 400,2153 461,2154 523,2154 584,2154 645,2153 706,2153 768,2151 829,2149 890,2147 951,2144 1013,2142 1074,2139 1135,2137 1196,2135 1258,2133 1319,2130 1380,2129 1441,2127 1503,2127"/>
                <TextEquiv>
                    <Unicode>οὔτε προφητικῆς ἀπολαύσανται χάριτος, καὶ τῆς ἀρχιερα</Unicode>
                </TextEquiv>
            </TextLine>
            <TextLine id="r1l44" custom="readingOrder {index:41;}">
                <Coords points="271,2233 1188,2185 1483,2210 1498,2154 269,2162"/>
                <Baseline points="278,2201 338,2204 399,2205 459,2207 520,2207 581,2207 641,2207 702,2205 762,2203 823,2201 884,2199 944,2196 1005,2195 1065,2192 1126,2189 1187,2187 1247,2184 1308,2183 1368,2181 1429,2180 1490,2180"/>
                <TextEquiv>
                    <Unicode>τικῆς ἐπιμελείας ἔρημοι πάμπαν γενήσονται• καὶ δίκην κυ</Unicode>
                </TextEquiv>
            </TextLine>
            <TextLine id="r1l45" custom="readingOrder {index:42;}">
                <Coords points="268,2269 1495,2257 1513,2198 267,2227"/>
                <Baseline points="275,2256 336,2258 398,2259 459,2259 521,2259 582,2259 644,2258 705,2256 767,2255 828,2253 890,2252 952,2249 1013,2246 1075,2244 1136,2243 1198,2240 1259,2238 1321,2237 1382,2235 1444,2234 1506,2232"/>
                <TextEquiv>
                    <Unicode>νὸς περιόντες διατελοῦσιν οὐδὲ τῶν ψιχίων τῶν πιπτόν</Unicode>
                </TextEquiv>
            </TextLine>
            <TextLine id="r1l46" custom="readingOrder {index:43;}">
                <Coords points="274,2324 1476,2311 1496,2252 273,2284"/>
                <Baseline points="281,2309 341,2310 401,2312 462,2313 522,2313 582,2312 643,2312 703,2310 763,2307 824,2306 884,2303 944,2301 1005,2299 1065,2297 1125,2294 1186,2292 1246,2291 1306,2291 1367,2291 1427,2291 1488,2292"/>
                <TextEquiv>
                    <Unicode>των ἀπὸ τῆς τραπέζης τῶν κυρίων αὐτῶν κατὰ τὴν εὐαγγελι</Unicode>
                </TextEquiv>
            </TextLine>
            <TextEquiv>
                <Unicode>παντοδαποῖς χρώμενοι μηχανήμασιν ἀνελεῖν με πειρῶνται, τη οἰ&#13;
κεία δυνάμει θαῤῥοῦντες• ἀλλ' εἰκὸτως αὐτοὺς προηδικημένους &#13;
τὴν τιμωρίαν ζητεῖν Οὔτε ἡ ἀνομία μου οὔτε ἡ ἁμαρτία μου κε&#13;
Οὐδὲν φησὶν παρ' ἡμῶν εἰς αὐτοὺς γεγένηται λυπηρόν• οὐδέ τι ἐγκα&#13;
Ἄνευ ἀνομί&#13;
λεῖν ἔχοντες τὸν ἐμὸν καττύουσι θάνατον&#13;
Ταῦτα ἀληθέστερον οὐ τω &#13;
ας ἔδραμον καὶ κατεύθυνα&#13;
δαδ ἁρμόττει ἀλλὰ τω ἐκ δαδ, καὶ τω κυρίω τοῦ δαδ Ἐκεῖνος γὰρ &#13;
μόνος ἁμαρτίαν οὐκ ἐποίησεν οὐδὲ εὑρέθη δόλος ἐν τω στόματι &#13;
αὐτοῦ ως ἐν τύπω δὲ καὶ ὁ μακάριος ταῦτα λέγει δαδ• οὐ τὸ παν&#13;
τελῶς ἀναμάρτητον ἑαυτω προσμαρτυρῶν, ἀλλὰ διδάσκ &#13;
ως οὐδὲν τὸν σαοὺλ ἀδικήσας, ἀλλὰ πολλὰ καὶ πολλάκις εὐερ&#13;
γετήσας, παντοδαπὰς ἐπιβουλὰς ὑπομένει οὕτω δὲ κ ὁ σύμ&#13;
μαχος ἡρμήνευσεν. μὴ οὔσης ἁμαρτίας επιτρέχουσιν ἵνα &#13;
Ἐξεγέρθητι εἰς συνάντησίν μου καὶ ἴδε&#13;
πατάξωσιν&#13;
σὲ δὲ τούτου φησὶν ἱκετεύω γενέσθαι κριτὴν τὸν ἅπαντα σαφῶς&#13;
Καὶ σὺ κε ὁ θς τῶν δυνάμεων ὁ θς &#13;
 ἐπιστάμενον&#13;
του ιὴλ πρόσχες τοῦ ἐπισκέψασθαι πάντα τὰ ἔθνη &#13;
τὸ ἀναμάρτητον ἐν μόνω θεωρήσας τω ἐξ αὐτοῦ κατὰ σάρ&#13;
κα καὶ τὴν τῶν ὁμοφύλων Ἰουδαίων κατ' αὐτοῦ μανίαν προ&#13;
θεωρήσας τω πνι τὸν τῶν δυνάμεων κν καὶ τοῦ ιὴλ ἱκετεύει &#13;
θν καταλιπεῖν μὲν Ἰουδαίους ἀτημελήτους πᾶσαν δὲ εἰς τὰ &#13;
ἔθνη μεταθεῖναι τὴν πρόνοιαν καὶ τω τῆς θεογνωσίας κα&#13;
ταυγᾶσαι φωτί ταῦτα δὲ τοῖς ἔθνεσιν ἀπαγγείλας, καὶ τὰς Ἰ&#13;
Μὴ οἰκτειρήσης πάντας &#13;
ουδαίων τιμωρίας προλέγει &#13;
τοὺς ἐργαζομένους τὴν ἀνομίαν Ἐπειδὴ γὰρ τοῖς προ&#13;
φητικοῖς ὀφθαλμοῖς τὸν σταυρὸν ἑώρα κ ἐπαΐειν ἐδόκει τοῦ κυ&#13;
 λέγοντος• περ ἄφες αὐτοῖς οὐ γὰρ οἴδασι τί ποιοῦσιν• βδελλυ&#13;
ττόμενος τὴν τῆς ἀσεβείας ὑπερβολὴν μηδεμιᾶς αὐτοὺς &#13;
ἀπολαῦσαι συγγνώμης ἀντιβολεῖ• εἶτα τῆς πνευματικῆς τροφῆς &#13;
Ἐπιστρέ&#13;
τὴν ἐσομένην αὐτοῖς ἔνδειαν προθεσπίζει&#13;
ψουσιν εἰς ἑσπέραν καὶ λιμώξουσιν ὡς κύων κ κυκλώσουσι πόλιν.&#13;
 Καθάπερ φησιν κύνες νύκτωρ εἰώθασι τὰς τῶν πολεμιων &#13;
περινοστεῖν ἀγορὰς γαστρὸς ὑπ' ἐνδείας τοῦτο ποιεῖν βιαζόμε&#13;
νοι• ουτοι πάσης πνικῆς γυμνοὶ γενήσονται προμηθείας• κ &#13;
οὔτε προφητικῆς ἀπολαύσανται χάριτος, καὶ τῆς ἀρχιερα&#13;
τικῆς ἐπιμελείας ἔρημοι πάμπαν γενήσονται• καὶ δίκην κυ&#13;
νὸς περιόντες διατελοῦσιν οὐδὲ τῶν ψιχίων τῶν πιπτόν&#13;
των ἀπὸ τῆς τραπέζης τῶν κυρίων αὐτῶν κατὰ τὴν εὐαγγελι</Unicode>
            </TextEquiv>
        </TextRegion>
    </Page>
</PcGts>
