<?xml version="1.0" encoding="UTF-8" standalone="yes"?>
<PcGts xmlns="http://schema.primaresearch.org/PAGE/gts/pagecontent/2013-07-15" xmlns:xsi="http://www.w3.org/2001/XMLSchema-instance" xsi:schemaLocation="http://schema.primaresearch.org/PAGE/gts/pagecontent/2013-07-15 http://schema.primaresearch.org/PAGE/gts/pagecontent/2013-07-15/pagecontent.xsd">
    <Metadata>
        <Creator>prov=University of Rostock/Institute of Mathematics/CITlab|PLANET AI GmbH/Gundram Leifert/gundram.leifert@planet-ai.de:name=HPGTR(htr_id=41125)::::v=2.6.7
prov=University of Rostock/Institute of Mathematics/CITlab|PLANET AI GmbH/Tobias Gruening/tobias.gruening@planet-ai.de:name=de.uros.citlab.module.baseline2polygon.B2PSeamMultiOriented:v=2.6.7
prov=University of Rostock/Institute of Mathematics/CITlab|PLANET AI GmbH/Tobias Gruening/tobias.gruening@planet-ai.de:name=/net_tf/LA73_249_0mod360.pb:de.uros.citlab.segmentation.CITlab_LA_ML:v=2.6.7
Transkribus</Creator>
        <Created>2021-09-19T17:37:24.532+03:00</Created>
        <LastChange>2023-06-06T23:03:57.144+02:00</LastChange>
        <TranskribusMetadata docId="1458633" pageId="56018968" pageNr="54" tsid="126152786" status="IN_PROGRESS" userId="99263" imgUrl="https://files.transkribus.eu/Get?id=AAGRJFXRZNRFSZEDPNOBTDUS&amp;fileType=view" xmlUrl="https://files.transkribus.eu/Get?id=ODHBOIJJMHYWLGHRAKEQCZJP" imageId="23265849"/>
    </Metadata>
    <Page imageFilename="0054_84 Bodleian-Library-MS-Barocci-132_00242_fol-114v.jpg" imageWidth="2174" imageHeight="2748">
        <ReadingOrder>
            <OrderedGroup id="ro_1686139448709" caption="Regions reading order">
                <RegionRefIndexed index="0" regionRef="r1"/>
            </OrderedGroup>
        </ReadingOrder>
        <TextRegion orientation="0.0" id="r1" custom="readingOrder {index:0;}">
            <Coords points="672,339 672,2314 1991,2314 1991,339"/>
            <TextLine id="r1l1" custom="readingOrder {index:0;}">
                <Coords points="777,374 1437,387 1997,458 2000,399 1761,356 1678,384 1300,315 1197,347 780,322"/>
                <Baseline points="786,362 846,363 906,365 966,366 1027,369 1087,372 1147,375 1207,378 1268,382 1328,386 1388,389 1448,393 1509,397 1569,402 1629,405 1689,410 1750,414 1810,419 1870,423 1930,428 1991,432"/>
                <TextEquiv>
                    <Unicode>κὴν φωνὴν μεταλαχεῖν ἀξιούμενοι. εἶτα σαφέστερον τῆς τιμω</Unicode>
                </TextEquiv>
            </TextLine>
            <TextLine id="r1l2" custom="readingOrder {index:1;}">
                <Coords points="773,422 1234,436 1295,459 1353,450 1355,409 1194,400 1171,383 988,397 947,373 775,379"/>
                <Baseline points="782,417 810,416 838,416 866,416 894,416 923,417 951,417 979,419 1007,420 1035,420 1064,422 1092,423 1120,424 1148,426 1176,428 1205,429 1233,430 1261,431 1289,432 1317,434 1346,435"/>
                <TextEquiv>
                    <Unicode>ρίας τὴν αἰτίαν διδάσκει</Unicode>
                </TextEquiv>
            </TextLine>
            <TextLine id="r1l3" custom="readingOrder {index:2;}">
                <Coords points="1383,461 1448,448 1531,477 1673,471 1837,500 1911,478 1990,490 1993,453 1933,440 1804,447 1745,425 1699,439 1627,414 1501,426 1432,387 1388,402"/>
                <Baseline points="1392,443 1421,444 1451,446 1480,449 1510,451 1539,453 1569,455 1598,457 1628,460 1657,462 1687,465 1717,466 1746,468 1776,471 1805,473 1835,474 1864,476 1894,477 1923,479 1953,480 1983,482"/>
                <TextEquiv>
                    <Unicode>Ἰδοὺ αὐτοὶ ἀποφθέγξονται ἐν </Unicode>
                </TextEquiv>
            </TextLine>
            <TextLine id="r1l4" custom="readingOrder {index:3;}">
                <Coords points="761,473 1981,544 1979,486 764,430"/>
                <Baseline points="770,470 830,470 890,470 950,471 1010,472 1071,474 1131,477 1191,480 1251,483 1311,487 1372,491 1432,495 1492,498 1552,503 1612,507 1673,511 1733,516 1793,521 1853,524 1913,528 1974,531"/>
                <TextEquiv>
                    <Unicode>τω στόματι αὐτῶν κ ῥομφαία ἐν τοῖς χείλεσιν αὐτῶν ὅτι τίς </Unicode>
                </TextEquiv>
            </TextLine>
            <TextLine id="r1l5" custom="readingOrder {index:4;}">
                <Coords points="758,528 778,529 790,520 808,533 840,526 862,541 887,544 919,542 932,533 986,542 986,491 951,494 933,483 889,480 827,494 798,474 781,480 758,472"/>
                <Baseline points="767,516 793,518 819,518 846,519 872,519 898,519 925,519 951,518 978,515"/>
                <TextEquiv>
                    <Unicode>ἤκουσεν</Unicode>
                </TextEquiv>
            </TextLine>
            <TextLine id="r1l6" custom="readingOrder {index:5;}">
                <Coords points="1091,553 1981,587 1983,542 1874,528 1095,481"/>
                <Baseline points="1101,528 1144,530 1188,531 1231,533 1275,535 1319,537 1362,540 1406,543 1450,546 1493,549 1537,553 1581,555 1624,558 1668,561 1712,564 1755,567 1799,570 1843,572 1886,573 1930,575 1974,576"/>
                <TextEquiv>
                    <Unicode>εν τη γλώττη φησὶν τὸν φόνον ἐργάζονται,</Unicode>
                </TextEquiv>
            </TextLine>
            <TextLine id="r1l7" custom="readingOrder {index:6;}">
                <Coords points="752,590 1763,645 1949,645 1989,590 755,533"/>
                <Baseline points="761,573 821,573 882,573 943,575 1004,576 1065,578 1126,581 1187,584 1248,587 1309,591 1370,595 1430,600 1491,604 1552,607 1613,612 1674,615 1735,619 1796,623 1857,625 1918,627 1979,630"/>
                <TextEquiv>
                    <Unicode> οἷόν τινα αἰχμὴν καὶ ῥομφαίαν τοὺς λόγους προφέροντες</Unicode>
                </TextEquiv>
            </TextLine>
            <TextLine id="r1l8" custom="readingOrder {index:7;}">
                <Coords points="762,635 1975,701 1977,658 1834,630 765,584"/>
                <Baseline points="771,626 830,626 890,626 950,627 1010,629 1070,631 1130,633 1189,636 1249,639 1309,643 1369,646 1429,650 1489,654 1549,659 1608,662 1668,666 1728,669 1788,674 1848,677 1908,680 1968,683"/>
                <TextEquiv>
                    <Unicode>μαρτυρεῖ δὲ τοῖς λόγοις τὰ πράγματα τη γὰρ γλώττη τὸν </Unicode>
                </TextEquiv>
            </TextLine>
            <TextLine id="r1l9" custom="readingOrder {index:8;}">
                <Coords points="758,685 1957,743 1959,695 1899,687 761,636"/>
                <Baseline points="767,677 826,675 885,675 944,675 1003,677 1062,678 1121,681 1181,684 1240,688 1299,692 1358,695 1417,699 1476,704 1535,708 1595,711 1654,714 1713,717 1772,720 1831,722 1890,723 1950,725"/>
                <TextEquiv>
                    <Unicode>δεσπότην ἐστρωσαν βοήσαντες αἶρε αἶρε στρωσον αὐτόν• </Unicode>
                </TextEquiv>
            </TextLine>
            <TextLine id="r1l10" custom="readingOrder {index:9;}">
                <Coords points="754,736 1765,796 1919,793 1949,747 756,682"/>
                <Baseline points="762,723 820,725 879,725 938,726 997,728 1056,730 1115,732 1174,735 1233,738 1292,742 1351,746 1409,748 1468,752 1527,756 1586,758 1645,762 1704,765 1763,768 1822,771 1881,773 1940,774"/>
                <TextEquiv>
                    <Unicode>τὸ αἷμα αὐτοῦ ἐφ' ἡμᾶς καὶ ἐπὶ τὰ τέκνα ἡμῶν τη δὲ τοῦ πι</Unicode>
                </TextEquiv>
            </TextLine>
            <TextLine id="r1l11" custom="readingOrder {index:10;}">
                <Coords points="756,794 1802,843 1957,839 1959,791 758,740"/>
                <Baseline points="765,777 824,779 883,779 942,781 1002,783 1061,785 1120,787 1179,790 1239,792 1298,795 1357,798 1416,801 1476,804 1535,807 1594,810 1653,812 1713,815 1772,818 1831,819 1890,821 1950,822"/>
                <TextEquiv>
                    <Unicode>λάτου δορυφοροι τοῖς λόγοις τὸ ἔργον ἐπέθεσαν κ τω ἰκρίω </Unicode>
                </TextEquiv>
            </TextLine>
            <TextLine id="r1l12" custom="readingOrder {index:11;}">
                <Coords points="759,848 1241,842 1918,904 1962,891 1964,837 761,792"/>
                <Baseline points="768,836 827,834 886,834 946,834 1005,836 1064,837 1124,839 1183,842 1242,844 1302,846 1361,849 1420,852 1480,857 1539,859 1598,863 1658,865 1717,868 1776,870 1836,873 1895,875 1955,876"/>
                <TextEquiv>
                    <Unicode>τὸν σρα προσήλωσαν τοῦτο καὶ ὁ προφητικὸς ἔφη λόγος• </Unicode>
                </TextEquiv>
            </TextLine>
            <TextLine id="r1l13" custom="readingOrder {index:12;}">
                <Coords points="747,899 1957,936 1958,895 1889,883 750,841"/>
                <Baseline points="756,888 815,887 875,887 935,888 994,890 1054,891 1114,893 1173,896 1233,897 1293,901 1353,903 1412,906 1472,909 1532,912 1591,915 1651,917 1711,920 1770,921 1830,923 1890,924 1950,924"/>
                <TextEquiv>
                    <Unicode>ιδου αὐτοὶ ἀποφθέγξονται ἐν τω στόματι αὐτῶν κ ῥομ</Unicode>
                </TextEquiv>
            </TextLine>
            <TextLine id="r1l14" custom="readingOrder {index:13;}">
                <Coords points="750,946 1906,999 1965,971 1957,932 752,898"/>
                <Baseline points="759,933 818,936 878,938 938,939 998,942 1058,944 1118,947 1177,950 1237,951 1297,954 1357,957 1417,959 1477,961 1537,965 1596,966 1656,969 1716,972 1776,975 1836,977 1896,980 1956,983"/>
                <TextEquiv>
                    <Unicode>φαία ἐν τοῖς χείλεσιν αὐτῶν ὅτι τίς ἤκουσεν οτι οἷς προ</Unicode>
                </TextEquiv>
            </TextLine>
            <TextLine id="r1l15" custom="readingOrder {index:14;}">
                <Coords points="748,994 1880,1056 1963,1039 1966,969 1748,1003 750,946"/>
                <Baseline points="756,984 816,987 876,989 936,992 996,994 1056,996 1116,999 1176,1002 1236,1004 1296,1007 1356,1010 1416,1013 1476,1014 1536,1017 1596,1020 1656,1022 1716,1025 1776,1027 1836,1029 1896,1031 1956,1034"/>
                <TextEquiv>
                    <Unicode>φέρουσιν λόγοις ἀντὶ ῥομφαίας κέχρηνται ταῦτα δὲ φησὶν</Unicode>
                </TextEquiv>
            </TextLine>
            <TextLine id="r1l16" custom="readingOrder {index:15;}">
                <Coords points="744,1050 1969,1095 1971,1031 1786,1054 746,992"/>
                <Baseline points="752,1038 812,1040 873,1041 933,1042 994,1044 1054,1046 1115,1049 1175,1052 1236,1054 1296,1056 1357,1059 1417,1062 1478,1065 1538,1068 1599,1070 1659,1074 1720,1076 1780,1079 1841,1081 1901,1083 1962,1086"/>
                <TextEquiv>
                    <Unicode>δρῶσιν ὡς μηδενὸς ἐφορῶντος τοῦτο γὰρ δηλοῖ οτι τίς ἤ</Unicode>
                </TextEquiv>
            </TextLine>
            <TextLine id="r1l17" custom="readingOrder {index:16;}">
                <Coords points="733,1100 1923,1156 1955,1110 735,1046"/>
                <Baseline points="741,1088 801,1089 861,1092 921,1094 982,1097 1042,1099 1102,1101 1162,1104 1223,1107 1283,1110 1343,1113 1403,1116 1464,1118 1524,1122 1584,1125 1644,1127 1705,1130 1765,1131 1825,1134 1885,1136 1946,1137"/>
                <TextEquiv>
                    <Unicode>κουσεν ως μηδενὸς γὰρ μήτε ακουοντος μηδε ορωντος τὰ γινό</Unicode>
                </TextEquiv>
            </TextLine>
            <TextLine id="r1l18" custom="readingOrder {index:17;}">
                <Coords points="741,1154 1765,1207 1924,1206 1947,1161 743,1107"/>
                <Baseline points="750,1142 809,1143 868,1145 928,1146 987,1149 1046,1151 1106,1154 1165,1157 1224,1160 1284,1163 1343,1166 1402,1169 1462,1172 1521,1175 1580,1178 1640,1180 1699,1182 1758,1184 1818,1185 1877,1187 1937,1187"/>
                <TextEquiv>
                    <Unicode>μενα κ τὰς εὐθύνας εἰσπράττοντος, οὕτω ταῦτα τολμῶ</Unicode>
                </TextEquiv>
            </TextLine>
            <TextLine id="r1l19" custom="readingOrder {index:18;}">
                <Coords points="726,1202 1740,1264 1957,1252 1959,1211 728,1157"/>
                <Baseline points="734,1196 794,1197 855,1199 916,1202 977,1203 1037,1205 1098,1208 1159,1211 1220,1214 1280,1217 1341,1220 1402,1223 1463,1224 1523,1227 1584,1230 1645,1232 1706,1235 1766,1238 1827,1240 1888,1242 1949,1244"/>
                <TextEquiv>
                    <Unicode>σιν ταύτην δε τὴν διάνοιαν και ὁ Σύμμαχος ἡρμήνευσεν αν</Unicode>
                </TextEquiv>
            </TextLine>
            <TextLine id="r1l20" custom="readingOrder {index:19;}">
                <Coords points="730,1255 1960,1309 1962,1264 1907,1251 732,1213"/>
                <Baseline points="738,1251 798,1251 859,1253 920,1255 980,1257 1041,1259 1102,1262 1162,1264 1223,1268 1284,1270 1345,1274 1405,1276 1466,1280 1527,1282 1587,1286 1648,1287 1709,1290 1769,1293 1830,1295 1891,1296 1952,1298"/>
                <TextEquiv>
                    <Unicode>τὶ γὰρ τοῦ οτι τίς ἤκουσεν ὡς μηδενὸς ἀκούοντος τέθεικεν </Unicode>
                </TextEquiv>
            </TextLine>
            <TextLine id="r1l21" custom="readingOrder {index:20;}">
                <Coords points="684,1329 966,1312 1239,1344 1417,1337 1419,1302 687,1259"/>
                <Baseline points="693,1307 728,1307 764,1307 800,1307 836,1307 872,1308 908,1310 943,1311 979,1313 1015,1314 1051,1316 1087,1317 1123,1319 1159,1320 1194,1322 1230,1323 1266,1325 1302,1326 1338,1328 1374,1329 1410,1331"/>
                <TextEquiv>
                    <Unicode>Καὶ σὺ κε ἐκγελάσεις αὐτούς</Unicode>
                </TextEquiv>
            </TextLine>
            <TextLine id="r1l22" custom="readingOrder {index:21;}">
                <Coords points="1418,1365 1491,1345 1525,1364 1556,1341 1780,1352 1824,1372 1885,1352 1937,1358 1938,1315 1862,1321 1826,1296 1684,1321 1640,1295 1490,1307 1421,1278"/>
                <Baseline points="1428,1334 1453,1335 1478,1335 1503,1335 1528,1337 1553,1338 1578,1339 1603,1341 1628,1341 1653,1343 1678,1343 1703,1344 1728,1346 1753,1347 1778,1347 1803,1347 1828,1347 1853,1347 1878,1347 1903,1346 1929,1344"/>
                <TextEquiv>
                    <Unicode>Ἐκεῖνοι μὲν οὖν ἐκεῖνα τολ</Unicode>
                </TextEquiv>
            </TextLine>
            <TextLine id="r1l23" custom="readingOrder {index:22;}">
                <Coords points="730,1370 1960,1406 1927,1365 1705,1348 1433,1369 732,1316"/>
                <Baseline points="738,1355 798,1358 859,1360 920,1364 981,1367 1041,1369 1102,1372 1163,1376 1224,1380 1284,1383 1345,1385 1406,1388 1467,1391 1527,1393 1588,1395 1649,1397 1710,1398 1770,1400 1831,1400 1892,1400 1953,1400"/>
                <TextEquiv>
                    <Unicode>μῶσιν• σὺ δὲ κ ἀκούεις κ βλέπεις καὶ γελας αὐτῶν τὴν μανίαν </Unicode>
                </TextEquiv>
            </TextLine>
            <TextLine id="r1l24" custom="readingOrder {index:23;}">
                <Coords points="698,1448 1132,1425 1843,1475 1954,1465 1956,1422 702,1359"/>
                <Baseline points="708,1413 773,1413 838,1415 903,1416 968,1418 1034,1421 1099,1424 1164,1427 1229,1431 1294,1434 1360,1437 1425,1440 1490,1443 1555,1446 1620,1448 1686,1451 1751,1451 1816,1452 1881,1452 1947,1451"/>
                <TextEquiv>
                    <Unicode>Ἐξουδενώσεις πάντα τὰ ἔθνη Οὐ μόνον γὰρ ἐκείνων, ἀ</Unicode>
                </TextEquiv>
            </TextLine>
            <TextLine id="r1l25" custom="readingOrder {index:24;}">
                <Coords points="729,1471 1939,1508 1940,1467 1893,1457 730,1436"/>
                <Baseline points="738,1466 797,1467 857,1469 916,1470 976,1472 1036,1474 1095,1476 1155,1479 1215,1481 1274,1484 1334,1487 1394,1489 1453,1491 1513,1494 1573,1496 1632,1497 1692,1499 1752,1500 1811,1500 1871,1501 1931,1502"/>
                <TextEquiv>
                    <Unicode>λλὰ κ πάντων τῶν ἐθνῶν περιγενέσθαι σοι ῥάδιον οὕτω </Unicode>
                </TextEquiv>
            </TextLine>
            <TextLine id="r1l26" custom="readingOrder {index:25;}">
                <Coords points="729,1535 1951,1573 1952,1524 1889,1506 730,1487"/>
                <Baseline points="737,1518 797,1520 857,1521 917,1523 978,1524 1038,1527 1098,1529 1159,1532 1219,1534 1279,1537 1340,1539 1400,1541 1460,1544 1520,1545 1581,1547 1641,1548 1701,1550 1762,1550 1822,1550 1882,1548 1943,1547"/>
                <TextEquiv>
                    <Unicode>καὶ ὁ θεσπέσιος Ἡσαΐας ἔφη τὴν τῆς θείας δυνάμεως ὑ</Unicode>
                </TextEquiv>
            </TextLine>
            <TextLine id="r1l27" custom="readingOrder {index:26;}">
                <Coords points="723,1578 1870,1621 1947,1609 1948,1572 724,1535"/>
                <Baseline points="732,1568 792,1570 852,1573 913,1576 973,1578 1034,1581 1094,1583 1154,1584 1215,1587 1275,1589 1336,1590 1396,1592 1456,1593 1517,1595 1577,1596 1638,1596 1698,1598 1758,1598 1819,1599 1879,1599 1940,1599"/>
                <TextEquiv>
                    <Unicode>περβολὴν δεῖξαι φιλονεικῶν εἰ πάντα τὰ ἔθνη, ὡς σταγὼν ἀ</Unicode>
                </TextEquiv>
            </TextLine>
            <TextLine id="r1l28" custom="readingOrder {index:27;}">
                <Coords points="725,1634 1629,1673 1902,1664 1944,1619 726,1587"/>
                <Baseline points="734,1620 794,1623 854,1626 914,1628 974,1631 1034,1633 1094,1635 1154,1637 1214,1638 1274,1641 1334,1641 1394,1643 1454,1645 1514,1646 1574,1647 1634,1647 1694,1649 1754,1649 1814,1649 1874,1649 1935,1649"/>
                <TextEquiv>
                    <Unicode>πὸ κάδου καὶ ὡς ῥοπὴ ζυγοῦ κ ὡς σίελος ἐλογίσθησαν </Unicode>
                </TextEquiv>
            </TextLine>
            <TextLine id="r1l29" custom="readingOrder {index:28;}">
                <Coords points="726,1670 1930,1713 1878,1659 727,1634"/>
                <Baseline points="734,1668 793,1670 852,1673 912,1674 971,1677 1031,1680 1090,1682 1150,1683 1209,1686 1269,1688 1328,1689 1387,1691 1447,1692 1506,1694 1566,1695 1625,1695 1685,1697 1744,1697 1804,1698 1863,1698 1923,1697"/>
                <TextEquiv>
                    <Unicode>καὶ λογισθήσονται τίνι ὁμοιώσατε κν καὶ τίνι ὁμοιώ</Unicode>
                </TextEquiv>
            </TextLine>
            <TextLine id="r1l30" custom="readingOrder {index:29;}">
                <Coords points="730,1727 1010,1730 1092,1755 1220,1736 1284,1756 1348,1743 1350,1702 731,1692"/>
                <Baseline points="738,1718 768,1719 798,1720 828,1721 858,1722 888,1723 918,1724 948,1725 978,1727 1008,1727 1039,1729 1069,1730 1099,1731 1129,1731 1159,1732 1189,1733 1219,1733 1249,1734 1279,1734 1309,1734 1340,1734"/>
                <TextEquiv>
                    <Unicode>ματι ὁμοιώσαται αὐτόν</Unicode>
                </TextEquiv>
            </TextLine>
            <TextLine id="r1l32" custom="readingOrder {index:30;}">
                <Coords points="1443,1768 1498,1745 1547,1769 1575,1752 1807,1766 1862,1748 1903,1770 1943,1758 1943,1713 1913,1706 1632,1722 1602,1704 1519,1716 1444,1697"/>
                <Baseline points="1452,1743 1477,1743 1502,1745 1528,1745 1553,1746 1579,1746 1604,1747 1629,1748 1655,1748 1680,1748 1706,1749 1731,1749 1757,1749 1782,1749 1807,1749 1833,1751 1858,1751 1884,1751 1909,1751 1935,1751"/>
                <TextEquiv>
                    <Unicode>Τὸ κράτος μου πρὸς σὲ φυ</Unicode>
                </TextEquiv>
            </TextLine>
            <TextLine id="r1l33" custom="readingOrder {index:31;}">
                <Coords points="726,1766 809,1803 857,1777 1539,1808 1540,1770 1407,1742 726,1736"/>
                <Baseline points="734,1764 773,1768 813,1770 853,1772 893,1774 933,1776 973,1778 1013,1778 1053,1779 1093,1781 1133,1781 1172,1782 1212,1782 1252,1784 1292,1785 1332,1785 1372,1787 1412,1787 1452,1788 1492,1790 1532,1793"/>
                <TextEquiv>
                    <Unicode>λάξω ὅτι σὺ ὁ Θεὸς ἀντιλήπτωρ μου ει</Unicode>
                </TextEquiv>
            </TextLine>
            <TextLine id="r1l34" custom="readingOrder {index:32;}">
                <Coords points="1603,1798 1647,1796 1679,1821 1722,1811 1748,1823 1790,1800 1830,1819 1852,1807 1875,1817 1940,1805 1939,1756 1901,1769 1861,1749 1828,1770 1790,1772 1768,1756 1757,1764 1675,1749 1641,1775 1602,1771"/>
                <Baseline points="1611,1800 1637,1800 1664,1802 1691,1802 1718,1801 1744,1800 1771,1800 1798,1800 1825,1799 1851,1799 1878,1799 1905,1798 1932,1797"/>
                <TextEquiv>
                    <Unicode>Σὲ, φησὶν, ἔχω τς </Unicode>
                </TextEquiv>
            </TextLine>
            <TextLine id="r1l35" custom="readingOrder {index:33;}">
                <Coords points="729,1830 1873,1868 1941,1864 1943,1815 730,1776"/>
                <Baseline points="737,1817 796,1819 856,1821 916,1823 976,1824 1036,1827 1096,1829 1155,1830 1215,1832 1275,1835 1335,1836 1395,1838 1455,1840 1515,1842 1574,1842 1634,1844 1694,1845 1754,1847 1814,1847 1874,1848 1934,1848"/>
                <TextEquiv>
                    <Unicode>ἐμῆς δυνάμεως φύλακα• τῆς γὰρ σῆς ἀπολαύων προμη</Unicode>
                </TextEquiv>
            </TextLine>
            <TextLine id="r1l36" custom="readingOrder {index:34;}">
                <Coords points="730,1874 1768,1929 1928,1862 731,1830"/>
                <Baseline points="737,1868 796,1869 855,1872 914,1874 973,1877 1032,1880 1091,1881 1150,1884 1209,1886 1268,1889 1328,1890 1387,1893 1446,1895 1505,1896 1564,1898 1623,1899 1682,1899 1741,1899 1800,1899 1859,1898 1919,1898"/>
                <TextEquiv>
                    <Unicode>θείας διατελῶ  Ὁ θς μου τὸ ἔλεος αὐτοῦ προφθάσει με</Unicode>
                </TextEquiv>
            </TextLine>
            <TextLine id="r1l37" custom="readingOrder {index:35;}">
                <Coords points="663,1947 759,1917 1100,1963 1951,1955 1952,1914 1892,1906 1181,1918 665,1872"/>
                <Baseline points="672,1926 735,1926 799,1926 862,1928 926,1928 989,1929 1053,1932 1116,1934 1180,1936 1243,1938 1307,1940 1371,1943 1434,1944 1498,1946 1561,1948 1625,1949 1688,1950 1752,1950 1815,1950 1879,1949 1943,1947"/>
                <TextEquiv>
                    <Unicode>Προλαμβάνεις ἀεὶ τὰς αἰτήσεις ὦ δέσποτα καὶ διὰ φιλανίας</Unicode>
                </TextEquiv>
            </TextLine>
            <TextLine id="r1l38" custom="readingOrder {index:36;}">
                <Coords points="734,1964 1285,2012 1936,2003 1909,1957 736,1926"/>
                <Baseline points="743,1958 802,1963 861,1968 920,1972 980,1976 1039,1980 1098,1983 1157,1986 1217,1988 1276,1991 1335,1992 1394,1994 1454,1995 1513,1997 1572,1998 1631,1998 1691,2000 1750,2001 1809,2001 1868,2003 1928,2004"/>
                <TextEquiv>
                    <Unicode>υπερβολὴν οὐκ ἀναμένεις τὰς ἱκετείας Ὁ θς μου δεί</Unicode>
                </TextEquiv>
            </TextLine>
            <TextLine id="r1l39" custom="readingOrder {index:37;}">
                <Coords points="734,2031 840,2014 1055,2036 1119,2062 1202,2041 1295,2059 1336,2052 1339,2009 1168,2011 1014,1981 949,1997 917,1976 873,1991 738,1965"/>
                <Baseline points="744,2007 773,2009 802,2011 831,2013 861,2016 890,2018 919,2021 948,2024 978,2025 1007,2027 1036,2030 1065,2031 1095,2034 1124,2035 1153,2036 1182,2037 1212,2037 1241,2037 1270,2037 1299,2037 1329,2036"/>
                <TextEquiv>
                    <Unicode>ξει μοι ἐν τοῖς ἐχθροῖς μου</Unicode>
                </TextEquiv>
            </TextLine>
            <TextLine id="r1l40" custom="readingOrder {index:38;}">
                <Coords points="1344,2056 1446,2069 1486,2044 1568,2071 1931,2064 1931,2011 1899,2005 1759,2028 1345,2000"/>
                <Baseline points="1352,2043 1380,2044 1409,2045 1437,2046 1466,2048 1494,2049 1523,2050 1551,2051 1580,2052 1608,2052 1637,2052 1666,2052 1694,2054 1723,2054 1751,2054 1780,2052 1808,2052 1837,2051 1865,2051 1894,2049 1923,2048"/>
                <TextEquiv>
                    <Unicode>Κοινοὺς ἐχθροὺς ὁ προφή</Unicode>
                </TextEquiv>
            </TextLine>
            <TextLine id="r1l41" custom="readingOrder {index:39;}">
                <Coords points="727,2066 1953,2127 1955,2060 728,2021"/>
                <Baseline points="735,2054 795,2060 856,2067 916,2072 977,2076 1037,2080 1098,2084 1158,2086 1219,2089 1279,2091 1340,2093 1401,2095 1461,2096 1522,2097 1582,2097 1643,2099 1703,2099 1764,2100 1824,2100 1885,2100 1946,2100"/>
                <TextEquiv>
                    <Unicode>της ἡγεῖται τοὺς τοῦ σρς ἐχθρούς εἶτα προλέγει τα τουτοις </Unicode>
                </TextEquiv>
            </TextLine>
            <TextLine id="r1l42" custom="readingOrder {index:40;}">
                <Coords points="722,2115 760,2114 777,2124 794,2112 808,2114 844,2134 863,2127 882,2134 903,2119 957,2134 978,2127 979,2098 925,2096 918,2088 868,2084 855,2072 812,2075 799,2068 751,2082 724,2068"/>
                <Baseline points="731,2109 757,2108 784,2109 811,2110 837,2111 864,2112 891,2113 917,2115 944,2117 971,2120"/>
                <TextEquiv>
                    <Unicode>ἐσόμενα</Unicode>
                </TextEquiv>
            </TextLine>
            <TextLine id="r1l43" custom="readingOrder {index:41;}">
                <Coords points="1096,2140 1524,2172 1900,2162 1901,2108 1370,2121 1097,2092"/>
                <Baseline points="1103,2136 1142,2136 1181,2138 1221,2139 1260,2139 1300,2141 1339,2142 1379,2144 1418,2145 1458,2147 1497,2148 1536,2150 1576,2151 1615,2151 1655,2153 1694,2153 1734,2153 1773,2153 1813,2153 1852,2153 1892,2151"/>
                <TextEquiv>
                    <Unicode>Μὴ ἀποκτείνῃς αὐτούς μήποτε ἐπιλά</Unicode>
                </TextEquiv>
            </TextLine>
            <TextLine id="r1l44" custom="readingOrder {index:42;}">
                <Coords points="724,2165 1306,2210 1310,2154 1225,2163 1201,2143 1063,2132 974,2149 728,2116"/>
                <Baseline points="732,2160 760,2160 788,2161 817,2162 845,2162 873,2165 902,2166 930,2169 958,2171 987,2173 1015,2176 1043,2179 1072,2181 1100,2183 1128,2185 1157,2187 1185,2189 1213,2190 1242,2192 1270,2192 1299,2192"/>
                <TextEquiv>
                    <Unicode>θωνται τοῦ νόμου σου</Unicode>
                </TextEquiv>
            </TextLine>
            <TextLine id="r1l45" custom="readingOrder {index:43;}">
                <Coords points="1382,2215 1413,2197 1579,2219 1626,2202 1695,2225 1754,2209 1830,2220 1851,2204 1875,2227 1915,2221 1916,2159 1783,2179 1747,2159 1664,2179 1623,2160 1527,2172 1383,2152"/>
                <Baseline points="1391,2193 1416,2193 1442,2195 1468,2195 1494,2196 1520,2198 1545,2198 1571,2199 1597,2201 1623,2202 1649,2204 1674,2205 1700,2205 1726,2205 1752,2205 1778,2205 1803,2204 1829,2203 1855,2201 1881,2198 1907,2195"/>
                <TextEquiv>
                    <Unicode>Ἱκετεύω φησὶν μὴ πανωλε</Unicode>
                </TextEquiv>
            </TextLine>
            <TextLine id="r1l46" custom="readingOrder {index:44;}">
                <Coords points="717,2236 1772,2273 1903,2256 1904,2222 719,2166"/>
                <Baseline points="726,2213 784,2216 842,2219 901,2222 959,2225 1018,2228 1076,2231 1135,2233 1193,2236 1252,2239 1310,2241 1368,2244 1427,2246 1485,2247 1544,2249 1602,2250 1661,2252 1719,2253 1778,2253 1836,2253 1895,2253"/>
                <TextEquiv>
                    <Unicode>θρίαν αὐτοὺς ὑπομεῖναι. εἰσὶ γὰρ ἐν αὐτοῖς πολλοὶ τοῖς </Unicode>
                </TextEquiv>
            </TextLine>
            <TextLine id="r1l47" custom="readingOrder {index:45;}">
                <Coords points="721,2274 1664,2331 1870,2329 1922,2277 722,2233"/>
                <Baseline points="729,2259 788,2264 847,2268 906,2272 965,2276 1025,2279 1084,2282 1143,2285 1202,2288 1261,2289 1321,2292 1380,2295 1439,2297 1498,2298 1557,2299 1617,2300 1676,2301 1735,2302 1794,2303 1853,2303 1913,2303"/>
                <TextEquiv>
                    <Unicode>τῆς μεταμελείας φαρμάκοις θεραπευόμενοι εν γὰρ τω	 </Unicode>
                </TextEquiv>
            </TextLine>
            <TextEquiv>
                <Unicode>κὴν φωνὴν μεταλαχεῖν ἀξιούμενοι. εἶτα σαφέστερον τῆς τιμω&#13;
ρίας τὴν αἰτίαν διδάσκει&#13;
Ἰδοὺ αὐτοὶ ἀποφθέγξονται ἐν &#13;
τω στόματι αὐτῶν κ ῥομφαία ἐν τοῖς χείλεσιν αὐτῶν ὅτι τίς &#13;
ἤκουσεν&#13;
εν τη γλώττη φησὶν τὸν φόνον ἐργάζονται,&#13;
 οἷόν τινα αἰχμὴν καὶ ῥομφαίαν τοὺς λόγους προφέροντες&#13;
μαρτυρεῖ δὲ τοῖς λόγοις τὰ πράγματα τη γὰρ γλώττη τὸν &#13;
δεσπότην ἐστρωσαν βοήσαντες αἶρε αἶρε στρωσον αὐτόν• &#13;
τὸ αἷμα αὐτοῦ ἐφ' ἡμᾶς καὶ ἐπὶ τὰ τέκνα ἡμῶν τη δὲ τοῦ πι&#13;
λάτου δορυφοροι τοῖς λόγοις τὸ ἔργον ἐπέθεσαν κ τω ἰκρίω &#13;
τὸν σρα προσήλωσαν τοῦτο καὶ ὁ προφητικὸς ἔφη λόγος• &#13;
ιδου αὐτοὶ ἀποφθέγξονται ἐν τω στόματι αὐτῶν κ ῥομ&#13;
φαία ἐν τοῖς χείλεσιν αὐτῶν ὅτι τίς ἤκουσεν οτι οἷς προ&#13;
φέρουσιν λόγοις ἀντὶ ῥομφαίας κέχρηνται ταῦτα δὲ φησὶν&#13;
δρῶσιν ὡς μηδενὸς ἐφορῶντος τοῦτο γὰρ δηλοῖ οτι τίς ἤ&#13;
κουσεν ως μηδενὸς γὰρ μήτε ακουοντος μηδε ορωντος τὰ γινό&#13;
μενα κ τὰς εὐθύνας εἰσπράττοντος, οὕτω ταῦτα τολμῶ&#13;
σιν ταύτην δε τὴν διάνοιαν και ὁ Σύμμαχος ἡρμήνευσεν αν&#13;
τὶ γὰρ τοῦ οτι τίς ἤκουσεν ὡς μηδενὸς ἀκούοντος τέθεικεν &#13;
Καὶ σὺ κε ἐκγελάσεις αὐτούς&#13;
Ἐκεῖνοι μὲν οὖν ἐκεῖνα τολ&#13;
μῶσιν• σὺ δὲ κ ἀκούεις κ βλέπεις καὶ γελας αὐτῶν τὴν μανίαν &#13;
Ἐξουδενώσεις πάντα τὰ ἔθνη Οὐ μόνον γὰρ ἐκείνων, ἀ&#13;
λλὰ κ πάντων τῶν ἐθνῶν περιγενέσθαι σοι ῥάδιον οὕτω &#13;
καὶ ὁ θεσπέσιος Ἡσαΐας ἔφη τὴν τῆς θείας δυνάμεως ὑ&#13;
περβολὴν δεῖξαι φιλονεικῶν εἰ πάντα τὰ ἔθνη, ὡς σταγὼν ἀ&#13;
πὸ κάδου καὶ ὡς ῥοπὴ ζυγοῦ κ ὡς σίελος ἐλογίσθησαν &#13;
καὶ λογισθήσονται τίνι ὁμοιώσατε κν καὶ τίνι ὁμοιώ&#13;
ματι ὁμοιώσαται αὐτόν&#13;
Τὸ κράτος μου πρὸς σὲ φυ&#13;
λάξω ὅτι σὺ ὁ Θεὸς ἀντιλήπτωρ μου ει&#13;
Σὲ, φησὶν, ἔχω τς &#13;
ἐμῆς δυνάμεως φύλακα• τῆς γὰρ σῆς ἀπολαύων προμη&#13;
θείας διατελῶ  Ὁ θς μου τὸ ἔλεος αὐτοῦ προφθάσει με&#13;
Προλαμβάνεις ἀεὶ τὰς αἰτήσεις ὦ δέσποτα καὶ διὰ φιλανίας&#13;
υπερβολὴν οὐκ ἀναμένεις τὰς ἱκετείας Ὁ θς μου δεί&#13;
ξει μοι ἐν τοῖς ἐχθροῖς μου&#13;
Κοινοὺς ἐχθροὺς ὁ προφή&#13;
της ἡγεῖται τοὺς τοῦ σρς ἐχθρούς εἶτα προλέγει τα τουτοις &#13;
ἐσόμενα&#13;
Μὴ ἀποκτείνῃς αὐτούς μήποτε ἐπιλά&#13;
θωνται τοῦ νόμου σου&#13;
Ἱκετεύω φησὶν μὴ πανωλε&#13;
θρίαν αὐτοὺς ὑπομεῖναι. εἰσὶ γὰρ ἐν αὐτοῖς πολλοὶ τοῖς &#13;
τῆς μεταμελείας φαρμάκοις θεραπευόμενοι εν γὰρ τω	 </Unicode>
            </TextEquiv>
        </TextRegion>
    </Page>
</PcGts>
