<?xml version="1.0" encoding="UTF-8" standalone="yes"?>
<PcGts xmlns="http://schema.primaresearch.org/PAGE/gts/pagecontent/2013-07-15" xmlns:xsi="http://www.w3.org/2001/XMLSchema-instance" xsi:schemaLocation="http://schema.primaresearch.org/PAGE/gts/pagecontent/2013-07-15 http://schema.primaresearch.org/PAGE/gts/pagecontent/2013-07-15/pagecontent.xsd">
    <Metadata>
        <Creator>prov=University of Rostock/Institute of Mathematics/CITlab|PLANET AI GmbH/Gundram Leifert/gundram.leifert@planet-ai.de:name=HPGTR(htr_id=41125)::::v=2.6.7
prov=University of Rostock/Institute of Mathematics/CITlab|PLANET AI GmbH/Tobias Gruening/tobias.gruening@planet-ai.de:name=de.uros.citlab.module.baseline2polygon.B2PSeamMultiOriented:v=2.6.7
prov=University of Rostock/Institute of Mathematics/CITlab|PLANET AI GmbH/Tobias Gruening/tobias.gruening@planet-ai.de:name=/net_tf/LA73_249_0mod360.pb:de.uros.citlab.segmentation.CITlab_LA_ML:v=2.6.7
Transkribus</Creator>
        <Created>2021-09-19T17:37:24.678+03:00</Created>
        <LastChange>2023-06-06T23:18:51.479+02:00</LastChange>
        <TranskribusMetadata docId="1458633" pageId="56018969" pageNr="55" tsid="126156585" status="IN_PROGRESS" userId="99263" imgUrl="https://files.transkribus.eu/Get?id=AELYIIPETBPCXIMAASOCNMNA&amp;fileType=view" xmlUrl="https://files.transkribus.eu/Get?id=SITIEDJFZYEXVWVYZUTBIHAK" imageId="23265850"/>
    </Metadata>
    <Page imageFilename="0055_85 Bodleian-Library-MS-Barocci-132_00243_fol-115r.jpg" imageWidth="2264" imageHeight="2748">
        <ReadingOrder>
            <OrderedGroup id="ro_1686139448873" caption="Regions reading order">
                <RegionRefIndexed index="0" regionRef="r1"/>
                <RegionRefIndexed index="1" regionRef="r2"/>
            </OrderedGroup>
        </ReadingOrder>
        <TextRegion orientation="0.0" id="r1" custom="readingOrder {index:0;}">
            <Coords points="254,385 254,2296 1592,2296 1592,385"/>
            <TextLine id="r1l1" custom="readingOrder {index:0;}">
                <Coords points="300,466 1508,431 1485,361 299,413"/>
                <Baseline points="308,446 367,444 427,443 486,441 546,440 605,440 665,438 724,438 784,437 843,435 903,435 963,434 1022,432 1082,431 1141,429 1201,427 1260,424 1320,421 1379,417 1439,413 1499,408"/>
                <TextEquiv>
                    <Unicode>θανάτω οὐκ ἔστιν ὁ μνημονεύων σου• ἐν δὲ τω αδη τίς ἐξομο</Unicode>
                </TextEquiv>
            </TextLine>
            <TextLine id="r1l2" custom="readingOrder {index:1;}">
                <Coords points="322,518 1507,479 1506,433 1268,429 321,463"/>
                <Baseline points="329,494 387,491 446,491 504,489 563,488 621,486 680,486 738,485 797,485 855,483 914,482 972,481 1031,480 1089,479 1148,477 1206,474 1265,472 1323,470 1382,466 1440,462 1499,458"/>
                <TextEquiv>
                    <Unicode>λογήσεταί σοι ποίαν τοίνυν αὐτοὺς βούλειτίσ ποινήν</Unicode>
                </TextEquiv>
            </TextLine>
            <TextLine id="r1l3" custom="readingOrder {index:2;}">
                <Coords points="247,563 1526,532 1525,477 245,498"/>
                <Baseline points="254,549 317,547 380,544 443,542 506,540 569,539 632,537 696,536 759,534 822,533 885,531 948,530 1011,528 1074,527 1138,526 1201,524 1264,521 1327,519 1390,516 1453,512 1517,509"/>
                <TextEquiv>
                    <Unicode>Διασκόρπισον αὐτοὺς ἐν τη δυνάμει σου• καὶ κατάγαγε αὐτοὺς, </Unicode>
                </TextEquiv>
            </TextLine>
            <TextLine id="r1l4" custom="readingOrder {index:3;}">
                <Coords points="938,603 1087,581 1203,603 1220,586 1337,592 1359,568 1523,584 1550,565 1548,531 1482,523 1350,544 1150,534 1109,555 935,540"/>
                <Baseline points="944,575 973,576 1003,576 1033,576 1063,576 1093,576 1123,575 1152,575 1182,572 1212,572 1242,569 1272,568 1302,567 1332,565 1361,563 1391,562 1421,561 1451,560 1481,560 1511,560 1541,560"/>
                <TextEquiv>
                    <Unicode>ὁ ὑπερασπιστής μου κε</Unicode>
                </TextEquiv>
            </TextLine>
            <TextLine id="r1l6" custom="readingOrder {index:4;}">
                <Coords points="313,614 388,600 441,611 476,593 518,613 629,590 791,599 817,588 816,561 760,540 653,561 440,548 311,570"/>
                <Baseline points="321,603 346,598 372,596 398,593 423,591 449,589 475,588 500,586 526,585 552,584 577,584 603,584 629,584 654,584 680,582 706,582 731,582 757,582 783,582 809,581"/>
                <TextEquiv>
                    <Unicode>Εἰς πᾶσαν φησιν αὐτοὺς σκέ</Unicode>
                </TextEquiv>
            </TextLine>
            <TextLine id="r1l7" custom="readingOrder {index:5;}">
                <Coords points="296,657 1543,616 1456,573 295,605"/>
                <Baseline points="305,644 366,642 428,639 489,638 551,636 612,635 674,632 735,632 797,630 858,629 920,627 981,626 1043,624 1104,623 1166,621 1227,620 1289,617 1350,615 1412,612 1473,609 1535,606"/>
                <TextEquiv>
                    <Unicode>δασον τὴν οἰκουμένην καὶ ποίησον σποράδας καὶ μετανά</Unicode>
                </TextEquiv>
            </TextLine>
            <TextLine id="r1l8" custom="readingOrder {index:6;}">
                <Coords points="307,715 1522,670 1458,615 306,667"/>
                <Baseline points="314,693 374,691 434,690 494,687 554,686 614,684 674,683 734,681 794,680 854,678 914,677 974,675 1034,674 1094,672 1154,671 1214,669 1274,668 1334,666 1394,664 1454,662 1514,660"/>
                <TextEquiv>
                    <Unicode>στας• ἐπειδὴ κακοι κατὰ σοῦ κέχρηνται συμφωνία. τίς δὲ </Unicode>
                </TextEquiv>
            </TextLine>
            <TextLine id="r1l9" custom="readingOrder {index:7;}">
                <Coords points="297,771 1499,738 1497,676 1363,670 296,711"/>
                <Baseline points="305,743 364,741 423,740 482,740 542,738 601,736 660,735 719,734 779,731 838,729 897,728 956,726 1016,724 1075,722 1134,722 1193,720 1253,719 1312,718 1371,717 1430,717 1490,717"/>
                <TextEquiv>
                    <Unicode>αὕτη διδάσκει Ἁμαρτία στόματος αὐτῶν λόγος χειλέ</Unicode>
                </TextEquiv>
            </TextLine>
            <TextLine id="r1l10" custom="readingOrder {index:8;}">
                <Coords points="301,814 1446,783 1552,765 1551,715 300,771"/>
                <Baseline points="308,792 369,792 431,790 493,788 555,786 617,785 678,783 740,782 802,780 864,779 926,777 987,775 1049,774 1111,771 1173,770 1235,768 1296,766 1358,764 1420,762 1482,759 1544,758"/>
                <TextEquiv>
                    <Unicode>ων αὐτῶν σύμφωνα καὶ ταῦτα τοῖς προηρμηνευμέ</Unicode>
                </TextEquiv>
            </TextLine>
            <TextLine id="r1l11" custom="readingOrder {index:9;}">
                <Coords points="301,859 1313,843 1514,826 1530,771 300,815"/>
                <Baseline points="308,842 368,841 429,840 490,839 551,837 611,836 672,834 733,833 794,831 854,830 915,828 976,827 1037,824 1097,822 1158,821 1219,818 1280,816 1340,815 1401,813 1462,810 1523,809"/>
                <TextEquiv>
                    <Unicode>νοις καὶ γὰρ ἄνω ἔφη• Ἰδοὺ αὐτοὶ ἀποφθέγξονται ἐν τω στό</Unicode>
                </TextEquiv>
            </TextLine>
            <TextLine id="r1l12" custom="readingOrder {index:10;}">
                <Coords points="295,911 1540,874 1538,815 1438,811 294,866"/>
                <Baseline points="302,894 363,893 425,891 486,890 548,888 609,887 671,885 732,884 794,882 855,881 917,879 978,878 1040,876 1101,874 1163,873 1224,870 1286,869 1347,867 1409,864 1470,863 1532,860"/>
                <TextEquiv>
                    <Unicode>ματι αὐτῶν καὶ ῥομφαία ἐν τοῖς χείλεσιν αὐτῶν καὶ ἐνταῦ</Unicode>
                </TextEquiv>
            </TextLine>
            <TextLine id="r1l13" custom="readingOrder {index:11;}">
                <Coords points="297,957 1501,939 1526,885 295,915"/>
                <Baseline points="305,942 365,942 426,941 486,939 547,938 608,937 668,935 729,933 790,932 850,930 911,929 972,926 1032,924 1093,923 1154,921 1214,920 1275,918 1336,917 1396,916 1457,915 1518,914"/>
                <TextEquiv>
                    <Unicode>θα πάλιν τῆς τοῦ στόματος ἁμαρτίας καὶ τοῦ λόγου τῶν </Unicode>
                </TextEquiv>
            </TextLine>
            <TextLine id="r1l14" custom="readingOrder {index:12;}">
                <Coords points="285,1015 1538,971 1537,928 1380,922 284,965"/>
                <Baseline points="293,995 354,993 416,990 478,989 540,986 602,984 663,983 725,981 787,980 849,978 911,976 972,974 1034,973 1096,971 1158,971 1220,969 1281,968 1343,966 1405,965 1467,963 1529,962"/>
                <TextEquiv>
                    <Unicode>χειλέων κατηγορεῖ• διὰ πάντων διδάσκων, ὡς ἐκείνης τῆς </Unicode>
                </TextEquiv>
            </TextLine>
            <TextLine id="r1l15" custom="readingOrder {index:13;}">
                <Coords points="294,1063 1544,1023 1524,968 292,1011"/>
                <Baseline points="302,1044 363,1043 425,1041 486,1040 548,1037 610,1035 671,1034 733,1031 795,1029 856,1028 918,1025 980,1023 1041,1022 1103,1020 1165,1019 1226,1017 1288,1016 1350,1014 1411,1013 1473,1013 1535,1011"/>
                <TextEquiv>
                    <Unicode>φωνῆς εἰσπράττονται δίκας ἢν συμφώνως ἀφῆκαν τὴν </Unicode>
                </TextEquiv>
            </TextLine>
            <TextLine id="r1l16" custom="readingOrder {index:14;}">
                <Coords points="304,1116 1445,1097 1561,1072 1559,1008 302,1069"/>
                <Baseline points="311,1095 373,1095 435,1094 497,1092 559,1090 621,1088 683,1086 745,1084 807,1082 869,1080 932,1077 994,1075 1056,1073 1118,1071 1180,1070 1242,1068 1304,1067 1366,1067 1428,1065 1490,1065 1553,1067"/>
                <TextEquiv>
                    <Unicode>δικαίαν τοῦ πιλάτου παραφθείραντες ψῆφον• ἐκείνου γὰρ </Unicode>
                </TextEquiv>
            </TextLine>
            <TextLine id="r1l17" custom="readingOrder {index:15;}">
                <Coords points="292,1155 1561,1140 1560,1074 290,1106"/>
                <Baseline points="299,1142 361,1141 424,1140 487,1139 549,1139 612,1137 675,1136 737,1134 800,1133 863,1131 926,1129 988,1127 1051,1125 1114,1124 1176,1122 1239,1121 1302,1119 1364,1118 1427,1116 1490,1115 1553,1115"/>
                <TextEquiv>
                    <Unicode>ὡς ἀθῶον ἀφεῖναι βουλομένου οὗτοι ἐβόων• αἶρε αἶρε στρω</Unicode>
                </TextEquiv>
            </TextLine>
            <TextLine id="r1l18" custom="readingOrder {index:16;}">
                <Coords points="297,1209 1554,1186 1562,1140 296,1167"/>
                <Baseline points="305,1193 367,1193 429,1193 492,1191 554,1191 617,1190 679,1188 742,1186 804,1184 867,1182 929,1180 991,1178 1054,1175 1116,1173 1179,1172 1241,1170 1304,1169 1366,1167 1429,1166 1491,1164 1554,1164"/>
                <TextEquiv>
                    <Unicode>σον αὐτόν• τὸ αἷμα αὐτοῦ ἐφ' ἡμᾶς καὶ ἐπὶ τὰ τέκνα ἡμῶν</Unicode>
                </TextEquiv>
            </TextLine>
            <TextLine id="r1l19" custom="readingOrder {index:17;}">
                <Coords points="292,1258 1550,1223 1549,1183 1398,1174 291,1208"/>
                <Baseline points="299,1244 361,1244 423,1242 485,1242 547,1241 609,1239 671,1238 734,1236 796,1235 858,1233 920,1231 982,1229 1044,1227 1106,1226 1169,1224 1231,1222 1293,1221 1355,1220 1417,1218 1479,1217 1542,1217"/>
                <TextEquiv>
                    <Unicode>ταῦτα δὲ σαφέστερον ὁ σύμμαχος ἡρμήνευσεν. αντὶ γὰρ τοῦ</Unicode>
                </TextEquiv>
            </TextLine>
            <TextLine id="r1l20" custom="readingOrder {index:18;}">
                <Coords points="297,1317 1563,1270 1531,1218 296,1256"/>
                <Baseline points="305,1298 367,1298 429,1296 492,1296 554,1295 617,1293 679,1292 742,1290 804,1289 867,1287 929,1284 991,1283 1054,1281 1116,1278 1179,1277 1241,1275 1304,1272 1366,1271 1429,1269 1491,1268 1554,1266"/>
                <TextEquiv>
                    <Unicode>διασκόρπισον αὐτοὺς, αναστάτωσον αὐτοὺς τη δυνάμει σου</Unicode>
                </TextEquiv>
            </TextLine>
            <TextLine id="r1l21" custom="readingOrder {index:19;}">
                <Coords points="299,1364 1557,1325 1542,1267 298,1316"/>
                <Baseline points="306,1349 368,1349 430,1349 492,1349 554,1349 616,1347 678,1346 740,1344 802,1343 864,1340 927,1338 989,1337 1051,1334 1113,1332 1175,1329 1237,1328 1299,1326 1361,1325 1423,1323 1485,1322 1548,1320"/>
                <TextEquiv>
                    <Unicode>καὶ κάθελε αὐτοὺς ὑπερασπιστὰ ἡμῶν κε τη ἁμαρτία τοῦ </Unicode>
                </TextEquiv>
            </TextLine>
            <TextLine id="r1l22" custom="readingOrder {index:20;}">
                <Coords points="291,1409 1601,1383 1599,1317 290,1364"/>
                <Baseline points="299,1397 363,1398 428,1398 492,1398 557,1398 622,1397 686,1397 751,1395 816,1392 880,1391 945,1388 1010,1386 1074,1383 1139,1380 1204,1378 1268,1376 1333,1373 1398,1371 1462,1370 1527,1368 1592,1367"/>
                <TextEquiv>
                    <Unicode>στόματος αὐτῶν τω λόγω τῶν χειλέων αὐτῶν αναστάτους φη</Unicode>
                </TextEquiv>
            </TextLine>
            <TextLine id="r1l23" custom="readingOrder {index:21;}">
                <Coords points="296,1453 1543,1435 1523,1376 295,1413"/>
                <Baseline points="303,1448 364,1448 426,1448 487,1446 549,1446 611,1445 672,1444 734,1443 795,1442 857,1440 919,1438 980,1436 1042,1434 1103,1433 1165,1430 1227,1428 1288,1425 1350,1424 1411,1422 1473,1419 1535,1418"/>
                <TextEquiv>
                    <Unicode>αυτους ποίησον καὶ δούλους ἀντ' ἐλευθέρων ἀπόφηνον• δι</Unicode>
                </TextEquiv>
            </TextLine>
            <TextLine id="r1l24" custom="readingOrder {index:22;}">
                <Coords points="292,1510 1565,1491 1554,1433 291,1452"/>
                <Baseline points="300,1497 362,1496 425,1496 488,1494 551,1493 614,1493 676,1491 739,1490 802,1488 865,1487 928,1485 990,1485 1053,1484 1116,1482 1179,1481 1242,1480 1304,1479 1367,1478 1430,1476 1493,1476 1556,1475"/>
                <TextEquiv>
                    <Unicode>ὰ τὴν ἁμαρτίαν τοῦ στόματος αὐτῶν καὶ τὸν λόγον τῶν χει</Unicode>
                </TextEquiv>
            </TextLine>
            <TextLine id="r1l25" custom="readingOrder {index:23;}">
                <Coords points="304,1562 1538,1541 1576,1488 303,1512"/>
                <Baseline points="311,1544 373,1542 436,1542 499,1541 562,1541 625,1539 688,1538 751,1537 814,1536 877,1535 940,1533 1002,1532 1065,1530 1128,1529 1191,1527 1254,1526 1317,1525 1380,1524 1443,1523 1506,1521 1569,1520"/>
                <TextEquiv>
                    <Unicode>λέων αὐτῶν οὕτω καὶ ἐπὶ τῆς πυργοποιίας τὴν κακὴν συμ</Unicode>
                </TextEquiv>
            </TextLine>
            <TextLine id="r1l26" custom="readingOrder {index:24;}">
                <Coords points="297,1610 1521,1587 1576,1577 1575,1526 296,1562"/>
                <Baseline points="305,1595 368,1595 431,1593 494,1592 557,1590 620,1590 683,1589 747,1587 810,1586 873,1584 936,1583 999,1581 1062,1580 1125,1577 1189,1575 1252,1574 1315,1571 1378,1569 1441,1568 1504,1565 1568,1562"/>
                <TextEquiv>
                    <Unicode>φωνίαν τη διαφωνία διέλυσεν καὶ την νόσω τῆς βλαβερᾶς</Unicode>
                </TextEquiv>
            </TextLine>
            <TextLine id="r1l27" custom="readingOrder {index:25;}">
                <Coords points="300,1661 1534,1642 1534,1587 299,1611"/>
                <Baseline points="308,1647 368,1646 429,1644 490,1642 551,1641 612,1639 673,1638 734,1637 795,1635 856,1634 917,1632 977,1632 1038,1631 1099,1629 1160,1628 1221,1626 1282,1625 1343,1622 1404,1620 1465,1619 1526,1616"/>
                <TextEquiv>
                    <Unicode>ομονοίας φάρμακον ἀλλεξίκακον προσενήνοχεν, τῶν 	</Unicode>
                </TextEquiv>
            </TextLine>
            <TextLine id="r1l28" custom="readingOrder {index:26;}">
                <Coords points="937,1697 1229,1678 1301,1695 1394,1669 1545,1685 1543,1640 1455,1622 1386,1642 935,1639"/>
                <Baseline points="944,1685 973,1684 1003,1682 1032,1680 1062,1679 1092,1677 1121,1677 1151,1676 1180,1674 1210,1673 1240,1673 1269,1671 1299,1670 1328,1670 1358,1668 1388,1668 1417,1668 1447,1667 1476,1667 1506,1665 1536,1665"/>
                <TextEquiv>
                    <Unicode>Καὶ συλληφθήτωσαν ἐν τη </Unicode>
                </TextEquiv>
            </TextLine>
            <TextLine id="r1l29" custom="readingOrder {index:27;}">
                <Coords points="295,1712 518,1707 564,1689 840,1694 839,1657 793,1643 294,1660"/>
                <Baseline points="302,1697 328,1695 354,1692 381,1692 407,1690 434,1689 460,1689 487,1688 513,1688 540,1688 566,1688 592,1688 619,1688 645,1688 672,1688 698,1686 725,1686 751,1685 778,1684 804,1681 831,1679"/>
                <TextEquiv>
                    <Unicode>γλωσσῶν τὴν διαίρεσιν</Unicode>
                </TextEquiv>
            </TextLine>
            <TextLine id="r1l30" custom="readingOrder {index:28;}">
                <Coords points="871,1745 1383,1737 1468,1715 1547,1731 1545,1666 1473,1691 1396,1669 1300,1696 1228,1678 952,1699 869,1679"/>
                <Baseline points="878,1730 911,1730 944,1730 977,1728 1010,1728 1043,1727 1076,1727 1109,1725 1142,1725 1175,1724 1208,1723 1241,1722 1274,1722 1307,1721 1340,1719 1373,1718 1406,1716 1439,1716 1472,1715 1505,1712 1538,1710"/>
                <TextEquiv>
                    <Unicode>Δι' ὧν φησὶν ἐτόλμησαν διὰ του</Unicode>
                </TextEquiv>
            </TextLine>
            <TextLine id="r1l31" custom="readingOrder {index:29;}">
                <Coords points="302,1761 410,1748 464,1763 512,1737 706,1752 816,1724 871,1738 870,1699 792,1693 301,1706"/>
                <Baseline points="309,1746 336,1745 364,1742 392,1740 419,1740 447,1739 475,1738 502,1737 530,1736 558,1736 586,1736 613,1734 641,1734 669,1734 696,1733 724,1733 752,1732 779,1731 807,1731 835,1730 863,1728"/>
                <TextEquiv>
                    <Unicode>ὑπερηφανία αὐτῶν</Unicode>
                </TextEquiv>
            </TextLine>
            <TextLine id="r1l32" custom="readingOrder {index:30;}">
                <Coords points="295,1814 1566,1763 1565,1729 1472,1715 294,1755"/>
                <Baseline points="302,1793 364,1791 427,1789 490,1787 553,1785 615,1785 678,1784 741,1782 804,1781 866,1779 929,1778 992,1776 1055,1775 1117,1773 1180,1772 1243,1770 1306,1768 1368,1766 1431,1763 1494,1761 1557,1758"/>
                <TextEquiv>
                    <Unicode>των δότωσαν δίκας• καὶ δουλεύειν οὐκ ἀνεχόμενοι τω σεσω</Unicode>
                </TextEquiv>
            </TextLine>
            <TextLine id="r1l33" custom="readingOrder {index:31;}">
                <Coords points="292,1857 1555,1827 1554,1762 291,1813"/>
                <Baseline points="300,1842 362,1842 424,1841 487,1841 549,1839 611,1838 674,1836 736,1835 798,1832 861,1830 923,1829 985,1827 1048,1824 1110,1823 1172,1821 1235,1820 1297,1818 1359,1817 1422,1817 1484,1817 1547,1817"/>
                <TextEquiv>
                    <Unicode>κότι χω ἀλλὰ τὴν τοῦ καίσαρος ἀσπασάμενοι βασιλεί</Unicode>
                </TextEquiv>
            </TextLine>
            <TextLine id="r1l34" custom="readingOrder {index:32;}">
                <Coords points="292,1900 1414,1856 1175,1824 291,1857"/>
                <Baseline points="300,1890 355,1889 410,1889 465,1887 521,1886 576,1886 631,1884 687,1882 742,1881 797,1880 853,1877 908,1875 963,1874 1018,1871 1074,1869 1129,1867 1184,1865 1240,1862 1295,1860 1350,1859 1406,1856"/>
                <TextEquiv>
                    <Unicode>αν τη τοῦ καίσαρος δουλείᾳ παραδοθήτωσαν </Unicode>
                </TextEquiv>
            </TextLine>
            <TextLine id="r1l35" custom="readingOrder {index:33;}">
                <Coords points="276,1978 452,1937 1555,1910 1553,1848 273,1888"/>
                <Baseline points="282,1935 345,1935 408,1934 471,1934 535,1932 598,1931 661,1931 724,1929 788,1926 851,1925 914,1922 977,1920 1041,1917 1104,1915 1167,1913 1230,1910 1294,1907 1357,1905 1420,1902 1483,1899 1547,1898"/>
                <TextEquiv>
                    <Unicode>και ἐξ ἀρας καὶ ψεύδους διαγγελήσονται εν συντελεία, ἐν ὀρ</Unicode>
                </TextEquiv>
            </TextLine>
            <TextLine id="r1l36" custom="readingOrder {index:34;}">
                <Coords points="1208,1983 1297,1965 1353,1984 1390,1964 1424,1982 1463,1953 1546,1969 1546,1907 1526,1902 1479,1912 1463,1898 1389,1929 1314,1919 1290,1934 1208,1902"/>
                <Baseline points="1215,1952 1241,1954 1268,1956 1295,1956 1322,1955 1349,1955 1376,1953 1403,1952 1430,1952 1457,1952 1484,1952 1511,1955 1538,1959"/>
                <TextEquiv>
                    <Unicode>Τοῦτο σαφέστερ</Unicode>
                </TextEquiv>
            </TextLine>
            <TextLine id="r1l37" custom="readingOrder {index:35;}">
                <Coords points="295,1992 824,1997 1112,1966 1110,1931 911,1923 294,1958"/>
                <Baseline points="303,1986 343,1986 383,1985 423,1984 463,1983 503,1982 543,1982 583,1980 623,1980 663,1979 703,1977 743,1976 783,1974 823,1973 863,1971 903,1970 943,1968 983,1966 1023,1965 1063,1962 1103,1961"/>
                <TextEquiv>
                    <Unicode>γη συντελείας καὶ οὐ μὴ ὑπάρξωσιν</Unicode>
                </TextEquiv>
            </TextLine>
            <TextLine id="r1l38" custom="readingOrder {index:36;}">
                <Coords points="292,2041 1256,2032 1550,2014 1549,1972 290,1991"/>
                <Baseline points="300,2030 362,2030 424,2030 486,2030 548,2030 610,2028 672,2027 734,2025 796,2024 858,2021 920,2019 982,2018 1044,2015 1106,2013 1168,2012 1230,2009 1292,2007 1354,2006 1416,2004 1478,2004 1541,2003"/>
                <TextEquiv>
                    <Unicode>ὁ σύμμαχος  ἡρμήνευσεν• συλληφθήτωσαν μετὰ τῆς ὑπε</Unicode>
                </TextEquiv>
            </TextLine>
            <TextLine id="r1l39" custom="readingOrder {index:37;}">
                <Coords points="301,2093 1476,2072 1555,2056 1554,2012 299,2042"/>
                <Baseline points="308,2076 373,2076 438,2076 503,2076 568,2075 634,2073 699,2072 764,2070 829,2069 894,2067 960,2066 1025,2063 1090,2061 1155,2060 1220,2058 1286,2057 1351,2055 1416,2054 1481,2054 1547,2054"/>
                <TextEquiv>
                    <Unicode>ρηφανίας αὐτῶν• ἀρὰν καὶ ψεῦδος λαλοῦντας συντέλεσον•</Unicode>
                </TextEquiv>
            </TextLine>
            <TextLine id="r1l40" custom="readingOrder {index:38;}">
                <Coords points="298,2150 1546,2105 1513,2064 297,2092"/>
                <Baseline points="305,2126 366,2127 428,2127 489,2127 551,2127 613,2126 674,2126 736,2124 798,2123 859,2121 921,2120 983,2118 1044,2117 1106,2115 1168,2112 1229,2111 1291,2109 1353,2108 1414,2106 1476,2104 1538,2103"/>
                <TextEquiv>
                    <Unicode> ἐν θυμω ἀνάλωσον, ἵνα μὴ ὦσιν επειδὴ γὰρ συκοφαντί</Unicode>
                </TextEquiv>
            </TextLine>
            <TextLine id="r1l41" custom="readingOrder {index:39;}">
                <Coords points="312,2200 1532,2155 1520,2109 311,2150"/>
                <Baseline points="320,2180 380,2181 440,2181 500,2181 560,2181 621,2180 681,2180 741,2178 801,2177 861,2175 922,2174 982,2172 1042,2169 1102,2168 1162,2165 1223,2163 1283,2160 1343,2159 1403,2156 1463,2154 1524,2151"/>
                <TextEquiv>
                    <Unicode>αις κατά του σρς ἐχρήσαντο λέγοντες αὐτὸν προστεταχέ</Unicode>
                </TextEquiv>
            </TextLine>
            <TextLine id="r1l42" custom="readingOrder {index:40;}">
                <Coords points="306,2252 1538,2218 1537,2176 1380,2163 305,2206"/>
                <Baseline points="314,2232 374,2232 435,2232 496,2232 557,2231 617,2231 678,2229 739,2228 800,2227 860,2226 921,2225 982,2223 1043,2221 1103,2219 1164,2217 1225,2216 1286,2214 1346,2213 1407,2211 1468,2208 1529,2207"/>
                <TextEquiv>
                    <Unicode>ναι μὴ δοῦναι καίσαρι κίνσον• καὶ ταῦτα ἀκηκοότες αυ</Unicode>
                </TextEquiv>
            </TextLine>
            <TextLine id="r1l43" custom="readingOrder {index:41;}">
                <Coords points="296,2293 1414,2299 1487,2265 1563,2298 1547,2213 296,2250"/>
                <Baseline points="305,2283 367,2285 429,2285 492,2283 554,2283 617,2283 679,2282 742,2280 804,2279 867,2277 929,2276 991,2274 1054,2273 1116,2271 1179,2270 1241,2268 1304,2267 1366,2267 1429,2265 1491,2265 1554,2265"/>
                <TextEquiv>
                    <Unicode>του παρεγγυῶντος δοῦναι τὰ τοῦ καίσαρος καίσαρι, κ τὰ   </Unicode>
                </TextEquiv>
            </TextLine>
            <TextEquiv>
                <Unicode>θανάτω οὐκ ἔστιν ὁ μνημονεύων σου• ἐν δὲ τω αδη τίς ἐξομο&#13;
λογήσεταί σοι ποίαν τοίνυν αὐτοὺς βούλειτίσ ποινήν&#13;
Διασκόρπισον αὐτοὺς ἐν τη δυνάμει σου• καὶ κατάγαγε αὐτοὺς, &#13;
ὁ ὑπερασπιστής μου κε&#13;
Εἰς πᾶσαν φησιν αὐτοὺς σκέ&#13;
δασον τὴν οἰκουμένην καὶ ποίησον σποράδας καὶ μετανά&#13;
στας• ἐπειδὴ κακοι κατὰ σοῦ κέχρηνται συμφωνία. τίς δὲ &#13;
αὕτη διδάσκει Ἁμαρτία στόματος αὐτῶν λόγος χειλέ&#13;
ων αὐτῶν σύμφωνα καὶ ταῦτα τοῖς προηρμηνευμέ&#13;
νοις καὶ γὰρ ἄνω ἔφη• Ἰδοὺ αὐτοὶ ἀποφθέγξονται ἐν τω στό&#13;
ματι αὐτῶν καὶ ῥομφαία ἐν τοῖς χείλεσιν αὐτῶν καὶ ἐνταῦ&#13;
θα πάλιν τῆς τοῦ στόματος ἁμαρτίας καὶ τοῦ λόγου τῶν &#13;
χειλέων κατηγορεῖ• διὰ πάντων διδάσκων, ὡς ἐκείνης τῆς &#13;
φωνῆς εἰσπράττονται δίκας ἢν συμφώνως ἀφῆκαν τὴν &#13;
δικαίαν τοῦ πιλάτου παραφθείραντες ψῆφον• ἐκείνου γὰρ &#13;
ὡς ἀθῶον ἀφεῖναι βουλομένου οὗτοι ἐβόων• αἶρε αἶρε στρω&#13;
σον αὐτόν• τὸ αἷμα αὐτοῦ ἐφ' ἡμᾶς καὶ ἐπὶ τὰ τέκνα ἡμῶν&#13;
ταῦτα δὲ σαφέστερον ὁ σύμμαχος ἡρμήνευσεν. αντὶ γὰρ τοῦ&#13;
διασκόρπισον αὐτοὺς, αναστάτωσον αὐτοὺς τη δυνάμει σου&#13;
καὶ κάθελε αὐτοὺς ὑπερασπιστὰ ἡμῶν κε τη ἁμαρτία τοῦ &#13;
στόματος αὐτῶν τω λόγω τῶν χειλέων αὐτῶν αναστάτους φη&#13;
αυτους ποίησον καὶ δούλους ἀντ' ἐλευθέρων ἀπόφηνον• δι&#13;
ὰ τὴν ἁμαρτίαν τοῦ στόματος αὐτῶν καὶ τὸν λόγον τῶν χει&#13;
λέων αὐτῶν οὕτω καὶ ἐπὶ τῆς πυργοποιίας τὴν κακὴν συμ&#13;
φωνίαν τη διαφωνία διέλυσεν καὶ την νόσω τῆς βλαβερᾶς&#13;
ομονοίας φάρμακον ἀλλεξίκακον προσενήνοχεν, τῶν 	&#13;
Καὶ συλληφθήτωσαν ἐν τη &#13;
γλωσσῶν τὴν διαίρεσιν&#13;
Δι' ὧν φησὶν ἐτόλμησαν διὰ του&#13;
ὑπερηφανία αὐτῶν&#13;
των δότωσαν δίκας• καὶ δουλεύειν οὐκ ἀνεχόμενοι τω σεσω&#13;
κότι χω ἀλλὰ τὴν τοῦ καίσαρος ἀσπασάμενοι βασιλεί&#13;
αν τη τοῦ καίσαρος δουλείᾳ παραδοθήτωσαν &#13;
και ἐξ ἀρας καὶ ψεύδους διαγγελήσονται εν συντελεία, ἐν ὀρ&#13;
Τοῦτο σαφέστερ&#13;
γη συντελείας καὶ οὐ μὴ ὑπάρξωσιν&#13;
ὁ σύμμαχος  ἡρμήνευσεν• συλληφθήτωσαν μετὰ τῆς ὑπε&#13;
ρηφανίας αὐτῶν• ἀρὰν καὶ ψεῦδος λαλοῦντας συντέλεσον•&#13;
 ἐν θυμω ἀνάλωσον, ἵνα μὴ ὦσιν επειδὴ γὰρ συκοφαντί&#13;
αις κατά του σρς ἐχρήσαντο λέγοντες αὐτὸν προστεταχέ&#13;
ναι μὴ δοῦναι καίσαρι κίνσον• καὶ ταῦτα ἀκηκοότες αυ&#13;
του παρεγγυῶντος δοῦναι τὰ τοῦ καίσαρος καίσαρι, κ τὰ   </Unicode>
            </TextEquiv>
        </TextRegion>
        <TextRegion orientation="0.0" id="r2" custom="readingOrder {index:1;}">
            <Coords points="1740,409 1740,565 1809,565 1809,409"/>
            <TextEquiv>
                <Unicode></Unicode>
            </TextEquiv>
        </TextRegion>
    </Page>
</PcGts>
