<?xml version="1.0" encoding="UTF-8" standalone="yes"?>
<PcGts xmlns="http://schema.primaresearch.org/PAGE/gts/pagecontent/2013-07-15" xmlns:xsi="http://www.w3.org/2001/XMLSchema-instance" xsi:schemaLocation="http://schema.primaresearch.org/PAGE/gts/pagecontent/2013-07-15 http://schema.primaresearch.org/PAGE/gts/pagecontent/2013-07-15/pagecontent.xsd">
    <Metadata>
        <Creator>prov=University of Rostock/Institute of Mathematics/CITlab|PLANET AI GmbH/Gundram Leifert/gundram.leifert@planet-ai.de:name=HPGTR(htr_id=41125)::::v=2.6.7
prov=University of Rostock/Institute of Mathematics/CITlab|PLANET AI GmbH/Tobias Gruening/tobias.gruening@planet-ai.de:name=de.uros.citlab.module.baseline2polygon.B2PSeamMultiOriented:v=2.6.7
prov=University of Rostock/Institute of Mathematics/CITlab|PLANET AI GmbH/Tobias Gruening/tobias.gruening@planet-ai.de:name=/net_tf/LA73_249_0mod360.pb:de.uros.citlab.segmentation.CITlab_LA_ML:v=2.6.7
Transkribus</Creator>
        <Created>2021-09-19T17:37:24.821+03:00</Created>
        <LastChange>2023-06-06T23:34:22.502+02:00</LastChange>
        <TranskribusMetadata docId="1458633" pageId="56018970" pageNr="56" tsid="126160784" status="IN_PROGRESS" userId="99263" imgUrl="https://files.transkribus.eu/Get?id=OQHNVSCFINMJKBXLTRCDZHJO&amp;fileType=view" xmlUrl="https://files.transkribus.eu/Get?id=BYMMCLACVYSAQPKHPADHIAUL" imageId="23265851"/>
    </Metadata>
    <Page imageFilename="0056_86 Bodleian-Library-MS-Barocci-132_00244_fol-115v.jpg" imageWidth="2174" imageHeight="2748">
        <ReadingOrder>
            <OrderedGroup id="ro_1686139449036" caption="Regions reading order">
                <RegionRefIndexed index="0" regionRef="r1"/>
            </OrderedGroup>
        </ReadingOrder>
        <TextRegion orientation="0.0" id="r1" custom="readingOrder {index:0;}">
            <Coords points="669,350 669,2289 1967,2289 1967,350"/>
            <TextLine id="r1l2" custom="readingOrder {index:0;}">
                <Coords points="750,381 1742,447 1972,452 1974,421 1538,349 753,324"/>
                <Baseline points="758,372 818,375 878,377 939,380 999,383 1059,386 1120,389 1180,393 1240,396 1301,399 1361,402 1421,406 1482,410 1542,414 1602,417 1663,422 1723,425 1783,429 1844,433 1904,436 1965,440"/>
                <TextEquiv>
                    <Unicode>τοῦ θυ τω θω• καὶ ἀραῖς δὲ πολλαῖς αὐτὸν καὶ λοιδορίαις ἔβαλλ. </Unicode>
                </TextEquiv>
            </TextLine>
            <TextLine id="r1l3" custom="readingOrder {index:1;}">
                <Coords points="752,425 1955,503 1927,451 755,382"/>
                <Baseline points="761,423 820,423 879,425 938,426 998,428 1057,430 1116,433 1176,437 1235,440 1294,443 1354,447 1413,452 1472,455 1531,459 1591,463 1650,467 1709,471 1769,476 1828,479 1887,482 1947,486"/>
                <TextEquiv>
                    <Unicode>δι ἐκείνας ἔφη τὰς ἀρὰς καὶ τὰς συκοφαντίας, καὶ τὴν ἁμαρτί</Unicode>
                </TextEquiv>
            </TextLine>
            <TextLine id="r1l4" custom="readingOrder {index:2;}">
                <Coords points="743,482 1964,547 1966,499 1679,471 745,441"/>
                <Baseline points="752,477 812,477 872,477 932,479 992,480 1053,482 1113,485 1173,488 1233,491 1293,495 1354,498 1414,502 1474,506 1534,510 1594,514 1655,518 1715,522 1775,525 1835,528 1895,530 1956,533"/>
                <TextEquiv>
                    <Unicode>αν τοῦ στόματος ταύτην αὐτοὺς ὑπομεμενηκέναι τὴν συντέ</Unicode>
                </TextEquiv>
            </TextLine>
            <TextLine id="r1l5" custom="readingOrder {index:3;}">
                <Coords points="738,537 1961,595 1963,548 1859,533 740,495"/>
                <Baseline points="746,530 806,528 866,528 927,530 987,531 1047,533 1108,534 1168,537 1228,540 1289,543 1349,546 1409,550 1470,554 1530,558 1590,562 1651,565 1711,569 1771,573 1832,578 1892,582 1953,585"/>
                <TextEquiv>
                    <Unicode>λειαν συντέλειαν δὲ οὐ τὴν πανωλεθρίαν καλεῖ ἀλλὰ τὸ μηκέ</Unicode>
                </TextEquiv>
            </TextLine>
            <TextLine id="r1l6" custom="readingOrder {index:4;}">
                <Coords points="753,590 1966,649 1927,586 755,543"/>
                <Baseline points="761,581 820,581 880,581 940,582 1000,582 1060,584 1120,586 1179,588 1239,591 1299,593 1359,596 1419,599 1479,602 1539,605 1598,609 1658,613 1718,616 1778,621 1838,624 1898,629 1958,633"/>
                <TextEquiv>
                    <Unicode>τι αὐτοὺς λαὸν χρηματίζειν θυ εσκεδασμένοι γὰρ κατὰ τὴν </Unicode>
                </TextEquiv>
            </TextLine>
            <TextLine id="r1l7" custom="readingOrder {index:5;}">
                <Coords points="749,636 1853,689 1948,689 1951,636 751,590"/>
                <Baseline points="758,629 817,629 876,629 935,630 994,632 1053,633 1112,635 1172,638 1231,640 1290,642 1349,645 1408,648 1467,652 1526,656 1586,660 1645,663 1704,666 1763,671 1822,674 1881,678 1941,681"/>
                <TextEquiv>
                    <Unicode>οἰκουμένην καὶ ρωμαίοις δουλεύειν ἠναγκασμένοι τῆς νομικς </Unicode>
                </TextEquiv>
            </TextLine>
            <TextLine id="r1l8" custom="readingOrder {index:6;}">
                <Coords points="729,690 1910,748 1949,748 1951,705 731,639"/>
                <Baseline points="737,678 797,678 857,678 917,678 977,680 1038,681 1098,683 1158,686 1218,689 1278,691 1339,695 1399,698 1459,701 1519,705 1579,708 1640,711 1700,715 1760,717 1820,721 1880,724 1941,726"/>
                <TextEquiv>
                    <Unicode>λατρείας εστέρηνται• πόῤῥω τῆς πολυθρυλλήτου διάγουσι μητρο</Unicode>
                </TextEquiv>
            </TextLine>
            <TextLine id="r1l9" custom="readingOrder {index:7;}">
                <Coords points="732,746 1894,798 1945,797 1947,748 734,686"/>
                <Baseline points="740,725 799,725 859,725 919,726 979,728 1039,729 1099,731 1159,734 1219,735 1279,738 1339,741 1398,744 1458,749 1518,752 1578,755 1638,758 1698,761 1758,764 1818,768 1878,770 1938,773"/>
                <TextEquiv>
                    <Unicode>πόλεως τῆς βασιλικῆς ἔρημοι κηδεμονίας γεγένηνται• ἱε</Unicode>
                </TextEquiv>
            </TextLine>
            <TextLine id="r1l10" custom="readingOrder {index:8;}">
                <Coords points="744,792 1941,848 1947,796 746,745"/>
                <Baseline points="753,779 812,777 871,777 930,777 990,779 1049,780 1108,782 1167,784 1227,787 1286,789 1345,793 1404,795 1464,799 1523,803 1582,805 1641,809 1701,812 1760,814 1819,817 1878,819 1938,821"/>
                <TextEquiv>
                    <Unicode>ρατικῆς ἐπιμελείας οὐκ ἀπολαύουσιν τῆς προφητικῆς ἐγυμνώ</Unicode>
                </TextEquiv>
            </TextLine>
            <TextLine id="r1l11" custom="readingOrder {index:9;}">
                <Coords points="728,840 1895,889 1941,845 730,802"/>
                <Baseline points="737,828 796,827 856,827 916,828 976,828 1035,830 1095,832 1155,834 1215,837 1274,839 1334,842 1394,845 1454,849 1513,852 1573,856 1633,859 1693,861 1752,864 1812,866 1872,868 1932,869"/>
                <TextEquiv>
                    <Unicode>θησαν χάριτος τὸ τοίνυν οὐχ ὑπάρξουσιν ἀντὶ τοῦ εἰς λαὸν </Unicode>
                </TextEquiv>
            </TextLine>
            <TextLine id="r1l12" custom="readingOrder {index:10;}">
                <Coords points="734,888 1833,940 1939,939 1942,884 736,841"/>
                <Baseline points="743,879 802,879 861,879 921,879 980,881 1040,882 1099,884 1159,885 1218,888 1278,891 1337,893 1396,896 1456,900 1515,902 1575,905 1634,908 1694,910 1753,912 1813,915 1872,917 1932,918"/>
                <TextEquiv>
                    <Unicode>οὐκέτι φησὶν καθ' ἑαυτοὺς πολιτεύσονται μόνην οἰκοῦντες </Unicode>
                </TextEquiv>
            </TextLine>
            <TextLine id="r1l13" custom="readingOrder {index:11;}">
                <Coords points="729,937 1835,957 1947,992 1949,926 730,890"/>
                <Baseline points="737,926 797,926 857,927 917,929 977,930 1037,932 1097,933 1158,936 1218,938 1278,941 1338,944 1398,945 1458,948 1518,950 1579,953 1639,955 1699,957 1759,959 1819,960 1879,962 1940,963"/>
                <TextEquiv>
                    <Unicode>τὴν παλαιστίνην, καὶ λαὸς θυ χρηματίζοντες συντε</Unicode>
                </TextEquiv>
            </TextLine>
            <TextLine id="r1l14" custom="readingOrder {index:12;}">
                <Coords points="720,988 1945,1035 1946,990 1809,964 722,941"/>
                <Baseline points="729,974 789,975 849,977 910,979 970,981 1031,983 1091,986 1152,988 1212,990 1273,993 1333,995 1393,998 1454,1001 1514,1002 1575,1004 1635,1007 1696,1010 1756,1011 1817,1013 1877,1014 1938,1016"/>
                <TextEquiv>
                    <Unicode>λείας δὲ τὰς παντοδαπὰς καλεῖ τιμωρίας καὶ γὰρ ἐπὶ γαι</Unicode>
                </TextEquiv>
            </TextLine>
            <TextLine id="r1l15" custom="readingOrder {index:13;}">
                <Coords points="723,1047 1940,1099 1970,1045 724,1007"/>
                <Baseline points="731,1032 792,1034 854,1034 915,1035 977,1037 1038,1038 1100,1041 1161,1043 1223,1046 1284,1048 1346,1051 1408,1053 1469,1057 1531,1059 1592,1061 1654,1064 1715,1067 1777,1068 1838,1070 1900,1071 1962,1073"/>
                <TextEquiv>
                    <Unicode>ου τοῦ τετάρτου καίσαρος κινδύνους μεγίστους ὑπέμειναν• κ μέν</Unicode>
                </TextEquiv>
            </TextLine>
            <TextLine id="r1l16" custom="readingOrder {index:14;}">
                <Coords points="722,1093 1654,1142 1933,1138 1954,1095 724,1056"/>
                <Baseline points="731,1083 791,1083 852,1085 912,1086 973,1088 1034,1089 1094,1091 1155,1094 1216,1095 1276,1098 1337,1101 1398,1104 1458,1106 1519,1109 1580,1111 1640,1113 1701,1116 1762,1118 1822,1121 1883,1122 1944,1124"/>
                <TextEquiv>
                    <Unicode>τοι καὶ ἐπὶ νέρωνος πολλαῖς περιέπεσον συμφοραῖς καὶ οὐ</Unicode>
                </TextEquiv>
            </TextLine>
            <TextLine id="r1l17" custom="readingOrder {index:15;}">
                <Coords points="727,1145 1800,1202 1952,1183 1954,1136 728,1104"/>
                <Baseline points="735,1133 795,1135 855,1137 916,1139 976,1141 1037,1143 1097,1146 1158,1148 1218,1151 1279,1153 1339,1155 1399,1158 1460,1160 1520,1163 1581,1164 1641,1166 1702,1167 1762,1169 1823,1170 1883,1170 1944,1172"/>
                <TextEquiv>
                    <Unicode>εσπασιανὸς τὰς πλείστας τῆς ιουδαίας ἐπολιόρκησεν πόλεις• </Unicode>
                </TextEquiv>
            </TextLine>
            <TextLine id="r1l18" custom="readingOrder {index:16;}">
                <Coords points="722,1205 1902,1246 1957,1230 1959,1178 724,1162"/>
                <Baseline points="731,1185 791,1187 852,1188 913,1190 974,1192 1035,1195 1096,1197 1157,1200 1218,1202 1279,1205 1340,1208 1400,1209 1461,1212 1522,1215 1583,1217 1644,1218 1705,1220 1766,1221 1827,1223 1888,1223 1949,1223"/>
                <TextEquiv>
                    <Unicode>καὶ τῖτος προσεδρεύσας τοῖς ιεροσολύμοις κ την χωραν εδη</Unicode>
                </TextEquiv>
            </TextLine>
            <TextLine id="r1l19" custom="readingOrder {index:17;}">
                <Coords points="705,1260 1952,1293 1953,1250 1862,1226 708,1196"/>
                <Baseline points="714,1235 775,1238 837,1241 898,1244 960,1247 1021,1249 1083,1252 1144,1254 1206,1257 1267,1259 1329,1262 1390,1263 1452,1266 1513,1268 1575,1269 1636,1271 1698,1272 1759,1274 1821,1274 1882,1275 1944,1277"/>
                <TextEquiv>
                    <Unicode>ωσεν καὶ τὴν πόλιν ἐπόρθησεν καὶ τοὺς τὸν θάνατον διαφυ</Unicode>
                </TextEquiv>
            </TextLine>
            <TextLine id="r1l20" custom="readingOrder {index:18;}">
                <Coords points="718,1306 1862,1351 1951,1340 1953,1296 719,1271"/>
                <Baseline points="726,1298 786,1298 847,1299 908,1301 969,1302 1030,1304 1091,1307 1152,1308 1213,1311 1274,1313 1335,1315 1395,1317 1456,1320 1517,1322 1578,1323 1639,1325 1700,1325 1761,1326 1822,1326 1883,1326 1944,1326"/>
                <TextEquiv>
                    <Unicode>γόντας ἐξανδραποδίσας, δορυαλώτους ελαβεν καὶ ἄλ </Unicode>
                </TextEquiv>
            </TextLine>
            <TextLine id="r1l21" custom="readingOrder {index:19;}">
                <Coords points="711,1354 1951,1395 1952,1350 1825,1335 712,1306"/>
                <Baseline points="719,1350 780,1350 841,1352 902,1353 963,1354 1025,1356 1086,1358 1147,1359 1208,1362 1269,1364 1331,1365 1392,1368 1453,1369 1514,1371 1575,1373 1637,1374 1698,1376 1759,1376 1820,1377 1881,1377 1943,1377"/>
                <TextEquiv>
                    <Unicode>δὲ παντοδαποῖς μετὰ ταῦτα περιέπεσον ἀλγεινοῖς• κ νυ </Unicode>
                </TextEquiv>
            </TextLine>
            <TextLine id="r1l22" custom="readingOrder {index:20;}">
                <Coords points="701,1412 1951,1430 1952,1394 703,1353"/>
                <Baseline points="710,1400 771,1401 833,1401 894,1403 956,1404 1018,1406 1079,1408 1141,1410 1203,1412 1264,1413 1326,1415 1388,1417 1449,1419 1511,1421 1573,1422 1634,1424 1696,1425 1758,1427 1819,1428 1881,1428 1943,1430"/>
                <TextEquiv>
                    <Unicode>δὲ ὡσαύτως ἐν αἷς παροικοῦσι πόλεσιν ἀφορμῆς τινος γινο</Unicode>
                </TextEquiv>
            </TextLine>
            <TextLine id="r1l23" custom="readingOrder {index:21;}">
                <Coords points="709,1469 1867,1498 1957,1491 1959,1426 710,1418"/>
                <Baseline points="717,1451 778,1452 840,1454 901,1455 963,1456 1025,1457 1086,1458 1148,1460 1210,1461 1271,1463 1333,1464 1395,1466 1456,1467 1518,1469 1580,1470 1641,1472 1703,1473 1765,1475 1826,1475 1888,1476 1950,1478"/>
                <TextEquiv>
                    <Unicode>μένης, πολλάκις τὰ ἀνήκεστα πάσχουσιν τῆς ἀρᾶς κ τοῦ ψε</Unicode>
                </TextEquiv>
            </TextLine>
            <TextLine id="r1l24" custom="readingOrder {index:22;}">
                <Coords points="705,1509 1966,1539 1967,1495 1887,1479 706,1469"/>
                <Baseline points="713,1502 775,1503 837,1503 899,1505 962,1505 1024,1506 1086,1508 1148,1509 1211,1511 1273,1512 1335,1514 1397,1515 1460,1517 1522,1518 1584,1520 1646,1520 1709,1521 1771,1523 1833,1523 1895,1523 1958,1523"/>
                <TextEquiv>
                    <Unicode>δους καὶ τῆς ἁμαρτίας τοῦ στόματος ἀπαιτούμενοι δίκας</Unicode>
                </TextEquiv>
            </TextLine>
            <TextLine id="r1l25" custom="readingOrder {index:23;}">
                <Coords points="695,1573 1958,1578 1942,1526 697,1511"/>
                <Baseline points="704,1548 766,1550 828,1551 890,1553 953,1554 1015,1556 1077,1557 1140,1559 1202,1560 1264,1562 1327,1563 1389,1565 1451,1565 1513,1566 1576,1568 1638,1568 1700,1569 1763,1569 1825,1571 1887,1571 1950,1571"/>
                <TextEquiv>
                    <Unicode>καὶ δι αὐτῶν μανθάνουσι τῶν πραγμάτων ὅτι τῶν ἁπάντ</Unicode>
                </TextEquiv>
            </TextLine>
            <TextLine id="r1l26" custom="readingOrder {index:24;}">
                <Coords points="711,1609 1659,1649 1944,1642 1976,1582 711,1568"/>
                <Baseline points="719,1601 781,1601 843,1602 906,1604 968,1605 1031,1607 1093,1607 1155,1608 1218,1610 1280,1611 1343,1612 1405,1613 1467,1614 1530,1616 1592,1616 1655,1617 1717,1617 1779,1619 1842,1619 1904,1619 1967,1619"/>
                <TextEquiv>
                    <Unicode>ἐστὶν κσ καὶ δεσπότης ὁ στρωθείς θσ. Τοῦτο γὰρ κ ὁ προφήτης ἔφη• </Unicode>
                </TextEquiv>
            </TextLine>
            <TextLine id="r1l27" custom="readingOrder {index:25;}">
                <Coords points="696,1651 1820,1697 1933,1673 1934,1636 697,1615"/>
                <Baseline points="704,1652 765,1652 826,1653 887,1655 948,1655 1009,1656 1070,1657 1131,1658 1192,1659 1253,1659 1314,1661 1375,1662 1436,1662 1497,1664 1558,1664 1619,1665 1680,1665 1741,1666 1802,1667 1863,1667 1925,1668"/>
                <TextEquiv>
                    <Unicode>Καὶ γνώσονται ὅτι ὁ θς δεσπόζει τοῦ ιακὼβ κ τῶν περάτων	</Unicode>
                </TextEquiv>
            </TextLine>
            <TextLine id="r1l28" custom="readingOrder {index:26;}">
                <Coords points="710,1727 720,1729 753,1708 770,1714 788,1704 801,1714 827,1708 841,1717 856,1704 886,1700 887,1676 860,1675 825,1657 807,1666 789,1659 775,1669 760,1660 739,1668 730,1661 712,1662"/>
                <Baseline points="720,1697 746,1698 773,1700 799,1701 826,1701 852,1701 879,1700"/>
                <TextEquiv>
                    <Unicode> τῆς γῆς</Unicode>
                </TextEquiv>
            </TextLine>
            <TextLine id="r1l29" custom="readingOrder {index:27;}">
                <Coords points="990,1731 1084,1708 1153,1734 1327,1709 1399,1739 1452,1715 1550,1741 1588,1712 1878,1730 1949,1714 1950,1665 1411,1691 991,1660"/>
                <Baseline points="998,1704 1045,1706 1092,1706 1139,1706 1186,1707 1233,1708 1280,1709 1328,1710 1375,1710 1422,1712 1469,1712 1516,1713 1563,1713 1610,1713 1658,1715 1705,1715 1752,1715 1799,1715 1846,1715 1893,1715 1941,1715"/>
                <TextEquiv>
                    <Unicode>Τοῦτο γὰρ δὴ τὸ παράδοξον ὅτι πρὸ τοῦ στροῦ κ </Unicode>
                </TextEquiv>
            </TextLine>
            <TextLine id="r1l30" custom="readingOrder {index:28;}">
                <Coords points="710,1759 1942,1788 1934,1717 711,1706"/>
                <Baseline points="719,1745 779,1748 840,1751 901,1754 962,1755 1022,1758 1083,1758 1144,1760 1205,1761 1265,1763 1326,1763 1387,1764 1448,1764 1508,1764 1569,1766 1630,1766 1691,1766 1751,1766 1812,1767 1873,1767 1934,1769"/>
                <TextEquiv>
                    <Unicode>ὑπ αὐτῶν ἠπιστεῖτο τῶν ιουδαίων• μετὰ δὲ τὸ ἐπονείδιστον ἐ</Unicode>
                </TextEquiv>
            </TextLine>
            <TextLine id="r1l31" custom="readingOrder {index:29;}">
                <Coords points="705,1820 1933,1820 1933,1786 1806,1777 706,1758"/>
                <Baseline points="713,1797 773,1800 834,1802 894,1805 955,1807 1016,1809 1076,1811 1137,1812 1197,1813 1258,1814 1319,1815 1379,1815 1440,1817 1500,1817 1561,1817 1622,1817 1682,1818 1743,1818 1803,1818 1864,1818 1925,1818"/>
                <TextEquiv>
                    <Unicode>κεῖνο πάθος πάσης ὁ στρωθεὶς δεσπόζει τῆς οἰκουμένης• </Unicode>
                </TextEquiv>
            </TextLine>
            <TextLine id="r1l32" custom="readingOrder {index:30;}">
                <Coords points="719,1858 1932,1878 1933,1820 720,1816"/>
                <Baseline points="728,1847 787,1849 847,1853 907,1854 967,1857 1027,1859 1087,1860 1146,1862 1206,1862 1266,1863 1326,1863 1386,1865 1446,1865 1506,1865 1565,1865 1625,1865 1685,1866 1745,1866 1805,1866 1865,1868 1925,1868"/>
                <TextEquiv>
                    <Unicode>τῶν μὲν ἑκόντων προσκυνούντων, τῶν δέ γε ἀκόντων φό</Unicode>
                </TextEquiv>
            </TextLine>
            <TextLine id="r1l33" custom="readingOrder {index:31;}">
                <Coords points="724,1908 796,1895 944,1925 1060,1910 1115,1936 1232,1914 1294,1942 1335,1915 1378,1925 1379,1886 1136,1885 1111,1866 888,1882 809,1852 725,1860"/>
                <Baseline points="732,1886 763,1890 795,1894 827,1897 859,1900 891,1902 923,1904 955,1905 987,1907 1019,1907 1051,1908 1082,1908 1114,1908 1146,1908 1178,1908 1210,1908 1242,1908 1274,1907 1306,1907 1338,1908 1370,1908"/>
                <TextEquiv>
                    <Unicode>βω δουλεύειν ἠναγκασμένων</Unicode>
                </TextEquiv>
            </TextLine>
            <TextLine id="r1l34" custom="readingOrder {index:32;}">
                <Coords points="1462,1923 1584,1936 1714,1918 1767,1934 1848,1914 1903,1931 1949,1919 1950,1859 1900,1884 1847,1868 1815,1885 1686,1869 1570,1886 1462,1867"/>
                <Baseline points="1470,1902 1496,1905 1522,1907 1548,1909 1574,1910 1600,1911 1627,1911 1653,1913 1679,1913 1705,1913 1731,1913 1757,1913 1784,1911 1810,1911 1836,1911 1862,1911 1888,1911 1914,1911 1941,1911"/>
                <TextEquiv>
                    <Unicode>Ἐπιστρέψουσιν εἰς ἑσπέ</Unicode>
                </TextEquiv>
            </TextLine>
            <TextLine id="r1l35" custom="readingOrder {index:33;}">
                <Coords points="712,1951 1912,1974 1912,1929 1805,1918 712,1912"/>
                <Baseline points="720,1935 779,1941 838,1946 897,1949 956,1952 1016,1955 1075,1956 1134,1958 1193,1958 1252,1959 1312,1959 1371,1959 1430,1959 1489,1959 1548,1959 1608,1958 1667,1958 1726,1958 1785,1958 1844,1959 1904,1959"/>
                <TextEquiv>
                    <Unicode>ραν καὶ λιμώξουσιν ὡς κύων καὶ κυκλώσουσιν πόλιν. </Unicode>
                </TextEquiv>
            </TextLine>
            <TextLine id="r1l36" custom="readingOrder {index:34;}">
                <Coords points="663,1988 1774,2037 1939,2023 1967,1965 1046,1983 664,1935"/>
                <Baseline points="672,1982 736,1989 800,1994 864,1998 929,2003 993,2006 1057,2007 1122,2009 1186,2010 1250,2010 1315,2010 1379,2010 1443,2009 1507,2009 1572,2009 1636,2007 1700,2007 1765,2007 1829,2007 1893,2009 1958,2009"/>
                <TextEquiv>
                    <Unicode>Ἐπειδὴ γὰρ εἶπεν εν ὀργη συντελείας καὶ οὐ μὴ ὑπάρξωσιν• ἵνα </Unicode>
                </TextEquiv>
            </TextLine>
            <TextLine id="r1l37" custom="readingOrder {index:35;}">
                <Coords points="661,2050 1785,2090 1954,2068 1955,2026 1141,2036 662,1989"/>
                <Baseline points="669,2037 732,2042 796,2045 860,2048 924,2051 988,2053 1052,2055 1116,2057 1180,2058 1244,2060 1308,2060 1371,2061 1435,2061 1499,2062 1563,2063 1627,2063 1691,2063 1755,2063 1819,2063 1883,2063 1947,2063"/>
                <TextEquiv>
                    <Unicode>μήτις ἐναντία εἰρηκέναι νομίσῃ τὸν προφήτην τὸ διασκέ</Unicode>
                </TextEquiv>
            </TextLine>
            <TextLine id="r1l38" custom="readingOrder {index:36;}">
                <Coords points="712,2105 1720,2141 1920,2130 1951,2071 712,2057"/>
                <Baseline points="720,2085 781,2090 842,2096 903,2099 964,2101 1025,2103 1086,2106 1148,2108 1209,2109 1270,2109 1331,2111 1392,2111 1453,2111 1514,2111 1576,2111 1637,2111 1698,2111 1759,2111 1820,2112 1881,2112 1943,2112"/>
                <TextEquiv>
                    <Unicode>δασον αὐτοὺς ἐν τη δυνάμει σου εἰκότως τη ταυτολογία ἐχρή</Unicode>
                </TextEquiv>
            </TextLine>
            <TextLine id="r1l39" custom="readingOrder {index:37;}">
                <Coords points="720,2155 1794,2198 1940,2168 1879,2117 1535,2143 721,2105"/>
                <Baseline points="729,2144 789,2146 849,2149 909,2151 969,2153 1029,2156 1089,2157 1149,2159 1209,2160 1269,2162 1330,2163 1390,2163 1450,2165 1510,2165 1570,2165 1630,2165 1690,2165 1750,2163 1810,2162 1870,2161 1931,2160"/>
                <TextEquiv>
                    <Unicode>σατο, καί φησιν αὐτοὺς κυνῶν δίκην λιμω τηκομένων κ νύ</Unicode>
                </TextEquiv>
            </TextLine>
            <TextLine id="r1l40" custom="readingOrder {index:38;}">
                <Coords points="724,2221 1634,2251 1911,2227 1932,2166 1381,2197 725,2157"/>
                <Baseline points="732,2198 791,2201 851,2202 910,2204 970,2207 1029,2208 1089,2210 1148,2211 1208,2213 1267,2214 1327,2216 1386,2217 1446,2217 1505,2219 1565,2219 1624,2219 1684,2219 1743,2219 1803,2218 1862,2217 1922,2216"/>
                <TextEquiv>
                    <Unicode>κτωρ εν ταις πόλεσι περινοστούντων, διάξειν οὐδεμιᾶς πνι</Unicode>
                </TextEquiv>
            </TextLine>
            <TextLine id="r1l41" custom="readingOrder {index:39;}">
                <Coords points="712,2290 1957,2305 1936,2213 1124,2254 713,2217"/>
                <Baseline points="720,2252 781,2254 843,2258 904,2260 966,2262 1027,2265 1089,2267 1150,2269 1212,2271 1273,2273 1335,2274 1396,2276 1458,2276 1519,2277 1581,2277 1642,2276 1704,2276 1765,2274 1827,2273 1888,2270 1950,2268"/>
                <TextEquiv>
                    <Unicode>κῆς τροφῆς ἀπολαύοντας εναλλαγὴ γὰρ πραγμάτων ἐγένετο  </Unicode>
                </TextEquiv>
            </TextLine>
            <TextEquiv>
                <Unicode>τοῦ θυ τω θω• καὶ ἀραῖς δὲ πολλαῖς αὐτὸν καὶ λοιδορίαις ἔβαλλ. &#13;
δι ἐκείνας ἔφη τὰς ἀρὰς καὶ τὰς συκοφαντίας, καὶ τὴν ἁμαρτί&#13;
αν τοῦ στόματος ταύτην αὐτοὺς ὑπομεμενηκέναι τὴν συντέ&#13;
λειαν συντέλειαν δὲ οὐ τὴν πανωλεθρίαν καλεῖ ἀλλὰ τὸ μηκέ&#13;
τι αὐτοὺς λαὸν χρηματίζειν θυ εσκεδασμένοι γὰρ κατὰ τὴν &#13;
οἰκουμένην καὶ ρωμαίοις δουλεύειν ἠναγκασμένοι τῆς νομικς &#13;
λατρείας εστέρηνται• πόῤῥω τῆς πολυθρυλλήτου διάγουσι μητρο&#13;
πόλεως τῆς βασιλικῆς ἔρημοι κηδεμονίας γεγένηνται• ἱε&#13;
ρατικῆς ἐπιμελείας οὐκ ἀπολαύουσιν τῆς προφητικῆς ἐγυμνώ&#13;
θησαν χάριτος τὸ τοίνυν οὐχ ὑπάρξουσιν ἀντὶ τοῦ εἰς λαὸν &#13;
οὐκέτι φησὶν καθ' ἑαυτοὺς πολιτεύσονται μόνην οἰκοῦντες &#13;
τὴν παλαιστίνην, καὶ λαὸς θυ χρηματίζοντες συντε&#13;
λείας δὲ τὰς παντοδαπὰς καλεῖ τιμωρίας καὶ γὰρ ἐπὶ γαι&#13;
ου τοῦ τετάρτου καίσαρος κινδύνους μεγίστους ὑπέμειναν• κ μέν&#13;
τοι καὶ ἐπὶ νέρωνος πολλαῖς περιέπεσον συμφοραῖς καὶ οὐ&#13;
εσπασιανὸς τὰς πλείστας τῆς ιουδαίας ἐπολιόρκησεν πόλεις• &#13;
καὶ τῖτος προσεδρεύσας τοῖς ιεροσολύμοις κ την χωραν εδη&#13;
ωσεν καὶ τὴν πόλιν ἐπόρθησεν καὶ τοὺς τὸν θάνατον διαφυ&#13;
γόντας ἐξανδραποδίσας, δορυαλώτους ελαβεν καὶ ἄλ &#13;
δὲ παντοδαποῖς μετὰ ταῦτα περιέπεσον ἀλγεινοῖς• κ νυ &#13;
δὲ ὡσαύτως ἐν αἷς παροικοῦσι πόλεσιν ἀφορμῆς τινος γινο&#13;
μένης, πολλάκις τὰ ἀνήκεστα πάσχουσιν τῆς ἀρᾶς κ τοῦ ψε&#13;
δους καὶ τῆς ἁμαρτίας τοῦ στόματος ἀπαιτούμενοι δίκας&#13;
καὶ δι αὐτῶν μανθάνουσι τῶν πραγμάτων ὅτι τῶν ἁπάντ&#13;
ἐστὶν κσ καὶ δεσπότης ὁ στρωθείς θσ. Τοῦτο γὰρ κ ὁ προφήτης ἔφη• &#13;
Καὶ γνώσονται ὅτι ὁ θς δεσπόζει τοῦ ιακὼβ κ τῶν περάτων	&#13;
 τῆς γῆς&#13;
Τοῦτο γὰρ δὴ τὸ παράδοξον ὅτι πρὸ τοῦ στροῦ κ &#13;
ὑπ αὐτῶν ἠπιστεῖτο τῶν ιουδαίων• μετὰ δὲ τὸ ἐπονείδιστον ἐ&#13;
κεῖνο πάθος πάσης ὁ στρωθεὶς δεσπόζει τῆς οἰκουμένης• &#13;
τῶν μὲν ἑκόντων προσκυνούντων, τῶν δέ γε ἀκόντων φό&#13;
βω δουλεύειν ἠναγκασμένων&#13;
Ἐπιστρέψουσιν εἰς ἑσπέ&#13;
ραν καὶ λιμώξουσιν ὡς κύων καὶ κυκλώσουσιν πόλιν. &#13;
Ἐπειδὴ γὰρ εἶπεν εν ὀργη συντελείας καὶ οὐ μὴ ὑπάρξωσιν• ἵνα &#13;
μήτις ἐναντία εἰρηκέναι νομίσῃ τὸν προφήτην τὸ διασκέ&#13;
δασον αὐτοὺς ἐν τη δυνάμει σου εἰκότως τη ταυτολογία ἐχρή&#13;
σατο, καί φησιν αὐτοὺς κυνῶν δίκην λιμω τηκομένων κ νύ&#13;
κτωρ εν ταις πόλεσι περινοστούντων, διάξειν οὐδεμιᾶς πνι&#13;
κῆς τροφῆς ἀπολαύοντας εναλλαγὴ γὰρ πραγμάτων ἐγένετο  </Unicode>
            </TextEquiv>
        </TextRegion>
    </Page>
</PcGts>
