<?xml version="1.0" encoding="UTF-8" standalone="yes"?>
<PcGts xmlns="http://schema.primaresearch.org/PAGE/gts/pagecontent/2013-07-15" xmlns:xsi="http://www.w3.org/2001/XMLSchema-instance" xsi:schemaLocation="http://schema.primaresearch.org/PAGE/gts/pagecontent/2013-07-15 http://schema.primaresearch.org/PAGE/gts/pagecontent/2013-07-15/pagecontent.xsd">
    <Metadata>
        <Creator>prov=University of Rostock/Institute of Mathematics/CITlab|PLANET AI GmbH/Gundram Leifert/gundram.leifert@planet-ai.de:name=HPGTR(htr_id=41125)::::v=2.6.7
prov=University of Rostock/Institute of Mathematics/CITlab|PLANET AI GmbH/Tobias Gruening/tobias.gruening@planet-ai.de:name=de.uros.citlab.module.baseline2polygon.B2PSeamMultiOriented:v=2.6.7
prov=University of Rostock/Institute of Mathematics/CITlab|PLANET AI GmbH/Tobias Gruening/tobias.gruening@planet-ai.de:name=/net_tf/LA73_249_0mod360.pb:de.uros.citlab.segmentation.CITlab_LA_ML:v=2.6.7
Transkribus</Creator>
        <Created>2021-09-19T17:37:24.948+03:00</Created>
        <LastChange>2023-06-06T23:47:57.447+02:00</LastChange>
        <TranskribusMetadata docId="1458633" pageId="56018971" pageNr="57" tsid="126164322" status="IN_PROGRESS" userId="99263" imgUrl="https://files.transkribus.eu/Get?id=UOIMIVTFGPGUSSTLERNJHLAV&amp;fileType=view" xmlUrl="https://files.transkribus.eu/Get?id=JJATCWTJIGBYLZSAEIWVGMKZ" imageId="23265852"/>
    </Metadata>
    <Page imageFilename="0057_87 Bodleian-Library-MS-Barocci-132_00245_fol-116r.jpg" imageWidth="2264" imageHeight="2748">
        <ReadingOrder>
            <OrderedGroup id="ro_1686139449151" caption="Regions reading order">
                <RegionRefIndexed index="0" regionRef="r1"/>
                <RegionRefIndexed index="1" regionRef="r2"/>
                <RegionRefIndexed index="2" regionRef="r3"/>
            </OrderedGroup>
        </ReadingOrder>
        <TextRegion orientation="0.0" id="r1" custom="readingOrder {index:0;}">
            <Coords points="243,512 243,662 258,662 258,512"/>
            <TextEquiv>
                <Unicode></Unicode>
            </TextEquiv>
        </TextRegion>
        <TextRegion orientation="0.0" id="r2" custom="readingOrder {index:1;}">
            <Coords points="257,401 257,2288 1598,2288 1598,401"/>
            <TextLine id="r2l1" custom="readingOrder {index:0;}">
                <Coords points="312,474 1544,449 1542,371 1279,414 310,403"/>
                <Baseline points="320,461 380,459 441,458 502,457 563,456 623,455 684,454 745,453 806,452 866,450 927,449 988,447 1049,446 1109,444 1170,441 1231,440 1292,437 1352,434 1413,431 1474,427 1535,423"/>
                <TextEquiv>
                    <Unicode>καὶ ιουδαῖοι μὲν οἱ πάλαι υἱοὶ διὰ τὴν οἰκείαν πονηρίαν, τὴν τῶν </Unicode>
                </TextEquiv>
            </TextLine>
            <TextLine id="r2l2" custom="readingOrder {index:1;}">
                <Coords points="297,529 1550,477 1520,428 296,485"/>
                <Baseline points="305,509 366,509 428,507 490,506 552,506 614,504 675,503 737,503 799,501 861,500 923,498 984,496 1046,494 1108,491 1170,489 1232,486 1293,483 1355,480 1417,477 1479,472 1541,468"/>
                <TextEquiv>
                    <Unicode>κυνῶν ἔλαχον τάξιν• τὰ δὲ ἔθνη τα πάλαι κυσὶν ἐοικότα, τῆς </Unicode>
                </TextEquiv>
            </TextLine>
            <TextLine id="r2l3" custom="readingOrder {index:2;}">
                <Coords points="312,574 1541,535 1540,479 311,535"/>
                <Baseline points="320,555 380,554 441,552 501,551 562,550 623,549 683,548 744,547 804,546 865,545 926,544 986,542 1047,541 1107,540 1168,537 1229,534 1289,531 1350,528 1410,525 1471,521 1532,515"/>
                <TextEquiv>
                    <Unicode>τῶν υἱῶν ἠξιώθησαν τιμῆς αὐτοὶ διασκορπισθήσονται τοῦ </Unicode>
                </TextEquiv>
            </TextLine>
            <TextLine id="r2l4" custom="readingOrder {index:3;}">
                <Coords points="313,625 1346,578 1345,542 1300,535 312,574"/>
                <Baseline points="321,609 371,606 422,603 473,602 524,600 575,599 625,597 676,597 727,597 778,596 829,596 879,596 930,594 981,593 1032,591 1083,590 1133,587 1184,584 1235,579 1286,575 1337,569"/>
                <TextEquiv>
                    <Unicode>φαγεῖν ἐὰν δὲ μὴ χορτασθῶσιν καὶ γογγύσωσιν </Unicode>
                </TextEquiv>
            </TextLine>
            <TextLine id="r2l5" custom="readingOrder {index:4;}">
                <Coords points="249,679 1406,643 1544,622 1543,590 247,620"/>
                <Baseline points="257,662 324,659 391,657 458,654 526,653 593,651 660,649 728,648 795,645 862,644 930,642 997,641 1064,638 1132,636 1199,633 1266,630 1334,628 1401,623 1468,619 1536,615"/>
                <TextEquiv>
                    <Unicode>τοῦτο ὁ σύμμαχος τω προτέρω ἀποδέδωκεν. ἔφη δὲ ουτως• </Unicode>
                </TextEquiv>
            </TextLine>
            <TextLine id="r2l6" custom="readingOrder {index:5;}">
                <Coords points="250,729 1443,699 1535,682 1533,618 248,679"/>
                <Baseline points="257,705 320,704 383,702 447,701 510,699 574,698 637,696 701,695 764,693 828,692 891,690 954,689 1018,686 1081,684 1145,682 1208,680 1272,677 1335,672 1399,669 1462,665 1526,660"/>
                <TextEquiv>
                    <Unicode>ανακαμπτέτωσαν ἑσπέρας θορυβείτωσαν ὡς κύνες περιερ</Unicode>
                </TextEquiv>
            </TextLine>
            <TextLine id="r2l7" custom="readingOrder {index:6;}">
                <Coords points="304,777 1139,727 1319,751 1532,726 1534,682 303,727"/>
                <Baseline points="311,753 371,752 432,752 493,750 554,750 614,748 675,746 736,744 797,743 857,741 918,739 979,737 1040,735 1100,732 1161,729 1222,728 1283,725 1343,723 1404,720 1465,718 1526,716"/>
                <TextEquiv>
                    <Unicode>χόμενοι πόλιν ῥεμβόμενοι ἵνα μὴ ἀχόρταστοι αὐλισθῶσι </Unicode>
                </TextEquiv>
            </TextLine>
            <TextLine id="r2l8" custom="readingOrder {index:7;}">
                <Coords points="302,817 1479,789 1535,732 301,779"/>
                <Baseline points="309,801 369,800 430,798 491,797 552,796 613,795 674,794 735,792 796,790 857,789 918,787 978,785 1039,783 1100,780 1161,779 1222,776 1283,774 1344,771 1405,770 1466,768 1527,765"/>
                <TextEquiv>
                    <Unicode>τούτου γὰρ φησιν χάριν οἱ κύνες περινοστοῦσι νύκτωρ τρο</Unicode>
                </TextEquiv>
            </TextLine>
            <TextLine id="r2l9" custom="readingOrder {index:8;}">
                <Coords points="297,869 1556,824 1526,767 295,823"/>
                <Baseline points="305,854 367,852 429,851 491,849 553,848 615,846 677,845 739,843 801,842 863,839 926,837 988,836 1050,833 1112,831 1174,829 1236,827 1298,824 1360,821 1422,818 1484,814 1547,810"/>
                <TextEquiv>
                    <Unicode>φήν τινα ζητοῦντες, ἵνα μὴ ἀχόρταστοι αὐλισθῶσιν• κατα</Unicode>
                </TextEquiv>
            </TextLine>
            <TextLine id="r2l10" custom="readingOrder {index:9;}">
                <Coords points="300,912 1406,887 1552,867 1551,836 298,869"/>
                <Baseline points="308,900 369,899 431,897 493,896 555,893 617,892 678,890 740,888 802,887 864,885 926,883 987,881 1049,879 1111,876 1173,875 1235,873 1296,870 1358,867 1420,864 1482,861 1544,857"/>
                <TextEquiv>
                    <Unicode>δὲ τοὺς εβδομήκοντα οὕτω νοητέον• ὅτι κυνῶν δίκην καὶ ουτοι </Unicode>
                </TextEquiv>
            </TextLine>
            <TextLine id="r2l11" custom="readingOrder {index:10;}">
                <Coords points="306,960 1253,945 1568,921 1567,873 304,913"/>
                <Baseline points="314,941 376,941 438,939 500,939 563,938 625,938 687,936 749,935 812,933 874,932 936,930 998,927 1061,926 1123,924 1185,921 1247,919 1310,917 1372,915 1434,912 1496,911 1559,908"/>
                <TextEquiv>
                    <Unicode>κατὰ τὴν οἰκουμένην ἐσκεδασμένοι τὴν πνικὴν ἐπιζητη</Unicode>
                </TextEquiv>
            </TextLine>
            <TextLine id="r2l12" custom="readingOrder {index:11;}">
                <Coords points="298,999 1440,983 1555,965 1554,924 297,965"/>
                <Baseline points="305,990 367,990 429,990 491,989 553,987 615,986 677,984 739,983 801,980 863,978 926,977 988,974 1050,972 1112,970 1174,968 1236,966 1298,965 1360,963 1422,962 1484,960 1547,960"/>
                <TextEquiv>
                    <Unicode>σουσιν τροφήν• οὐχ ευρίσκοντες δὲ ταύτην διὰ τὸ μὴ πιστεύειν </Unicode>
                </TextEquiv>
            </TextLine>
            <TextLine id="r2l13" custom="readingOrder {index:12;}">
                <Coords points="298,1070 1526,1034 1580,1027 1579,978 296,1016"/>
                <Baseline points="305,1038 368,1038 431,1038 495,1037 558,1035 621,1034 685,1032 748,1031 811,1029 875,1028 938,1025 1001,1023 1065,1022 1128,1019 1191,1017 1255,1014 1318,1013 1381,1011 1445,1009 1508,1007 1572,1005"/>
                <TextEquiv>
                    <Unicode>τω ὑπὸ πάντων προκεκηρυγμένω τῶν προφητῶν, θορυζου</Unicode>
                </TextEquiv>
            </TextLine>
            <TextLine id="r2l14" custom="readingOrder {index:13;}">
                <Coords points="297,1097 859,1115 1544,1070 1498,1017 296,1067"/>
                <Baseline points="305,1091 366,1091 428,1091 489,1089 551,1089 612,1088 674,1086 735,1085 797,1083 858,1081 920,1079 981,1077 1043,1074 1104,1073 1166,1071 1227,1070 1289,1067 1350,1065 1412,1064 1473,1064 1535,1062"/>
                <TextEquiv>
                    <Unicode>σιν καὶ γογγύζουσιν, τὴν ἀχάριστον καὶ ἐν τούτω γνώμην ἐπι</Unicode>
                </TextEquiv>
            </TextLine>
            <TextLine id="r2l15" custom="readingOrder {index:14;}">
                <Coords points="700,1162 1550,1123 1535,1073 698,1100"/>
                <Baseline points="708,1139 749,1137 791,1137 832,1136 874,1134 916,1133 957,1131 999,1130 1041,1128 1082,1126 1124,1124 1166,1122 1207,1121 1249,1119 1291,1117 1332,1116 1374,1115 1416,1113 1457,1113 1499,1112 1541,1112"/>
                <TextEquiv>
                    <Unicode>Ἐγὼ δὲ ασομαι τὴν δύναμίν σου κ ἀγαλλι</Unicode>
                </TextEquiv>
            </TextLine>
            <TextLine id="r2l16" custom="readingOrder {index:15;}">
                <Coords points="307,1173 333,1171 354,1153 436,1164 458,1145 480,1156 529,1146 576,1163 587,1159 586,1114 561,1105 538,1116 483,1093 462,1110 435,1100 369,1112 305,1100"/>
                <Baseline points="315,1146 341,1144 367,1142 393,1142 420,1140 446,1140 472,1139 499,1139 525,1138 551,1137 578,1136"/>
                <TextEquiv>
                    <Unicode>δεικνυντες</Unicode>
                </TextEquiv>
            </TextLine>
            <TextLine id="r2l17" custom="readingOrder {index:16;}">
                <Coords points="997,1189 1043,1211 1077,1184 1121,1199 1188,1177 1228,1196 1356,1169 1429,1190 1472,1168 1576,1170 1575,1127 1461,1142 1424,1124 1397,1142 1376,1122 1324,1150 1239,1128 1200,1154 1091,1154 1046,1132 995,1148"/>
                <Baseline points="1005,1176 1033,1176 1061,1176 1089,1176 1117,1176 1145,1176 1173,1175 1202,1173 1230,1173 1258,1172 1286,1170 1314,1169 1342,1168 1370,1167 1399,1166 1427,1165 1455,1164 1483,1164 1511,1164 1539,1164 1568,1166"/>
                <TextEquiv>
                    <Unicode>Ἐκεῖνοι μὲν οὖν ἐκεῖνα τολ</Unicode>
                </TextEquiv>
            </TextLine>
            <TextLine id="r2l18" custom="readingOrder {index:17;}">
                <Coords points="315,1213 461,1196 557,1214 597,1193 731,1203 780,1186 835,1209 924,1194 923,1147 822,1161 784,1142 705,1166 670,1135 637,1161 604,1143 581,1164 493,1151 314,1172"/>
                <Baseline points="323,1193 352,1193 382,1193 411,1193 441,1193 471,1193 500,1193 530,1193 559,1193 589,1192 619,1191 648,1191 678,1190 707,1188 737,1188 767,1187 796,1185 826,1184 855,1182 885,1179 915,1178"/>
                <TextEquiv>
                    <Unicode>άσομαι τὸ πρωῒ τὸ ἔλεός σου</Unicode>
                </TextEquiv>
            </TextLine>
            <TextLine id="r2l19" custom="readingOrder {index:18;}">
                <Coords points="317,1261 1520,1235 1558,1174 316,1218"/>
                <Baseline points="324,1247 385,1245 446,1244 508,1242 569,1241 630,1239 692,1238 753,1236 814,1235 876,1233 937,1232 998,1229 1060,1227 1121,1226 1182,1224 1244,1221 1305,1219 1366,1217 1428,1214 1489,1212 1551,1209"/>
                <TextEquiv>
                    <Unicode>μῶντες, τοσαῦτα πείσονται• ἐγὼ δὲ τὸν σὸν ἔλεον ἀνυμνήσω</Unicode>
                </TextEquiv>
            </TextLine>
            <TextLine id="r2l20" custom="readingOrder {index:19;}">
                <Coords points="306,1302 1502,1290 1577,1261 1576,1213 305,1268"/>
                <Baseline points="315,1296 377,1295 440,1294 502,1293 565,1292 628,1290 690,1289 753,1289 816,1287 878,1286 941,1284 1004,1281 1066,1280 1129,1278 1192,1275 1254,1272 1317,1269 1380,1267 1442,1263 1505,1259 1568,1254"/>
                <TextEquiv>
                    <Unicode>καὶ τοῦ νοεροῦ σου φωτὸς ἀνατείλαντος καὶ τη οἰκουμένη</Unicode>
                </TextEquiv>
            </TextLine>
            <TextLine id="r2l21" custom="readingOrder {index:20;}">
                <Coords points="306,1356 1597,1318 1596,1278 1516,1269 305,1310"/>
                <Baseline points="315,1344 378,1344 442,1344 506,1344 569,1344 633,1344 697,1343 760,1341 824,1340 888,1338 952,1335 1015,1334 1079,1331 1143,1328 1206,1325 1270,1322 1334,1318 1397,1314 1461,1310 1525,1307 1589,1302"/>
                <TextEquiv>
                    <Unicode>δεδωκότος τὸν ὄρθρον τὸν ἀμέτρητόν σου οἶκτον ἐν ἁπάσαις </Unicode>
                </TextEquiv>
            </TextLine>
            <TextLine id="r2l22" custom="readingOrder {index:21;}">
                <Coords points="974,1402 1185,1373 1425,1370 1464,1391 1556,1370 1553,1325 1475,1336 1444,1319 1288,1347 1193,1326 1131,1346 1076,1334 1028,1363 971,1349"/>
                <Baseline points="981,1391 1009,1387 1037,1385 1065,1382 1094,1380 1122,1378 1150,1376 1179,1374 1207,1373 1235,1371 1264,1371 1292,1370 1320,1368 1348,1368 1377,1367 1405,1365 1433,1364 1462,1363 1490,1362 1518,1361 1547,1359"/>
                <TextEquiv>
                    <Unicode>Ὅτι ἐγενήθης ἀντιλήπτωρ </Unicode>
                </TextEquiv>
            </TextLine>
            <TextLine id="r2l23" custom="readingOrder {index:22;}">
                <Coords points="312,1420 449,1395 526,1419 603,1396 684,1410 717,1393 770,1416 822,1391 892,1401 892,1368 830,1366 804,1341 711,1361 678,1343 654,1365 312,1362"/>
                <Baseline points="321,1392 349,1392 377,1392 405,1392 433,1392 461,1392 489,1392 518,1392 546,1392 574,1391 602,1391 630,1391 658,1391 686,1390 715,1389 743,1389 771,1388 799,1388 827,1386 855,1386 884,1385"/>
                <TextEquiv>
                    <Unicode>ταῖς ἐκκλησίαις δοξάσω</Unicode>
                </TextEquiv>
            </TextLine>
            <TextLine id="r2l24" custom="readingOrder {index:23;}">
                <Coords points="319,1452 1571,1442 1568,1371 1479,1367 318,1419"/>
                <Baseline points="326,1442 387,1443 449,1443 511,1445 573,1443 635,1443 696,1442 758,1440 820,1438 882,1436 944,1434 1005,1430 1067,1428 1129,1425 1191,1423 1253,1419 1314,1417 1376,1415 1438,1413 1500,1412 1562,1410"/>
                <TextEquiv>
                    <Unicode>μου καὶ καταφυγή μου ἐν ἡμέρα θλίψεώς μου Βοηθός μου </Unicode>
                </TextEquiv>
            </TextLine>
            <TextLine id="r2l25" custom="readingOrder {index:24;}">
                <Coords points="315,1517 1443,1492 1497,1430 313,1455"/>
                <Baseline points="323,1499 381,1498 439,1497 498,1496 556,1494 614,1493 673,1492 731,1491 789,1490 848,1488 906,1486 964,1484 1023,1482 1081,1481 1139,1477 1198,1475 1256,1472 1314,1468 1373,1464 1431,1460 1490,1455"/>
                <TextEquiv>
                    <Unicode>εἶ σοὶ ψαλῶ ὅτι ὁ θς ἀντιλήπτωρ μου εἶ ο θς μου τὸ ἔλεός μου</Unicode>
                </TextEquiv>
            </TextLine>
            <TextLine id="r2l26" custom="readingOrder {index:25;}">
                <Coords points="283,1570 1316,1544 1588,1519 1587,1473 281,1504"/>
                <Baseline points="291,1542 355,1544 419,1545 484,1545 548,1545 613,1544 677,1544 742,1541 806,1539 871,1538 935,1535 999,1532 1064,1529 1128,1526 1193,1523 1257,1520 1322,1518 1386,1515 1451,1512 1515,1511 1580,1508"/>
                <TextEquiv>
                    <Unicode>Ἀπέλαυσα γὰρ τῆς σῆς ἐπικουρίας ἀεί• κ διὰ τὴς σὴς προνοίας </Unicode>
                </TextEquiv>
            </TextLine>
            <TextLine id="r2l27" custom="readingOrder {index:26;}">
                <Coords points="265,1588 1353,1590 1574,1563 1573,1522 436,1572 263,1535"/>
                <Baseline points="273,1586 337,1589 402,1592 466,1592 531,1593 596,1593 660,1592 725,1590 790,1589 854,1586 919,1584 984,1580 1048,1578 1113,1574 1178,1571 1242,1567 1307,1565 1372,1562 1436,1560 1501,1557 1566,1557"/>
                <TextEquiv>
                    <Unicode>τὰς προσπεσούσας διέφυγον συμφοράς οὗ δὴ χάριν σὲ μόνον </Unicode>
                </TextEquiv>
            </TextLine>
            <TextLine id="r2l28" custom="readingOrder {index:27;}">
                <Coords points="315,1650 1560,1628 1558,1572 1483,1563 1144,1606 313,1603"/>
                <Baseline points="323,1641 384,1643 445,1643 507,1643 568,1641 629,1641 691,1640 752,1638 813,1637 875,1634 936,1632 997,1629 1059,1626 1120,1625 1181,1622 1243,1618 1304,1616 1365,1613 1427,1609 1488,1605 1550,1602"/>
                <TextEquiv>
                    <Unicode>οἶδα θν καί σε πηγὴν ἐλέους καὶ φιλανίας καλῶ. ταῦτα</Unicode>
                </TextEquiv>
            </TextLine>
            <TextLine id="r2l29" custom="readingOrder {index:28;}">
                <Coords points="313,1703 1586,1657 1393,1613 312,1650"/>
                <Baseline points="321,1686 383,1686 446,1686 509,1685 572,1685 635,1683 697,1683 760,1682 823,1680 886,1679 949,1676 1011,1674 1074,1673 1137,1670 1200,1668 1263,1666 1325,1664 1388,1661 1451,1658 1514,1655 1577,1652"/>
                <TextEquiv>
                    <Unicode> ὁ μακάριος δαδ πόῤῥωθεν προφητικοῖς ἰδὼν ὀφθαλμ</Unicode>
                </TextEquiv>
            </TextLine>
            <TextLine id="r2l30" custom="readingOrder {index:29;}">
                <Coords points="319,1756 1194,1747 1583,1722 1582,1675 317,1704"/>
                <Baseline points="326,1733 388,1734 450,1736 513,1736 575,1734 638,1734 700,1733 762,1731 825,1730 887,1728 950,1726 1012,1724 1074,1721 1137,1718 1199,1716 1262,1713 1324,1711 1386,1707 1449,1706 1511,1703 1574,1700"/>
                <TextEquiv>
                    <Unicode> καὶ τὰς ιουδαίων προείρηκε συμφορὰς καὶ αὐτὸς ὑμνή</Unicode>
                </TextEquiv>
            </TextLine>
            <TextLine id="r2l31" custom="readingOrder {index:30;}">
                <Coords points="309,1791 973,1804 1555,1766 1554,1721 308,1753"/>
                <Baseline points="317,1784 378,1784 440,1784 501,1784 563,1784 624,1782 686,1782 747,1781 809,1779 870,1778 932,1776 993,1773 1055,1772 1116,1769 1178,1766 1239,1763 1301,1759 1362,1757 1424,1752 1485,1748 1547,1745"/>
                <TextEquiv>
                    <Unicode>σιν ἀεὶ τὸν δεσπότην ὑπέσχετο• κ πληροῖ δε τὰς ὑποσχέσεις </Unicode>
                </TextEquiv>
            </TextLine>
            <TextLine id="r2l32" custom="readingOrder {index:31;}">
                <Coords points="315,1841 1598,1807 1558,1757 314,1801"/>
                <Baseline points="323,1830 386,1832 449,1833 512,1833 576,1833 639,1833 702,1832 766,1831 829,1829 892,1827 956,1824 1019,1822 1082,1818 1145,1815 1209,1812 1272,1809 1335,1805 1399,1801 1462,1797 1525,1793 1589,1788"/>
                <TextEquiv>
                    <Unicode>διὰ τῶν εὐσεβῶν τὴν ὑμνωδίαν προσφέρων. </Unicode>
                </TextEquiv>
            </TextLine>
            <TextLine id="r2l33" custom="readingOrder {index:32;}">
                <Coords points="312,1888 1228,1882 1562,1848 1564,1808 311,1849"/>
                <Baseline points="320,1877 381,1878 443,1878 505,1880 567,1878 629,1878 690,1877 752,1877 814,1874 876,1872 938,1871 999,1868 1061,1865 1123,1863 1185,1860 1247,1857 1308,1854 1370,1850 1432,1847 1494,1843 1556,1839"/>
                <TextEquiv>
                    <Unicode>εἰς τὸ τέλος τοῖς ἀλλοιωθησομένοις εἰς στηλογραφίαν τω δαδ εἰς </Unicode>
                </TextEquiv>
            </TextLine>
            <TextLine id="r2l34" custom="readingOrder {index:33;}">
                <Coords points="310,1930 1563,1905 1562,1863 1465,1849 309,1887"/>
                <Baseline points="317,1919 378,1920 440,1922 502,1923 564,1923 626,1923 688,1922 749,1921 811,1920 873,1917 935,1916 997,1914 1059,1911 1121,1908 1182,1907 1244,1904 1306,1901 1368,1899 1430,1898 1492,1896 1554,1895"/>
                <TextEquiv>
                    <Unicode>διδαχήν οπότε ἐνεπύρισεν τὴν Μεσοποταμίαν συρίας κ συρί</Unicode>
                </TextEquiv>
            </TextLine>
            <TextLine id="r2l35" custom="readingOrder {index:34;}">
                <Coords points="325,1981 1351,1979 1543,1954 1542,1906 324,1937"/>
                <Baseline points="333,1968 393,1970 453,1970 513,1971 573,1971 633,1970 693,1970 753,1968 813,1968 873,1966 934,1965 994,1962 1054,1960 1114,1958 1174,1955 1234,1953 1294,1949 1354,1947 1414,1944 1474,1940 1535,1937"/>
                <TextEquiv>
                    <Unicode>αν σωβὰλ καὶ ἐπέστρεψεν καὶ ἐπάταξεν την φάραγγα </Unicode>
                </TextEquiv>
            </TextLine>
            <TextLine id="r2l38" custom="readingOrder {index:35;}">
                <Coords points="319,2037 469,2040 560,2014 867,2045 907,2018 971,2037 1052,2009 1052,1986 318,1986"/>
                <Baseline points="327,2022 362,2021 398,2021 434,2021 470,2021 506,2021 542,2021 577,2021 613,2021 649,2021 685,2021 721,2021 757,2019 793,2019 828,2019 864,2018 900,2016 936,2015 972,2013 1008,2012 1044,2009"/>
                <TextEquiv>
                    <Unicode>τῶν ἁλῶν δώδεκα χιλιάδας. </Unicode>
                </TextEquiv>
            </TextLine>
            <TextLine id="r2l39" custom="readingOrder {index:36;}">
                <Coords points="271,2114 346,2076 1555,2075 1607,2060 1606,1986 864,2051 269,2035"/>
                <Baseline points="278,2067 344,2070 410,2072 476,2073 542,2075 608,2075 674,2073 740,2073 806,2072 872,2070 938,2068 1004,2066 1070,2064 1136,2061 1202,2058 1268,2056 1334,2053 1400,2051 1466,2048 1532,2045 1598,2043"/>
                <TextEquiv>
                    <Unicode>Ταῦτα μὲν ἤδη καὶ γεγένηται καὶ ἐν τη δευτέρα τῶν Βασιλειῶν </Unicode>
                </TextEquiv>
            </TextLine>
            <TextLine id="r2l40" custom="readingOrder {index:37;}">
                <Coords points="318,2133 786,2155 1584,2114 1598,2069 317,2098"/>
                <Baseline points="326,2117 389,2120 452,2121 515,2124 578,2124 642,2124 705,2124 768,2123 831,2123 894,2120 958,2118 1021,2116 1084,2113 1147,2111 1210,2108 1274,2105 1337,2103 1400,2100 1463,2098 1526,2096 1590,2094"/>
                <TextEquiv>
                    <Unicode>ἀναγέγραπται Ἡ δὲ εἰς τὸ τέλος ἐπιγραφὴ διδάσκει νοεῖν, ὡς </Unicode>
                </TextEquiv>
            </TextLine>
            <TextLine id="r2l41" custom="readingOrder {index:38;}">
                <Coords points="328,2187 1383,2183 1566,2164 1565,2111 327,2151"/>
                <Baseline points="335,2171 396,2174 457,2174 518,2175 579,2175 640,2175 701,2175 762,2174 823,2172 884,2171 946,2169 1007,2166 1068,2165 1129,2162 1190,2160 1251,2157 1312,2155 1373,2153 1434,2150 1495,2148 1557,2145"/>
                <TextEquiv>
                    <Unicode>τη ιστορία καὶ προφητεία τις ἀνακέκραται• πρόσκειται </Unicode>
                </TextEquiv>
            </TextLine>
            <TextLine id="r2l42" custom="readingOrder {index:39;}">
                <Coords points="321,2237 1186,2236 1572,2204 1571,2164 319,2179"/>
                <Baseline points="329,2228 390,2228 452,2229 514,2229 575,2229 637,2228 699,2228 760,2226 822,2224 884,2222 946,2220 1007,2217 1069,2215 1131,2213 1192,2210 1254,2208 1316,2205 1377,2202 1439,2201 1501,2198 1563,2196"/>
                <TextEquiv>
                    <Unicode>δε τη ἐπιγραφη καὶ τοῖς ἀλλοιωθησομένοις η δὲ ἀλλοίω	</Unicode>
                </TextEquiv>
            </TextLine>
            <TextLine id="r2l43" custom="readingOrder {index:40;}">
                <Coords points="321,2289 1414,2285 1589,2261 1588,2208 320,2238"/>
                <Baseline points="329,2273 391,2274 454,2276 516,2277 579,2277 642,2277 704,2277 767,2277 829,2276 892,2274 955,2271 1017,2270 1080,2267 1142,2265 1205,2263 1268,2261 1330,2258 1393,2256 1455,2255 1518,2253 1581,2252"/>
                <TextEquiv>
                    <Unicode>σις μεταβολήν τινα αἰνίττεται κ μεταβολὴν οὐ γεγενημένων, </Unicode>
                </TextEquiv>
            </TextLine>
            <TextEquiv>
                <Unicode>καὶ ιουδαῖοι μὲν οἱ πάλαι υἱοὶ διὰ τὴν οἰκείαν πονηρίαν, τὴν τῶν &#13;
κυνῶν ἔλαχον τάξιν• τὰ δὲ ἔθνη τα πάλαι κυσὶν ἐοικότα, τῆς &#13;
τῶν υἱῶν ἠξιώθησαν τιμῆς αὐτοὶ διασκορπισθήσονται τοῦ &#13;
φαγεῖν ἐὰν δὲ μὴ χορτασθῶσιν καὶ γογγύσωσιν &#13;
τοῦτο ὁ σύμμαχος τω προτέρω ἀποδέδωκεν. ἔφη δὲ ουτως• &#13;
ανακαμπτέτωσαν ἑσπέρας θορυβείτωσαν ὡς κύνες περιερ&#13;
χόμενοι πόλιν ῥεμβόμενοι ἵνα μὴ ἀχόρταστοι αὐλισθῶσι &#13;
τούτου γὰρ φησιν χάριν οἱ κύνες περινοστοῦσι νύκτωρ τρο&#13;
φήν τινα ζητοῦντες, ἵνα μὴ ἀχόρταστοι αὐλισθῶσιν• κατα&#13;
δὲ τοὺς εβδομήκοντα οὕτω νοητέον• ὅτι κυνῶν δίκην καὶ ουτοι &#13;
κατὰ τὴν οἰκουμένην ἐσκεδασμένοι τὴν πνικὴν ἐπιζητη&#13;
σουσιν τροφήν• οὐχ ευρίσκοντες δὲ ταύτην διὰ τὸ μὴ πιστεύειν &#13;
τω ὑπὸ πάντων προκεκηρυγμένω τῶν προφητῶν, θορυζου&#13;
σιν καὶ γογγύζουσιν, τὴν ἀχάριστον καὶ ἐν τούτω γνώμην ἐπι&#13;
Ἐγὼ δὲ ασομαι τὴν δύναμίν σου κ ἀγαλλι&#13;
δεικνυντες&#13;
Ἐκεῖνοι μὲν οὖν ἐκεῖνα τολ&#13;
άσομαι τὸ πρωῒ τὸ ἔλεός σου&#13;
μῶντες, τοσαῦτα πείσονται• ἐγὼ δὲ τὸν σὸν ἔλεον ἀνυμνήσω&#13;
καὶ τοῦ νοεροῦ σου φωτὸς ἀνατείλαντος καὶ τη οἰκουμένη&#13;
δεδωκότος τὸν ὄρθρον τὸν ἀμέτρητόν σου οἶκτον ἐν ἁπάσαις &#13;
Ὅτι ἐγενήθης ἀντιλήπτωρ &#13;
ταῖς ἐκκλησίαις δοξάσω&#13;
μου καὶ καταφυγή μου ἐν ἡμέρα θλίψεώς μου Βοηθός μου &#13;
εἶ σοὶ ψαλῶ ὅτι ὁ θς ἀντιλήπτωρ μου εἶ ο θς μου τὸ ἔλεός μου&#13;
Ἀπέλαυσα γὰρ τῆς σῆς ἐπικουρίας ἀεί• κ διὰ τὴς σὴς προνοίας &#13;
τὰς προσπεσούσας διέφυγον συμφοράς οὗ δὴ χάριν σὲ μόνον &#13;
οἶδα θν καί σε πηγὴν ἐλέους καὶ φιλανίας καλῶ. ταῦτα&#13;
 ὁ μακάριος δαδ πόῤῥωθεν προφητικοῖς ἰδὼν ὀφθαλμ&#13;
 καὶ τὰς ιουδαίων προείρηκε συμφορὰς καὶ αὐτὸς ὑμνή&#13;
σιν ἀεὶ τὸν δεσπότην ὑπέσχετο• κ πληροῖ δε τὰς ὑποσχέσεις &#13;
διὰ τῶν εὐσεβῶν τὴν ὑμνωδίαν προσφέρων. &#13;
εἰς τὸ τέλος τοῖς ἀλλοιωθησομένοις εἰς στηλογραφίαν τω δαδ εἰς &#13;
διδαχήν οπότε ἐνεπύρισεν τὴν Μεσοποταμίαν συρίας κ συρί&#13;
αν σωβὰλ καὶ ἐπέστρεψεν καὶ ἐπάταξεν την φάραγγα &#13;
τῶν ἁλῶν δώδεκα χιλιάδας. &#13;
Ταῦτα μὲν ἤδη καὶ γεγένηται καὶ ἐν τη δευτέρα τῶν Βασιλειῶν &#13;
ἀναγέγραπται Ἡ δὲ εἰς τὸ τέλος ἐπιγραφὴ διδάσκει νοεῖν, ὡς &#13;
τη ιστορία καὶ προφητεία τις ἀνακέκραται• πρόσκειται &#13;
δε τη ἐπιγραφη καὶ τοῖς ἀλλοιωθησομένοις η δὲ ἀλλοίω	&#13;
σις μεταβολήν τινα αἰνίττεται κ μεταβολὴν οὐ γεγενημένων, </Unicode>
            </TextEquiv>
        </TextRegion>
        <TextRegion orientation="0.0" id="r3" custom="readingOrder {index:2;}">
            <Coords points="1802,298 1802,451 1871,451 1871,298"/>
            <TextEquiv>
                <Unicode></Unicode>
            </TextEquiv>
        </TextRegion>
    </Page>
</PcGts>
