<?xml version="1.0" encoding="UTF-8" standalone="yes"?>
<PcGts xmlns="http://schema.primaresearch.org/PAGE/gts/pagecontent/2013-07-15" xmlns:xsi="http://www.w3.org/2001/XMLSchema-instance" xsi:schemaLocation="http://schema.primaresearch.org/PAGE/gts/pagecontent/2013-07-15 http://schema.primaresearch.org/PAGE/gts/pagecontent/2013-07-15/pagecontent.xsd">
    <Metadata>
        <Creator>prov=University of Rostock/Institute of Mathematics/CITlab|PLANET AI GmbH/Gundram Leifert/gundram.leifert@planet-ai.de:name=HPGTR(htr_id=41125)::::v=2.6.7
prov=University of Rostock/Institute of Mathematics/CITlab|PLANET AI GmbH/Tobias Gruening/tobias.gruening@planet-ai.de:name=de.uros.citlab.module.baseline2polygon.B2PSeamMultiOriented:v=2.6.7
prov=University of Rostock/Institute of Mathematics/CITlab|PLANET AI GmbH/Tobias Gruening/tobias.gruening@planet-ai.de:name=/net_tf/LA73_249_0mod360.pb:de.uros.citlab.segmentation.CITlab_LA_ML:v=2.6.7
Transkribus</Creator>
        <Created>2021-09-19T17:37:25.071+03:00</Created>
        <LastChange>2023-06-07T10:34:25.869+02:00</LastChange>
        <TranskribusMetadata docId="1458633" pageId="56018972" pageNr="58" tsid="126320693" status="IN_PROGRESS" userId="99263" imgUrl="https://files.transkribus.eu/Get?id=VXCFUYHZUFVCUXWQEYJSVNXV&amp;fileType=view" xmlUrl="https://files.transkribus.eu/Get?id=DIRWCLTSCFJRIWIXNSMEXBYS" imageId="23265853"/>
    </Metadata>
    <Page imageFilename="0058_88 Bodleian-Library-MS-Barocci-132_00246_fol-116v.jpg" imageWidth="2174" imageHeight="2748">
        <ReadingOrder>
            <OrderedGroup id="ro_1686139449285" caption="Regions reading order">
                <RegionRefIndexed index="0" regionRef="r1"/>
                <RegionRefIndexed index="1" regionRef="r2"/>
            </OrderedGroup>
        </ReadingOrder>
        <TextRegion orientation="0.0" id="r1" custom="readingOrder {index:0;}">
            <Coords points="539,729 539,884 620,884 620,729"/>
            <TextEquiv>
                <Unicode></Unicode>
            </TextEquiv>
        </TextRegion>
        <TextRegion orientation="0.0" id="r2" custom="readingOrder {index:1;}">
            <Coords points="635,375 635,2378 1956,2378 1956,375"/>
            <TextLine id="r2l1" custom="readingOrder {index:0;}">
                <Coords points="705,401 1945,449 1914,402 1712,410 1501,349 1275,385 707,367"/>
                <Baseline points="713,398 774,398 835,398 896,399 957,400 1019,402 1080,404 1141,407 1202,410 1263,413 1325,415 1386,419 1447,422 1508,425 1569,428 1631,430 1692,434 1753,437 1814,439 1875,441 1937,443"/>
                <TextEquiv>
                    <Unicode>ἀλλ' ἐσομένων πραγμάτων οὐ γὰρ εἶπεν τοῖς ἀλλοιωθεῖσιν, ἀ</Unicode>
                </TextEquiv>
            </TextLine>
            <TextLine id="r2l2" custom="readingOrder {index:1;}">
                <Coords points="705,451 1954,498 1900,445 707,409"/>
                <Baseline points="713,446 774,446 836,446 898,446 959,447 1021,450 1083,452 1144,455 1206,459 1268,462 1330,467 1391,470 1453,473 1515,477 1576,480 1638,483 1700,486 1761,488 1823,489 1885,491 1947,491"/>
                <TextEquiv>
                    <Unicode>λλὰ τοῖς ἀλλοιωθησομένοις. καὶ ἡ στηλογραφία δὲ τῆς νίκης</Unicode>
                </TextEquiv>
            </TextLine>
            <TextLine id="r2l3" custom="readingOrder {index:2;}">
                <Coords points="701,503 1647,557 1923,554 1946,508 703,458"/>
                <Baseline points="710,495 771,494 832,495 894,497 955,498 1016,500 1078,503 1139,506 1200,509 1262,511 1323,516 1384,519 1446,522 1507,525 1568,528 1630,531 1691,534 1752,536 1814,539 1875,540 1937,540"/>
                <TextEquiv>
                    <Unicode> σημαντική• ἐν κεφαλαίω δὲ τῆς προφητείας τὴν ὑπόθε</Unicode>
                </TextEquiv>
            </TextLine>
            <TextLine id="r2l4" custom="readingOrder {index:3;}">
                <Coords points="699,549 1938,602 1885,552 700,515"/>
                <Baseline points="707,546 768,546 829,548 890,548 951,549 1013,552 1074,554 1135,557 1196,560 1257,563 1319,566 1380,569 1441,572 1502,575 1563,578 1625,581 1686,584 1747,586 1808,588 1869,590 1931,591"/>
                <TextEquiv>
                    <Unicode>σιν ἀναγκαῖον εἰπεῖν τὰς προειρημένας νίκας νενικηκὼς ὁ </Unicode>
                </TextEquiv>
            </TextLine>
            <TextLine id="r2l5" custom="readingOrder {index:4;}">
                <Coords points="709,613 1907,660 1939,602 712,568"/>
                <Baseline points="719,596 779,596 840,596 900,597 961,599 1021,602 1082,605 1142,608 1203,611 1263,614 1324,618 1384,621 1445,626 1505,629 1566,632 1626,635 1687,638 1747,640 1808,642 1868,642 1929,642"/>
                <TextEquiv>
                    <Unicode>μακάριος δαδ, προεῖδεν τοῖς τοῦ πνς ὀφθαλμοῖς τὴν ἐσομέ</Unicode>
                </TextEquiv>
            </TextLine>
            <TextLine id="r2l6" custom="readingOrder {index:5;}">
                <Coords points="696,662 1734,711 1924,702 1926,652 698,612"/>
                <Baseline points="704,648 764,647 825,647 885,648 946,649 1007,651 1067,653 1128,656 1189,659 1249,662 1310,665 1371,668 1431,671 1492,675 1553,678 1613,680 1674,683 1735,686 1795,687 1856,689 1917,689"/>
                <TextEquiv>
                    <Unicode>νην τοῦ λαοῦ παρανομίαν καὶ τὴν δια ταυτην συμβησομέ</Unicode>
                </TextEquiv>
            </TextLine>
            <TextLine id="r2l7" custom="readingOrder {index:6;}">
                <Coords points="693,705 1729,759 1937,747 1939,705 695,666"/>
                <Baseline points="701,698 762,696 823,696 885,696 946,698 1008,699 1069,701 1130,704 1192,707 1253,710 1315,714 1376,717 1437,720 1499,724 1560,727 1622,729 1683,732 1744,734 1806,735 1867,737 1929,737"/>
                <TextEquiv>
                    <Unicode>νην αἰχμαλωσίαν. προεῖδεν δὲ καὶ τὴν ἐκεῖθεν θεία χάριτι </Unicode>
                </TextEquiv>
            </TextLine>
            <TextLine id="r2l8" custom="readingOrder {index:7;}">
                <Coords points="708,754 1949,802 1951,762 1788,736 711,698"/>
                <Baseline points="717,743 778,743 839,743 900,744 961,746 1023,747 1084,750 1145,753 1206,756 1267,759 1329,761 1390,765 1451,768 1512,772 1573,774 1635,777 1696,780 1757,782 1818,784 1879,785 1941,786"/>
                <TextEquiv>
                    <Unicode>γενησομένην ἐπάνοδον καὶ ἀναγκαῖον ωήθη καὶ τὰ λυπηρὰ </Unicode>
                </TextEquiv>
            </TextLine>
            <TextLine id="r2l9" custom="readingOrder {index:8;}">
                <Coords points="712,811 1951,854 1953,802 1779,784 714,766"/>
                <Baseline points="720,794 781,795 842,795 903,797 964,798 1026,801 1087,803 1148,805 1209,807 1270,810 1332,813 1393,816 1454,818 1515,821 1576,824 1638,827 1699,829 1760,831 1821,833 1882,834 1944,836"/>
                <TextEquiv>
                    <Unicode>καὶ τὰ θυμήρη προγράψαι εἰς ὠφέλειαν τῶν ἐπ ἐκείνων πραγ</Unicode>
                </TextEquiv>
            </TextLine>
            <TextLine id="r2l10" custom="readingOrder {index:9;}">
                <Coords points="705,852 1289,868 1290,821 1171,838 872,806 844,821 772,802 706,813"/>
                <Baseline points="714,839 742,840 770,843 799,844 827,845 855,846 884,848 912,848 940,849 969,850 997,851 1025,852 1054,852 1082,854 1110,854 1139,855 1167,855 1195,857 1224,857 1252,858 1281,860"/>
                <TextEquiv>
                    <Unicode>μάτων ἐσομένων ἀνων</Unicode>
                </TextEquiv>
            </TextLine>
            <TextLine id="r2l11" custom="readingOrder {index:10;}">
                <Coords points="1287,866 1345,891 1401,867 1922,896 1923,857 1880,847 1683,857 1643,833 1552,852 1429,826 1398,844 1345,820 1288,834"/>
                <Baseline points="1295,867 1327,867 1360,867 1392,868 1425,869 1457,869 1490,870 1523,870 1555,872 1588,873 1620,873 1653,875 1685,876 1718,877 1751,879 1783,880 1816,882 1848,884 1881,885 1914,887"/>
                <TextEquiv>
                    <Unicode>Ὁ θς ἀπώσω ἡμᾶς καὶ καθεῖ</Unicode>
                </TextEquiv>
            </TextLine>
            <TextLine id="r2l12" custom="readingOrder {index:11;}">
                <Coords points="695,899 721,909 763,903 779,915 807,901 870,908 890,903 898,911 911,902 922,905 923,870 908,873 865,853 848,869 819,860 806,865 792,852 753,867 712,851 696,855"/>
                <Baseline points="704,894 730,896 756,896 782,897 809,897 835,897 861,897 887,897 914,899"/>
                <TextEquiv>
                    <Unicode>λες ἡμᾶς</Unicode>
                </TextEquiv>
            </TextLine>
            <TextLine id="r2l13" custom="readingOrder {index:12;}">
                <Coords points="1056,908 1949,941 1950,903 1837,881 1401,891 1058,858"/>
                <Baseline points="1065,902 1108,902 1152,903 1196,905 1240,906 1284,908 1327,909 1371,911 1415,914 1459,915 1503,917 1546,920 1590,921 1634,924 1678,925 1722,927 1765,929 1809,930 1853,930 1897,932 1941,932"/>
                <TextEquiv>
                    <Unicode>Ἐνταῦθα τὴν αἰχμαλωσίαν λέγει• εἶτα τοῦ </Unicode>
                </TextEquiv>
            </TextLine>
            <TextLine id="r2l14" custom="readingOrder {index:13;}">
                <Coords points="680,958 1874,999 1931,988 1933,946 681,909"/>
                <Baseline points="689,941 750,942 812,944 874,945 935,947 997,950 1059,952 1120,954 1182,956 1244,959 1306,962 1367,963 1429,966 1491,968 1552,969 1614,971 1676,972 1737,974 1799,975 1861,975 1923,977"/>
                <TextEquiv>
                    <Unicode>θῦ τὸ δίκαιον καὶ φιλάνον οργίσθης κ ωκτείρησας ἡμᾶς. </Unicode>
                </TextEquiv>
            </TextLine>
            <TextLine id="r2l15" custom="readingOrder {index:14;}">
                <Coords points="630,1007 1713,1051 1915,1046 1941,999 829,972 633,926"/>
                <Baseline points="638,990 702,992 767,993 832,995 896,996 961,999 1026,1001 1090,1004 1155,1007 1220,1010 1285,1012 1349,1016 1414,1018 1479,1021 1543,1023 1608,1025 1673,1027 1737,1028 1802,1029 1867,1029 1932,1028"/>
                <TextEquiv>
                    <Unicode>Διὰ μὲν γὰρ τὰς παρανομίας ὠργίσθης μετὰ δὲ τὴν τιμωρί</Unicode>
                </TextEquiv>
            </TextLine>
            <TextLine id="r2l16" custom="readingOrder {index:15;}">
                <Coords points="694,1058 1482,1107 1952,1084 1929,1038 696,1006"/>
                <Baseline points="702,1044 764,1047 826,1051 888,1053 950,1056 1012,1059 1074,1061 1136,1064 1198,1067 1260,1068 1323,1070 1385,1073 1447,1074 1509,1076 1571,1077 1633,1079 1695,1079 1757,1080 1819,1080 1881,1082 1944,1082"/>
                <TextEquiv>
                    <Unicode>αν ἠλέησας Συνέσεισας τὴν γῆν κ συνετάραξας αὐτήν. </Unicode>
                </TextEquiv>
            </TextLine>
            <TextLine id="r2l17" custom="readingOrder {index:16;}">
                <Coords points="639,1137 764,1101 1795,1150 1951,1135 1953,1095 641,1069"/>
                <Baseline points="648,1097 712,1098 777,1100 842,1102 907,1104 971,1106 1036,1109 1101,1112 1166,1113 1230,1116 1295,1118 1360,1121 1425,1122 1489,1125 1554,1127 1619,1128 1684,1128 1748,1130 1813,1130 1878,1131 1943,1131"/>
                <TextEquiv>
                    <Unicode>τὰς τῶν ασσυρίων καὶ βαβυλωνίων ἐφόδους διὰ τούτων ἐδή</Unicode>
                </TextEquiv>
            </TextLine>
            <TextLine id="r2l18" custom="readingOrder {index:17;}">
                <Coords points="675,1154 1946,1183 1941,1134 676,1110"/>
                <Baseline points="684,1145 746,1146 809,1149 872,1151 934,1153 997,1155 1060,1158 1122,1161 1185,1163 1248,1166 1311,1169 1373,1171 1436,1173 1499,1175 1561,1176 1624,1178 1687,1179 1749,1179 1812,1181 1875,1181 1938,1179"/>
                <TextEquiv>
                    <Unicode>λωσε• σεισμοῦ γὰρ δίκην ἄρδην ἠφάνισαν ἅπαντα. εἶτα τη </Unicode>
                </TextEquiv>
            </TextLine>
            <TextLine id="r2l19" custom="readingOrder {index:18;}">
                <Coords points="687,1215 1965,1235 1966,1199 1768,1179 689,1165"/>
                <Baseline points="696,1203 759,1204 822,1205 885,1206 948,1208 1011,1210 1074,1212 1137,1215 1200,1217 1263,1220 1326,1222 1389,1224 1452,1226 1515,1227 1578,1230 1641,1231 1704,1232 1767,1233 1830,1233 1893,1233 1956,1232"/>
                <TextEquiv>
                    <Unicode>φιλανίαν αἰτεῖ Ἴασαι τὰ συντρίμματα αὐτῆς ὅτι ἐσαλεύθη</Unicode>
                </TextEquiv>
            </TextLine>
            <TextLine id="r2l21" custom="readingOrder {index:19;}">
                <Coords points="680,1268 1165,1272 1242,1298 1283,1277 1332,1301 1378,1283 1379,1250 1210,1219 1118,1240 1080,1216 1013,1240 859,1228 840,1208 801,1229 681,1216"/>
                <Baseline points="689,1251 723,1254 757,1255 791,1257 825,1258 859,1259 893,1260 927,1262 961,1262 995,1263 1029,1264 1063,1265 1097,1265 1131,1266 1165,1266 1199,1268 1233,1268 1267,1269 1301,1271 1335,1272 1370,1274"/>
                <TextEquiv>
                    <Unicode>Πάλιν τὰ γεγενημένα διέξεισιν</Unicode>
                </TextEquiv>
            </TextLine>
            <TextLine id="r2l23" custom="readingOrder {index:20;}">
                <Coords points="1443,1298 1952,1298 1952,1264 1899,1242 1857,1258 1797,1238 1667,1259 1638,1241 1557,1253 1444,1233"/>
                <Baseline points="1451,1283 1476,1283 1502,1282 1528,1281 1554,1281 1580,1281 1606,1281 1632,1282 1658,1283 1684,1283 1710,1283 1736,1283 1762,1283 1788,1284 1814,1284 1840,1284 1866,1284 1892,1284 1918,1284 1944,1284"/>
                <TextEquiv>
                    <Unicode>Ἔδειξας τω λαω σου σκληρά</Unicode>
                </TextEquiv>
            </TextLine>
            <TextLine id="r2l24" custom="readingOrder {index:21;}">
                <Coords points="648,1330 1843,1351 1844,1307 1781,1295 650,1283"/>
                <Baseline points="657,1307 715,1307 774,1310 833,1311 892,1313 951,1315 1010,1317 1069,1319 1128,1320 1187,1323 1246,1325 1304,1326 1363,1328 1422,1329 1481,1331 1540,1332 1599,1334 1658,1334 1717,1335 1776,1335 1835,1335"/>
                <TextEquiv>
                    <Unicode>Ποῖα ταῦτα Ἐπότισας ἡμᾶς οἶνον κατανύξεως</Unicode>
                </TextEquiv>
            </TextLine>
            <TextLine id="r2l25" custom="readingOrder {index:22;}">
                <Coords points="626,1400 825,1361 1894,1403 1938,1393 1940,1325 1736,1359 628,1329"/>
                <Baseline points="635,1356 699,1358 764,1360 829,1362 894,1364 959,1365 1023,1368 1088,1370 1153,1371 1218,1374 1283,1376 1347,1377 1412,1379 1477,1380 1542,1380 1607,1382 1671,1382 1736,1382 1801,1382 1866,1382 1931,1380"/>
                <TextEquiv>
                    <Unicode>τω πλήθει φησὶν τῶν συμφορῶν, καθάπερ οἴνω τινὶ, κάρον </Unicode>
                </TextEquiv>
            </TextLine>
            <TextLine id="r2l26" custom="readingOrder {index:23;}">
                <Coords points="680,1418 1909,1457 1947,1392 681,1363"/>
                <Baseline points="689,1409 751,1410 813,1412 876,1415 938,1416 1001,1419 1063,1421 1126,1422 1188,1424 1251,1426 1313,1427 1375,1428 1438,1430 1500,1431 1563,1431 1625,1431 1688,1431 1750,1431 1813,1430 1875,1428 1938,1427"/>
                <TextEquiv>
                    <Unicode>ἡμῖν ἐνεποίησας καὶ ὀδύνης ἐνέπλησας τὰς ἡμετέρας ψυ</Unicode>
                </TextEquiv>
            </TextLine>
            <TextLine id="r2l27" custom="readingOrder {index:24;}">
                <Coords points="673,1474 1937,1507 1938,1445 1822,1436 674,1425"/>
                <Baseline points="681,1461 743,1463 805,1464 868,1466 930,1467 993,1470 1055,1472 1117,1473 1180,1475 1242,1478 1305,1479 1367,1481 1429,1482 1492,1484 1554,1484 1617,1485 1679,1485 1741,1485 1804,1485 1866,1484 1929,1482"/>
                <TextEquiv>
                    <Unicode>χάς. ουτω γὰρ καὶ ὁ ακύλας ἡρμήνευσεν• επότισας ἡμᾶς </Unicode>
                </TextEquiv>
            </TextLine>
            <TextLine id="r2l28" custom="readingOrder {index:25;}">
                <Coords points="670,1522 739,1534 848,1522 874,1536 906,1520 940,1532 991,1522 1023,1537 1044,1529 1065,1548 1127,1525 1127,1495 1098,1483 1029,1493 954,1471 899,1484 779,1472 750,1486 719,1464 670,1476"/>
                <Baseline points="678,1509 703,1512 729,1513 755,1514 781,1515 807,1515 833,1517 859,1517 885,1517 911,1517 937,1517 963,1517 989,1518 1015,1518 1041,1518 1067,1520 1093,1521 1119,1523"/>
                <TextEquiv>
                    <Unicode>οἶνον καρώσεως</Unicode>
                </TextEquiv>
            </TextLine>
            <TextLine id="r2l30" custom="readingOrder {index:26;}">
                <Coords points="1213,1548 1261,1528 1502,1555 1922,1545 1934,1488 1849,1511 1624,1492 1549,1511 1214,1485"/>
                <Baseline points="1221,1523 1256,1525 1291,1527 1326,1529 1362,1530 1397,1532 1432,1533 1467,1535 1503,1535 1538,1536 1573,1536 1608,1537 1644,1538 1679,1538 1714,1538 1749,1536 1785,1536 1820,1535 1855,1535 1890,1533 1926,1532"/>
                <TextEquiv>
                    <Unicode>εδωκας τοῖς φοβουμένοις σε σημεί</Unicode>
                </TextEquiv>
            </TextLine>
            <TextLine id="r2l31" custom="readingOrder {index:27;}">
                <Coords points="686,1579 805,1565 940,1595 1038,1567 1435,1608 1534,1588 1535,1544 687,1530"/>
                <Baseline points="695,1559 736,1560 778,1563 819,1565 861,1567 902,1568 944,1569 985,1571 1027,1572 1068,1572 1110,1574 1152,1574 1193,1575 1235,1575 1276,1577 1318,1577 1359,1578 1401,1580 1442,1581 1484,1583 1526,1584"/>
                <TextEquiv>
                    <Unicode>ωσιν τοῦ φυγεῖν ἀπὸ προσώπου τόξου</Unicode>
                </TextEquiv>
            </TextLine>
            <TextLine id="r2l33" custom="readingOrder {index:28;}">
                <Coords points="1647,1604 1665,1607 1686,1592 1713,1595 1728,1582 1747,1598 1773,1587 1794,1587 1806,1598 1833,1590 1849,1601 1869,1588 1877,1595 1913,1588 1912,1554 1890,1556 1878,1544 1838,1543 1820,1553 1797,1545 1755,1551 1728,1542 1647,1542"/>
                <Baseline points="1655,1583 1682,1581 1710,1581 1738,1581 1765,1581 1793,1581 1821,1581 1848,1581 1876,1581 1904,1580"/>
                <TextEquiv>
                    <Unicode>Τοῦτο σαφέστε</Unicode>
                </TextEquiv>
            </TextLine>
            <TextLine id="r2l34" custom="readingOrder {index:29;}">
                <Coords points="679,1618 1944,1630 1944,1596 1730,1583 680,1569"/>
                <Baseline points="687,1610 749,1613 811,1614 874,1616 936,1619 999,1620 1061,1622 1123,1623 1186,1625 1248,1626 1311,1626 1373,1628 1435,1628 1498,1629 1560,1629 1623,1629 1685,1629 1747,1629 1810,1629 1872,1628 1935,1628"/>
                <TextEquiv>
                    <Unicode>ρον ὁ μακάριος ιεζεκιὴλ ὁ προφήτης διδάσκει εωρακέναι </Unicode>
                </TextEquiv>
            </TextLine>
            <TextLine id="r2l35" custom="readingOrder {index:30;}">
                <Coords points="687,1681 1926,1688 1926,1644 1855,1630 688,1621"/>
                <Baseline points="695,1662 756,1662 817,1664 878,1665 939,1667 1000,1668 1061,1668 1122,1670 1183,1671 1244,1672 1306,1673 1367,1674 1428,1674 1489,1674 1550,1676 1611,1676 1672,1676 1733,1674 1794,1674 1855,1673 1917,1673"/>
                <TextEquiv>
                    <Unicode>γὰρ ἄγγελον ἔφη ὑπὸ τοῦ θῦ τῶν ὅλων προστεταγμένον ἅπα</Unicode>
                </TextEquiv>
            </TextLine>
            <TextLine id="r2l36" custom="readingOrder {index:31;}">
                <Coords points="678,1720 1821,1745 1915,1725 1916,1689 679,1674"/>
                <Baseline points="686,1706 747,1710 808,1713 869,1715 930,1718 991,1720 1052,1721 1113,1722 1174,1724 1235,1724 1296,1724 1357,1724 1418,1724 1479,1724 1540,1724 1601,1724 1662,1722 1723,1722 1784,1722 1845,1722 1907,1722"/>
                <TextEquiv>
                    <Unicode>σαν τὴν πόλιν περινοστῆσαι, καὶ ἐπιθεῖναι τοῖς μετώποις </Unicode>
                </TextEquiv>
            </TextLine>
            <TextLine id="r2l37" custom="readingOrder {index:32;}">
                <Coords points="675,1768 1917,1788 1899,1729 675,1721"/>
                <Baseline points="683,1751 744,1756 805,1760 866,1764 928,1767 989,1770 1050,1772 1111,1773 1173,1773 1234,1774 1295,1775 1356,1774 1418,1773 1479,1773 1540,1773 1601,1772 1663,1772 1724,1772 1785,1772 1846,1772 1908,1772"/>
                <TextEquiv>
                    <Unicode>σημεῖον τῶν καταστενόντων ἐπὶ ταῖς τοῦ λαοῦ παρανομί</Unicode>
                </TextEquiv>
            </TextLine>
            <TextLine id="r2l38" custom="readingOrder {index:33;}">
                <Coords points="684,1807 1285,1846 1921,1823 1900,1783 685,1765"/>
                <Baseline points="692,1802 753,1806 814,1809 875,1813 936,1815 997,1818 1058,1820 1119,1821 1180,1823 1241,1824 1302,1826 1363,1826 1424,1826 1485,1826 1546,1826 1607,1826 1668,1824 1729,1824 1790,1823 1851,1821 1913,1820"/>
                <TextEquiv>
                    <Unicode>αις. αλλ' ἐκεῖνα τύπος τῶν ἡμετέρων• τὸ γὰρ ἀληθὲς ση</Unicode>
                </TextEquiv>
            </TextLine>
            <TextLine id="r2l39" custom="readingOrder {index:34;}">
                <Coords points="694,1853 877,1887 1933,1881 1933,1839 1873,1827 695,1819"/>
                <Baseline points="702,1847 763,1851 824,1857 885,1861 946,1864 1007,1866 1068,1868 1130,1870 1191,1871 1252,1872 1313,1872 1374,1872 1435,1872 1496,1872 1558,1871 1619,1871 1680,1869 1741,1869 1802,1868 1863,1867 1925,1866"/>
                <TextEquiv>
                    <Unicode>μεῖον ἡμεῖς παρὰ τῆς θείας ἐλάβομεν χάριτος• ω κεχρη</Unicode>
                </TextEquiv>
            </TextLine>
            <TextLine id="r2l40" custom="readingOrder {index:35;}">
                <Coords points="630,1902 1257,1940 1933,1916 1933,1881 1854,1872 1267,1895 630,1854"/>
                <Baseline points="638,1895 702,1899 766,1902 831,1906 895,1910 959,1912 1024,1914 1088,1916 1152,1917 1217,1919 1281,1919 1345,1920 1410,1920 1474,1919 1538,1919 1603,1917 1667,1917 1731,1916 1796,1914 1860,1913 1925,1910"/>
                <TextEquiv>
                    <Unicode>μένοι, κρείττους τῶν τοῦ δυσμενοῦς γινόμεθα τοξευμάτ</Unicode>
                </TextEquiv>
            </TextLine>
            <TextLine id="r2l41" custom="readingOrder {index:36;}">
                <Coords points="632,1956 1244,1992 1910,1963 1889,1921 1068,1946 633,1909"/>
                <Baseline points="641,1946 704,1950 767,1954 830,1957 893,1960 956,1964 1019,1965 1082,1967 1145,1968 1208,1970 1271,1970 1334,1971 1397,1971 1460,1970 1523,1970 1586,1968 1649,1968 1712,1967 1775,1965 1838,1964 1902,1961"/>
                <TextEquiv>
                    <Unicode>Ὅπως ἂν ῥυσθῶσιν οἱ ἀγαπητοί σου Τούτω δὲ φησὶν τω</Unicode>
                </TextEquiv>
            </TextLine>
            <TextLine id="r2l42" custom="readingOrder {index:37;}">
                <Coords points="682,2006 1117,2042 1910,2026 1910,1985 1798,1969 683,1971"/>
                <Baseline points="690,1994 750,1999 811,2004 871,2007 932,2011 992,2015 1053,2016 1113,2019 1174,2020 1234,2021 1295,2021 1356,2022 1416,2021 1477,2021 1537,2019 1598,2019 1658,2018 1719,2016 1779,2015 1840,2012 1901,2010"/>
                <TextEquiv>
                    <Unicode>σημείω τοὺς ἀνακειμένους σοι διαφυλάττεις οἳ διὰ τὴν οἰ</Unicode>
                </TextEquiv>
            </TextLine>
            <TextLine id="r2l43" custom="readingOrder {index:38;}">
                <Coords points="685,2051 1518,2096 1750,2070 1767,2027 1065,2044 686,2012"/>
                <Baseline points="693,2040 746,2046 799,2051 852,2056 906,2060 959,2064 1012,2066 1065,2068 1119,2070 1172,2070 1225,2072 1278,2072 1332,2072 1385,2071 1438,2070 1491,2069 1545,2068 1598,2066 1651,2064 1704,2062 1758,2060"/>
                <TextEquiv>
                    <Unicode>κείαν ἀρετὴν τῆς φιλοστοργίας ἠξίωνται</Unicode>
                </TextEquiv>
            </TextLine>
            <TextLine id="r2l44" custom="readingOrder {index:39;}">
                <Coords points="633,2124 1923,2132 1924,2070 1200,2100 633,2053"/>
                <Baseline points="641,2096 704,2102 768,2106 832,2110 896,2113 959,2116 1023,2118 1087,2120 1151,2121 1214,2123 1278,2123 1342,2123 1406,2123 1469,2121 1533,2120 1597,2118 1661,2117 1724,2115 1788,2113 1852,2109 1916,2106"/>
                <TextEquiv>
                    <Unicode>σῶσον τη δεξια σου κ ἐπάκουσόν μου Μετάβαλε φησὶν </Unicode>
                </TextEquiv>
            </TextLine>
            <TextLine id="r2l45" custom="readingOrder {index:40;}">
                <Coords points="691,2180 1636,2203 1881,2187 1903,2130 692,2127"/>
                <Baseline points="699,2147 758,2153 818,2157 878,2162 938,2165 998,2169 1057,2171 1117,2174 1177,2175 1237,2175 1297,2177 1356,2177 1416,2177 1476,2175 1536,2175 1596,2174 1655,2172 1715,2171 1775,2168 1835,2166 1895,2163"/>
                <TextEquiv>
                    <Unicode>τὰς ἐπικειμένας τω λαω σου συμφοράς• κ οἷόν τινιδεξι</Unicode>
                </TextEquiv>
            </TextLine>
            <TextLine id="r2l46" custom="readingOrder {index:41;}">
                <Coords points="672,2222 1797,2252 1925,2228 1926,2174 1194,2204 673,2162"/>
                <Baseline points="681,2198 742,2202 804,2207 866,2212 928,2215 990,2219 1051,2222 1113,2224 1175,2226 1237,2228 1299,2228 1360,2229 1422,2229 1484,2228 1546,2228 1608,2226 1669,2225 1731,2223 1793,2220 1855,2217 1917,2213"/>
                <TextEquiv>
                    <Unicode>α τη ση κηδεμονία κειμένους ἀνάστησον οὕτω προσενεγ</Unicode>
                </TextEquiv>
            </TextLine>
            <TextLine id="r2l47" custom="readingOrder {index:42;}">
                <Coords points="672,2273 951,2267 1205,2319 1898,2291 1899,2229 1389,2258 673,2222"/>
                <Baseline points="681,2250 741,2256 801,2261 862,2265 922,2270 983,2273 1043,2276 1104,2278 1164,2280 1225,2282 1285,2283 1345,2283 1406,2283 1466,2283 1527,2282 1587,2282 1648,2280 1708,2279 1769,2277 1829,2274 1890,2273"/>
                <TextEquiv>
                    <Unicode>κὼν τὴν δέησιν δέχεται τὴν ἀπόκρισιν κ ταύτην οὐκ ἀνέχεται  </Unicode>
                </TextEquiv>
            </TextLine>
            <TextEquiv>
                <Unicode>ἀλλ' ἐσομένων πραγμάτων οὐ γὰρ εἶπεν τοῖς ἀλλοιωθεῖσιν, ἀ&#13;
λλὰ τοῖς ἀλλοιωθησομένοις. καὶ ἡ στηλογραφία δὲ τῆς νίκης&#13;
 σημαντική• ἐν κεφαλαίω δὲ τῆς προφητείας τὴν ὑπόθε&#13;
σιν ἀναγκαῖον εἰπεῖν τὰς προειρημένας νίκας νενικηκὼς ὁ &#13;
μακάριος δαδ, προεῖδεν τοῖς τοῦ πνς ὀφθαλμοῖς τὴν ἐσομέ&#13;
νην τοῦ λαοῦ παρανομίαν καὶ τὴν δια ταυτην συμβησομέ&#13;
νην αἰχμαλωσίαν. προεῖδεν δὲ καὶ τὴν ἐκεῖθεν θεία χάριτι &#13;
γενησομένην ἐπάνοδον καὶ ἀναγκαῖον ωήθη καὶ τὰ λυπηρὰ &#13;
καὶ τὰ θυμήρη προγράψαι εἰς ὠφέλειαν τῶν ἐπ ἐκείνων πραγ&#13;
μάτων ἐσομένων ἀνων&#13;
Ὁ θς ἀπώσω ἡμᾶς καὶ καθεῖ&#13;
λες ἡμᾶς&#13;
Ἐνταῦθα τὴν αἰχμαλωσίαν λέγει• εἶτα τοῦ &#13;
θῦ τὸ δίκαιον καὶ φιλάνον οργίσθης κ ωκτείρησας ἡμᾶς. &#13;
Διὰ μὲν γὰρ τὰς παρανομίας ὠργίσθης μετὰ δὲ τὴν τιμωρί&#13;
αν ἠλέησας Συνέσεισας τὴν γῆν κ συνετάραξας αὐτήν. &#13;
τὰς τῶν ασσυρίων καὶ βαβυλωνίων ἐφόδους διὰ τούτων ἐδή&#13;
λωσε• σεισμοῦ γὰρ δίκην ἄρδην ἠφάνισαν ἅπαντα. εἶτα τη &#13;
φιλανίαν αἰτεῖ Ἴασαι τὰ συντρίμματα αὐτῆς ὅτι ἐσαλεύθη&#13;
Πάλιν τὰ γεγενημένα διέξεισιν&#13;
Ἔδειξας τω λαω σου σκληρά&#13;
Ποῖα ταῦτα Ἐπότισας ἡμᾶς οἶνον κατανύξεως&#13;
τω πλήθει φησὶν τῶν συμφορῶν, καθάπερ οἴνω τινὶ, κάρον &#13;
ἡμῖν ἐνεποίησας καὶ ὀδύνης ἐνέπλησας τὰς ἡμετέρας ψυ&#13;
χάς. ουτω γὰρ καὶ ὁ ακύλας ἡρμήνευσεν• επότισας ἡμᾶς &#13;
οἶνον καρώσεως&#13;
εδωκας τοῖς φοβουμένοις σε σημεί&#13;
ωσιν τοῦ φυγεῖν ἀπὸ προσώπου τόξου&#13;
Τοῦτο σαφέστε&#13;
ρον ὁ μακάριος ιεζεκιὴλ ὁ προφήτης διδάσκει εωρακέναι &#13;
γὰρ ἄγγελον ἔφη ὑπὸ τοῦ θῦ τῶν ὅλων προστεταγμένον ἅπα&#13;
σαν τὴν πόλιν περινοστῆσαι, καὶ ἐπιθεῖναι τοῖς μετώποις &#13;
σημεῖον τῶν καταστενόντων ἐπὶ ταῖς τοῦ λαοῦ παρανομί&#13;
αις. αλλ' ἐκεῖνα τύπος τῶν ἡμετέρων• τὸ γὰρ ἀληθὲς ση&#13;
μεῖον ἡμεῖς παρὰ τῆς θείας ἐλάβομεν χάριτος• ω κεχρη&#13;
μένοι, κρείττους τῶν τοῦ δυσμενοῦς γινόμεθα τοξευμάτ&#13;
Ὅπως ἂν ῥυσθῶσιν οἱ ἀγαπητοί σου Τούτω δὲ φησὶν τω&#13;
σημείω τοὺς ἀνακειμένους σοι διαφυλάττεις οἳ διὰ τὴν οἰ&#13;
κείαν ἀρετὴν τῆς φιλοστοργίας ἠξίωνται&#13;
σῶσον τη δεξια σου κ ἐπάκουσόν μου Μετάβαλε φησὶν &#13;
τὰς ἐπικειμένας τω λαω σου συμφοράς• κ οἷόν τινιδεξι&#13;
α τη ση κηδεμονία κειμένους ἀνάστησον οὕτω προσενεγ&#13;
κὼν τὴν δέησιν δέχεται τὴν ἀπόκρισιν κ ταύτην οὐκ ἀνέχεται  </Unicode>
            </TextEquiv>
        </TextRegion>
    </Page>
</PcGts>
