<?xml version="1.0" encoding="UTF-8" standalone="yes"?>
<PcGts xmlns="http://schema.primaresearch.org/PAGE/gts/pagecontent/2013-07-15" xmlns:xsi="http://www.w3.org/2001/XMLSchema-instance" xsi:schemaLocation="http://schema.primaresearch.org/PAGE/gts/pagecontent/2013-07-15 http://schema.primaresearch.org/PAGE/gts/pagecontent/2013-07-15/pagecontent.xsd">
    <Metadata>
        <Creator>prov=University of Rostock/Institute of Mathematics/CITlab|PLANET AI GmbH/Gundram Leifert/gundram.leifert@planet-ai.de:name=HPGTR(htr_id=41125)::::v=2.6.7
prov=University of Rostock/Institute of Mathematics/CITlab|PLANET AI GmbH/Tobias Gruening/tobias.gruening@planet-ai.de:name=de.uros.citlab.module.baseline2polygon.B2PSeamMultiOriented:v=2.6.7
prov=University of Rostock/Institute of Mathematics/CITlab|PLANET AI GmbH/Tobias Gruening/tobias.gruening@planet-ai.de:name=/net_tf/LA73_249_0mod360.pb:de.uros.citlab.segmentation.CITlab_LA_ML:v=2.6.7
Transkribus</Creator>
        <Created>2021-09-19T17:37:25.216+03:00</Created>
        <LastChange>2023-06-07T10:54:16.640+02:00</LastChange>
        <TranskribusMetadata docId="1458633" pageId="56018973" pageNr="59" tsid="126325211" status="IN_PROGRESS" userId="99263" imgUrl="https://files.transkribus.eu/Get?id=OJAYTISWCYMECFCHVCKSMNBG&amp;fileType=view" xmlUrl="https://files.transkribus.eu/Get?id=SFVDMIRHSPGRBEALMYWQORKU" imageId="23265854"/>
    </Metadata>
    <Page imageFilename="0059_89 Bodleian-Library-MS-Barocci-132_00247_fol-117r.jpg" imageWidth="2264" imageHeight="2748">
        <ReadingOrder>
            <OrderedGroup id="ro_1686139449420" caption="Regions reading order">
                <RegionRefIndexed index="0" regionRef="r1"/>
                <RegionRefIndexed index="1" regionRef="r2"/>
            </OrderedGroup>
        </ReadingOrder>
        <TextRegion orientation="0.0" id="r1" custom="readingOrder {index:0;}">
            <Coords points="258,439 258,2270 1649,2270 1649,439"/>
            <TextLine id="r1l1" custom="readingOrder {index:0;}">
                <Coords points="299,495 1658,472 1621,388 299,449"/>
                <Baseline points="308,482 375,480 442,479 509,479 576,477 643,476 710,476 777,474 844,473 911,473 978,471 1045,470 1112,470 1179,468 1246,467 1313,467 1380,465 1447,464 1514,464 1581,462 1649,461"/>
                <TextEquiv>
                    <Unicode>κρύψαι ἀλλὰ πάντας διδάσκει Ὁ θς ἐλάλησεν ἐν τω ἁγίω αὑτοῦ </Unicode>
                </TextEquiv>
            </TextLine>
            <TextLine id="r1l2" custom="readingOrder {index:1;}">
                <Coords points="262,572 350,532 1572,536 1591,477 260,495"/>
                <Baseline points="269,536 334,533 400,531 466,530 531,528 597,527 663,525 728,525 794,524 860,524 926,522 991,522 1057,521 1123,521 1188,519 1254,518 1320,516 1385,515 1451,512 1517,509 1583,506"/>
                <TextEquiv>
                    <Unicode>τουτέστιν διὰ τῆς τοῦ παναγίου πνς χάριτος ὀργάνω τη τοῦ προ</Unicode>
                </TextEquiv>
            </TextLine>
            <TextLine id="r1l3" custom="readingOrder {index:2;}">
                <Coords points="310,602 1526,582 1579,536 309,545"/>
                <Baseline points="317,581 379,579 442,578 505,576 567,575 630,573 693,573 755,572 818,572 881,570 944,570 1006,569 1069,569 1132,567 1194,567 1257,566 1320,564 1382,563 1445,561 1508,560 1571,558"/>
                <TextEquiv>
                    <Unicode>φήτου χρησαμένης γλώττη τι δε ελαλησεν αγαλλιάσο</Unicode>
                </TextEquiv>
            </TextLine>
            <TextLine id="r1l4" custom="readingOrder {index:3;}">
                <Coords points="297,641 1535,626 1655,611 1655,577 296,594"/>
                <Baseline points="305,624 372,624 439,624 506,624 573,623 640,623 707,621 774,621 841,620 908,618 975,618 1042,617 1109,615 1176,614 1243,612 1310,612 1377,611 1444,609 1511,608 1578,606 1646,605"/>
                <TextEquiv>
                    <Unicode>μαι κ διαμεριῶ σίκιμα κ τὴν κοιλάδα τῶν σκηνῶν διαμετρήσω </Unicode>
                </TextEquiv>
            </TextLine>
            <TextLine id="r1l5" custom="readingOrder {index:4;}">
                <Coords points="290,688 1537,677 1600,665 1600,615 290,638"/>
                <Baseline points="299,671 363,671 428,671 492,671 557,671 622,669 686,669 751,669 816,669 880,668 945,668 1010,668 1074,666 1139,666 1204,665 1268,663 1333,663 1398,662 1462,660 1527,659 1592,657"/>
                <TextEquiv>
                    <Unicode>σίκιμα ἡ τοῦ τω ιωσὴφ ὑπὸ τοῦ ιακὼβ καταλειφθεῖσα πόλις. εν</Unicode>
                </TextEquiv>
            </TextLine>
            <TextLine id="r1l6" custom="readingOrder {index:5;}">
                <Coords points="262,739 1615,710 1604,657 261,675"/>
                <Baseline points="270,716 336,717 403,717 470,719 537,719 604,720 671,720 737,720 804,720 871,720 938,719 1005,717 1072,717 1139,716 1205,714 1272,712 1339,710 1406,708 1473,706 1540,704 1607,701"/>
                <TextEquiv>
                    <Unicode>ταύτη δὲ ὁ εφραιμ μετὰ τὴν διαίρεσιν τῶν φυλῶν ἐπήξατο βα</Unicode>
                </TextEquiv>
            </TextLine>
            <TextLine id="r1l7" custom="readingOrder {index:6;}">
                <Coords points="297,783 1501,776 1597,770 1596,711 296,739"/>
                <Baseline points="305,765 369,765 433,767 497,767 561,767 626,767 690,767 754,767 818,767 882,767 947,767 1011,767 1075,765 1139,765 1203,764 1268,762 1332,761 1396,759 1460,758 1524,755 1589,753"/>
                <TextEquiv>
                    <Unicode>σιλείαν• κοιλάδα δὲ σκηνῶν τὴν τῶν ισραηλιτῶν λέγει χώραν</Unicode>
                </TextEquiv>
            </TextLine>
            <TextLine id="r1l8" custom="readingOrder {index:7;}">
                <Coords points="302,826 1594,814 1563,764 302,778"/>
                <Baseline points="311,812 374,813 438,813 502,815 566,815 629,815 693,815 757,815 821,815 884,813 948,813 1012,813 1076,812 1139,811 1203,810 1267,809 1331,808 1394,807 1458,805 1522,804 1586,803"/>
                <TextEquiv>
                    <Unicode>ὡς ἔρημον γεγενημένην καὶ ποιμενικὰς τηνικαῦτα σκη</Unicode>
                </TextEquiv>
            </TextLine>
            <TextLine id="r1l9" custom="readingOrder {index:8;}">
                <Coords points="305,881 1564,866 1607,862 1607,813 305,827"/>
                <Baseline points="314,860 378,861 442,861 506,861 570,863 635,863 699,863 763,863 827,861 891,861 956,861 1020,860 1084,860 1148,858 1212,857 1277,857 1341,855 1405,854 1469,851 1533,849 1598,848"/>
                <TextEquiv>
                    <Unicode>νὰς δεξαμένην. υπισχνεῖται τοίνυν ὁ τῶν ὅλων θς ἐπανά</Unicode>
                </TextEquiv>
            </TextLine>
            <TextLine id="r1l10" custom="readingOrder {index:9;}">
                <Coords points="294,925 1586,916 1609,862 294,880"/>
                <Baseline points="302,909 370,909 438,909 507,909 575,909 643,909 712,909 780,908 848,908 917,906 985,906 1054,905 1122,904 1190,903 1259,902 1327,902 1395,900 1464,899 1532,899 1601,897"/>
                <TextEquiv>
                    <Unicode>γειν τοὺς γεγενημένους δορυαλώτους καὶ τὴν πατρωαν αὐτοῖς </Unicode>
                </TextEquiv>
            </TextLine>
            <TextLine id="r1l11" custom="readingOrder {index:10;}">
                <Coords points="284,972 1618,970 1617,905 284,921"/>
                <Baseline points="293,960 358,960 424,960 490,960 556,960 622,959 688,959 753,957 819,957 885,956 951,956 1017,954 1083,954 1149,953 1214,953 1280,951 1346,950 1412,950 1478,948 1544,947 1610,947"/>
                <TextEquiv>
                    <Unicode>διανέμειν γῆν• καὶ ουτως αὐτὴν οἰκητόρων πληρώσειν ὡς </Unicode>
                </TextEquiv>
            </TextLine>
            <TextLine id="r1l12" custom="readingOrder {index:11;}">
                <Coords points="300,1011 1552,1014 1580,957 300,972"/>
                <Baseline points="309,1008 372,1007 435,1007 498,1007 561,1006 624,1005 687,1005 751,1004 814,1004 877,1002 940,1002 1003,1001 1066,1001 1129,1001 1193,999 1256,999 1319,999 1382,999 1445,999 1508,999 1572,999"/>
                <TextEquiv>
                    <Unicode>καὶ περὶ μέτρων τοὺς ἐνοικοῦντας φιλονεικεῖν• καὶ τούτω </Unicode>
                </TextEquiv>
            </TextLine>
            <TextLine id="r1l13" custom="readingOrder {index:12;}">
                <Coords points="288,1064 1382,1068 1427,1052 1427,1009 288,1029"/>
                <Baseline points="297,1058 353,1058 409,1056 465,1056 521,1056 577,1055 633,1055 689,1053 745,1053 801,1053 857,1052 913,1052 969,1050 1025,1050 1081,1050 1137,1049 1193,1049 1249,1049 1305,1049 1361,1049 1418,1049"/>
                <TextEquiv>
                    <Unicode>κεχρημένους τὴν τῆς γῆς ποιεῖσθαι διανομήν</Unicode>
                </TextEquiv>
            </TextLine>
            <TextLine id="r1l14" custom="readingOrder {index:13;}">
                <Coords points="261,1109 1618,1113 1594,1039 674,1081 261,1039"/>
                <Baseline points="269,1104 336,1104 403,1106 470,1106 537,1106 604,1106 671,1106 738,1104 805,1104 872,1104 939,1103 1006,1103 1073,1101 1140,1101 1207,1101 1274,1101 1341,1101 1408,1101 1475,1101 1542,1103 1610,1104"/>
                <TextEquiv>
                    <Unicode>εμός ἐστιν γαλαὰδ καὶ ἐμός ἐστιν μανασσὴς καὶ εφραιμ κρα</Unicode>
                </TextEquiv>
            </TextLine>
            <TextLine id="r1l15" custom="readingOrder {index:14;}">
                <Coords points="1010,1160 1600,1152 1585,1110 1438,1126 1317,1103 1010,1107"/>
                <Baseline points="1019,1149 1047,1148 1076,1148 1104,1148 1133,1146 1162,1146 1190,1146 1219,1146 1248,1146 1276,1146 1305,1146 1334,1146 1362,1147 1391,1148 1420,1148 1448,1148 1477,1148 1506,1148 1534,1149 1563,1149 1592,1149"/>
                <TextEquiv>
                    <Unicode>Γαλαὰδ οὐ φυλῆς ὄνομα</Unicode>
                </TextEquiv>
            </TextLine>
            <TextLine id="r1l16" custom="readingOrder {index:15;}">
                <Coords points="249,1157 595,1163 617,1180 650,1159 887,1165 887,1117 865,1112 249,1117"/>
                <Baseline points="258,1149 289,1151 320,1152 351,1154 382,1155 413,1155 444,1157 475,1157 506,1157 537,1157 568,1157 599,1157 630,1157 661,1155 692,1155 723,1154 754,1154 785,1152 816,1151 847,1151 879,1149"/>
                <TextEquiv>
                    <Unicode>ταίωσις τῆς κεφαλῆς μου</Unicode>
                </TextEquiv>
            </TextLine>
            <TextLine id="r1l17" custom="readingOrder {index:16;}">
                <Coords points="294,1211 1334,1189 1563,1220 1540,1155 294,1164"/>
                <Baseline points="302,1203 364,1203 427,1205 489,1205 552,1204 615,1203 677,1202 740,1202 802,1200 865,1199 928,1197 990,1196 1053,1194 1115,1193 1178,1193 1241,1193 1303,1193 1366,1193 1428,1193 1491,1194 1554,1197"/>
                <TextEquiv>
                    <Unicode> ἀλλὰ τόπου• ὁ μανασσὴς δὲ φυλῆς ἐπώνυμος τὴν δὲ γα</Unicode>
                </TextEquiv>
            </TextLine>
            <TextLine id="r1l18" custom="readingOrder {index:17;}">
                <Coords points="300,1276 1538,1260 1576,1258 1576,1209 299,1224"/>
                <Baseline points="308,1257 371,1257 434,1257 497,1257 560,1256 623,1254 686,1253 749,1251 812,1250 875,1248 938,1246 1001,1245 1064,1244 1127,1242 1190,1242 1253,1242 1316,1242 1379,1243 1442,1245 1505,1247 1568,1251"/>
                <TextEquiv>
                    <Unicode>λλααδίτιν ἄνωθεν ἐκληρώσατο γῆν. οἰκίαν τοίνυν λέγει </Unicode>
                </TextEquiv>
            </TextLine>
            <TextLine id="r1l19" custom="readingOrder {index:18;}">
                <Coords points="292,1318 1523,1314 1563,1260 291,1281"/>
                <Baseline points="300,1311 362,1310 425,1310 488,1308 550,1308 613,1307 676,1305 738,1304 801,1302 864,1301 927,1299 989,1298 1052,1297 1115,1296 1177,1295 1240,1295 1303,1295 1365,1295 1428,1295 1491,1295 1554,1296"/>
                <TextEquiv>
                    <Unicode>καὶ τὴν φυλὴν καὶ τὴν τούτου γῆν,καὶ τὴν ἐπάνοδον προ</Unicode>
                </TextEquiv>
            </TextLine>
            <TextLine id="r1l20" custom="readingOrder {index:19;}">
                <Coords points="291,1372 1631,1364 1630,1322 1460,1297 290,1329"/>
                <Baseline points="299,1361 365,1361 431,1361 497,1359 563,1358 629,1356 695,1355 762,1353 828,1352 894,1349 960,1347 1026,1346 1092,1344 1158,1343 1225,1343 1291,1341 1357,1341 1423,1341 1489,1343 1555,1344 1622,1346"/>
                <TextEquiv>
                    <Unicode>μηνύων καὶ τῶν χωρίων ἐκείνων τὴν οἴκησιν• καὶ τω εφραιμ </Unicode>
                </TextEquiv>
            </TextLine>
            <TextLine id="r1l21" custom="readingOrder {index:20;}">
                <Coords points="289,1418 1580,1396 1579,1355 1316,1341 288,1376"/>
                <Baseline points="296,1406 359,1406 423,1406 487,1406 551,1406 615,1404 678,1403 742,1401 806,1398 870,1397 934,1395 997,1392 1061,1391 1125,1389 1189,1389 1253,1388 1316,1388 1380,1388 1444,1389 1508,1391 1572,1394"/>
                <TextEquiv>
                    <Unicode>δὲ ὑπισχνεῖται τὴν προτέραν ἀποδώσειν ἰσχύν αντὶ δὲ τῆς </Unicode>
                </TextEquiv>
            </TextLine>
            <TextLine id="r1l22" custom="readingOrder {index:21;}">
                <Coords points="297,1467 1575,1439 1574,1394 296,1420"/>
                <Baseline points="305,1454 368,1454 431,1454 494,1454 557,1452 620,1451 683,1448 746,1446 809,1445 872,1442 935,1440 998,1439 1061,1436 1124,1434 1187,1434 1250,1433 1313,1432 1376,1433 1439,1433 1502,1434 1566,1436"/>
                <TextEquiv>
                    <Unicode>κεφαλῆς μου ὁ σύμμαχος ἀρχῆς μου τέθεικε• ἀντὶ τοῦ</Unicode>
                </TextEquiv>
            </TextLine>
            <TextLine id="r1l23" custom="readingOrder {index:22;}">
                <Coords points="1330,1482 1368,1498 1402,1484 1456,1494 1483,1489 1497,1498 1525,1485 1545,1489 1556,1502 1580,1490 1581,1443 1566,1440 1415,1449 1370,1437 1331,1446"/>
                <Baseline points="1338,1478 1364,1479 1390,1479 1416,1480 1442,1481 1468,1481 1494,1482 1520,1484 1546,1484 1572,1484"/>
                <TextEquiv>
                    <Unicode>Ἰούδας βασι</Unicode>
                </TextEquiv>
            </TextLine>
            <TextLine id="r1l24" custom="readingOrder {index:23;}">
                <Coords points="291,1523 1156,1503 1221,1486 1220,1447 289,1473"/>
                <Baseline points="299,1506 344,1506 390,1505 435,1505 481,1503 527,1502 572,1501 618,1499 664,1498 709,1496 755,1494 801,1493 846,1491 892,1490 938,1488 983,1486 1029,1485 1075,1484 1120,1482 1166,1482 1212,1482"/>
                <TextEquiv>
                    <Unicode>πρόμαχον αὐτὸν ὡς πάλαι καταστήσω</Unicode>
                </TextEquiv>
            </TextLine>
            <TextLine id="r1l25" custom="readingOrder {index:24;}">
                <Coords points="633,1570 1589,1536 1588,1487 1529,1485 632,1510"/>
                <Baseline points="642,1542 691,1542 740,1541 790,1540 839,1539 889,1538 938,1538 987,1536 1037,1535 1086,1535 1136,1533 1185,1532 1235,1532 1284,1530 1333,1530 1383,1529 1432,1529 1482,1529 1531,1529 1581,1529"/>
                <TextEquiv>
                    <Unicode>Ἐπειδὴ γὰρ μετὰ τὴν ἐπάνοδον ἀδιαίρετοι με</Unicode>
                </TextEquiv>
            </TextLine>
            <TextLine id="r1l26" custom="readingOrder {index:25;}">
                <Coords points="289,1568 345,1570 378,1555 423,1561 440,1553 486,1572 539,1552 538,1528 521,1529 504,1514 471,1525 436,1527 427,1518 412,1526 368,1507 333,1528 288,1523"/>
                <Baseline points="297,1559 323,1555 349,1553 375,1553 401,1553 427,1553 453,1553 479,1551 505,1549 531,1547"/>
                <TextEquiv>
                    <Unicode>λεύς μου</Unicode>
                </TextEquiv>
            </TextLine>
            <TextLine id="r1l27" custom="readingOrder {index:26;}">
                <Coords points="292,1611 1598,1584 1579,1536 1408,1531 291,1571"/>
                <Baseline points="300,1602 364,1601 429,1599 493,1598 558,1596 622,1594 687,1592 751,1590 816,1589 880,1587 945,1586 1009,1584 1074,1584 1138,1583 1203,1581 1267,1580 1332,1578 1396,1578 1461,1577 1525,1575 1590,1575"/>
                <TextEquiv>
                    <Unicode>μενήκασιν αἱ φυλαί• μόνον δὲ τὸν ἐξ ιούδα ζοροβάβελ εἶχον</Unicode>
                </TextEquiv>
            </TextLine>
            <TextLine id="r1l28" custom="readingOrder {index:27;}">
                <Coords points="294,1666 1520,1648 1574,1637 1573,1581 293,1611"/>
                <Baseline points="303,1649 366,1647 429,1646 492,1646 555,1644 618,1643 681,1641 744,1640 807,1638 870,1637 934,1635 997,1634 1060,1634 1123,1632 1186,1631 1249,1631 1312,1629 1375,1629 1438,1629 1501,1629 1565,1629"/>
                <TextEquiv>
                    <Unicode> ἡγεμόνα καὶ βασιλέα• εἰκότως τὸν μὲν εφραῒμ κραταί</Unicode>
                </TextEquiv>
            </TextLine>
            <TextLine id="r1l29" custom="readingOrder {index:28;}">
                <Coords points="286,1714 1592,1673 1591,1629 285,1658"/>
                <Baseline points="294,1694 358,1694 423,1692 487,1691 552,1689 616,1688 681,1687 745,1686 810,1685 874,1683 939,1682 1003,1680 1068,1679 1132,1677 1197,1676 1261,1674 1326,1673 1390,1671 1455,1671 1519,1670 1584,1668"/>
                <TextEquiv>
                    <Unicode>ωσιν κεφαλῆς την ἀρχην προηγόρευσεν τὸν δὲ ιούδαν βα</Unicode>
                </TextEquiv>
            </TextLine>
            <TextLine id="r1l30" custom="readingOrder {index:29;}">
                <Coords points="292,1747 1289,1738 1588,1720 1588,1685 291,1708"/>
                <Baseline points="300,1737 364,1736 428,1734 492,1733 556,1733 620,1731 684,1730 748,1728 812,1726 876,1724 940,1723 1004,1721 1068,1719 1132,1718 1196,1716 1260,1715 1324,1715 1388,1713 1452,1712 1516,1712 1580,1712"/>
                <TextEquiv>
                    <Unicode>σιλέα τὸ δὲ βασιλεύς μου ἀντὶ τοῦ ὑπ' ἐμοῦ χειροτονούμενος </Unicode>
                </TextEquiv>
            </TextLine>
            <TextLine id="r1l31" custom="readingOrder {index:30;}">
                <Coords points="292,1787 1578,1755 1577,1721 1456,1714 291,1747"/>
                <Baseline points="300,1779 363,1779 426,1779 490,1779 553,1778 617,1778 680,1776 744,1775 807,1773 871,1772 934,1770 997,1769 1061,1767 1124,1764 1188,1763 1251,1761 1315,1760 1378,1758 1442,1757 1505,1755 1569,1755"/>
                <TextEquiv>
                    <Unicode>βασιλεὺς καὶ τοῦ ἐμοῦ βασιλεύων λαοῦ ουτω καὶ παρὰ τῷ </Unicode>
                </TextEquiv>
            </TextLine>
            <TextLine id="r1l32" custom="readingOrder {index:31;}">
                <Coords points="294,1840 1563,1823 1582,1766 292,1788"/>
                <Baseline points="302,1826 365,1826 429,1826 492,1826 556,1826 620,1824 683,1823 747,1822 811,1820 874,1818 938,1817 1002,1815 1065,1813 1129,1811 1193,1810 1256,1808 1320,1808 1384,1806 1447,1805 1511,1805 1575,1805"/>
                <TextEquiv>
                    <Unicode>ησαΐα τάδε λέγει κς τω χω μου κω τουτέστιν τω ὑπ' εμοῦ κε</Unicode>
                </TextEquiv>
            </TextLine>
            <TextLine id="r1l33" custom="readingOrder {index:32;}">
                <Coords points="288,1879 1561,1865 1545,1806 288,1842"/>
                <Baseline points="296,1869 358,1869 421,1869 484,1869 547,1869 610,1868 673,1866 735,1866 798,1865 861,1863 924,1862 987,1860 1050,1859 1113,1857 1175,1856 1238,1854 1301,1854 1364,1853 1427,1853 1490,1853 1553,1853"/>
                <TextEquiv>
                    <Unicode>χρισμένω καὶ κεχειροτονημένω μωὰβ λέβης τῆς ἐλ</Unicode>
                </TextEquiv>
            </TextLine>
            <TextLine id="r1l34" custom="readingOrder {index:33;}">
                <Coords points="704,1912 1573,1906 1572,1863 1544,1861 703,1874"/>
                <Baseline points="713,1910 755,1908 798,1906 840,1904 883,1902 926,1901 968,1899 1011,1898 1053,1898 1096,1896 1139,1896 1181,1895 1224,1895 1266,1895 1309,1895 1352,1895 1394,1895 1437,1896 1479,1896 1522,1896 1565,1896"/>
                <TextEquiv>
                    <Unicode>Τοῦτο ὁ ακύλας ουτως ἡρμήνευσεν μω</Unicode>
                </TextEquiv>
            </TextLine>
            <TextLine id="r1l35" custom="readingOrder {index:34;}">
                <Coords points="291,1923 423,1915 483,1927 497,1921 515,1931 528,1918 561,1919 560,1877 541,1873 488,1884 457,1875 421,1890 409,1878 380,1876 322,1895 290,1881"/>
                <Baseline points="300,1917 325,1916 350,1916 375,1915 400,1914 426,1913 451,1911 476,1911 501,1910 526,1910 552,1911"/>
                <TextEquiv>
                    <Unicode>πίδος μου</Unicode>
                </TextEquiv>
            </TextLine>
            <TextLine id="r1l37" custom="readingOrder {index:35;}">
                <Coords points="298,1973 1593,1956 1574,1901 297,1921"/>
                <Baseline points="306,1961 369,1959 433,1958 497,1956 561,1954 625,1952 689,1950 753,1949 817,1947 881,1946 945,1944 1008,1943 1072,1943 1136,1941 1200,1941 1264,1940 1328,1940 1392,1940 1456,1941 1520,1941 1584,1943"/>
                <TextEquiv>
                    <Unicode>ὰβ λέβης τοῦ λουτροῦ μου ο δὲ σύρος κάδος τῆς πλύσεώς </Unicode>
                </TextEquiv>
            </TextLine>
            <TextLine id="r1l38" custom="readingOrder {index:36;}">
                <Coords points="291,2021 1554,2001 1573,1945 290,1974"/>
                <Baseline points="299,2007 362,2006 425,2004 489,2003 552,2000 615,1998 679,1997 742,1995 805,1994 869,1992 932,1991 995,1991 1059,1989 1122,1989 1185,1988 1249,1988 1312,1988 1375,1988 1439,1988 1502,1989 1566,1991"/>
                <TextEquiv>
                    <Unicode>μου επειδὴ γὰρ ἐν τοῖς τοιούτοις σκεύεσιν καὶ τοὺς πόδας ἀ</Unicode>
                </TextEquiv>
            </TextLine>
            <TextLine id="r1l39" custom="readingOrder {index:37;}">
                <Coords points="289,2060 1569,2044 1568,1999 1512,1989 288,2018"/>
                <Baseline points="297,2054 360,2054 423,2054 486,2052 549,2051 612,2049 675,2047 739,2045 802,2043 865,2041 928,2039 991,2037 1054,2036 1117,2035 1181,2034 1244,2034 1307,2034 1370,2034 1433,2036 1496,2038 1560,2040"/>
                <TextEquiv>
                    <Unicode>πονίπτειν καὶ τοῖς ποσὶν ἀποῤῥύπτειν την ἐῤῥυπωμένην </Unicode>
                </TextEquiv>
            </TextLine>
            <TextLine id="r1l40" custom="readingOrder {index:38;}">
                <Coords points="289,2119 1536,2102 1574,2056 289,2061"/>
                <Baseline points="297,2100 360,2100 423,2100 487,2099 550,2097 614,2096 677,2096 740,2094 804,2093 867,2091 931,2090 994,2088 1057,2087 1121,2085 1184,2085 1248,2084 1311,2084 1374,2084 1438,2084 1501,2085 1565,2087"/>
                <TextEquiv>
                    <Unicode>ἐσθῆτα εἰώθαμεν τὴν ὑποταγὴν τοῦ μωὰβ διὰ τοῦ κάδου </Unicode>
                </TextEquiv>
            </TextLine>
            <TextLine id="r1l41" custom="readingOrder {index:39;}">
                <Coords points="293,2158 1481,2163 1571,2143 1570,2096 292,2120"/>
                <Baseline points="302,2153 365,2153 428,2153 491,2151 554,2150 617,2150 680,2148 743,2147 806,2145 869,2144 932,2142 995,2142 1058,2141 1121,2139 1184,2139 1247,2138 1310,2138 1373,2138 1436,2138 1499,2139 1563,2139"/>
                <TextEquiv>
                    <Unicode>τῆς πλύσεως παρεδήλωσεν καὶ ὁ λέβης δὲ ἐπὶ τιμωρία</Unicode>
                </TextEquiv>
            </TextLine>
            <TextLine id="r1l42" custom="readingOrder {index:40;}">
                <Coords points="285,2215 1476,2211 1562,2196 1561,2146 284,2168"/>
                <Baseline points="294,2205 357,2205 420,2205 483,2205 546,2204 609,2202 672,2201 735,2199 798,2198 861,2196 924,2194 987,2192 1050,2190 1113,2189 1176,2189 1239,2189 1302,2189 1365,2189 1428,2190 1491,2193 1554,2196"/>
                <TextEquiv>
                    <Unicode> κεῖται παρὰ τη θεία γραφη ουτω καὶ ὁ μακάριος ιεζεκι</Unicode>
                </TextEquiv>
            </TextLine>
            <TextLine id="r1l43" custom="readingOrder {index:41;}">
                <Coords points="292,2269 1574,2252 1573,2197 1529,2191 292,2230"/>
                <Baseline points="300,2259 363,2258 426,2256 489,2255 553,2252 616,2250 679,2249 743,2247 806,2246 869,2244 933,2243 996,2241 1059,2241 1122,2240 1186,2240 1249,2238 1312,2238 1376,2239 1439,2240 1502,2241 1566,2241"/>
                <TextEquiv>
                    <Unicode>ὴλ διδάσκει λέβητα προσταχθεὶς καλέσαι τὴν ιλὴμ κρέα δὲ  </Unicode>
                </TextEquiv>
            </TextLine>
            <TextEquiv>
                <Unicode>κρύψαι ἀλλὰ πάντας διδάσκει Ὁ θς ἐλάλησεν ἐν τω ἁγίω αὑτοῦ &#13;
τουτέστιν διὰ τῆς τοῦ παναγίου πνς χάριτος ὀργάνω τη τοῦ προ&#13;
φήτου χρησαμένης γλώττη τι δε ελαλησεν αγαλλιάσο&#13;
μαι κ διαμεριῶ σίκιμα κ τὴν κοιλάδα τῶν σκηνῶν διαμετρήσω &#13;
σίκιμα ἡ τοῦ τω ιωσὴφ ὑπὸ τοῦ ιακὼβ καταλειφθεῖσα πόλις. εν&#13;
ταύτη δὲ ὁ εφραιμ μετὰ τὴν διαίρεσιν τῶν φυλῶν ἐπήξατο βα&#13;
σιλείαν• κοιλάδα δὲ σκηνῶν τὴν τῶν ισραηλιτῶν λέγει χώραν&#13;
ὡς ἔρημον γεγενημένην καὶ ποιμενικὰς τηνικαῦτα σκη&#13;
νὰς δεξαμένην. υπισχνεῖται τοίνυν ὁ τῶν ὅλων θς ἐπανά&#13;
γειν τοὺς γεγενημένους δορυαλώτους καὶ τὴν πατρωαν αὐτοῖς &#13;
διανέμειν γῆν• καὶ ουτως αὐτὴν οἰκητόρων πληρώσειν ὡς &#13;
καὶ περὶ μέτρων τοὺς ἐνοικοῦντας φιλονεικεῖν• καὶ τούτω &#13;
κεχρημένους τὴν τῆς γῆς ποιεῖσθαι διανομήν&#13;
εμός ἐστιν γαλαὰδ καὶ ἐμός ἐστιν μανασσὴς καὶ εφραιμ κρα&#13;
Γαλαὰδ οὐ φυλῆς ὄνομα&#13;
ταίωσις τῆς κεφαλῆς μου&#13;
 ἀλλὰ τόπου• ὁ μανασσὴς δὲ φυλῆς ἐπώνυμος τὴν δὲ γα&#13;
λλααδίτιν ἄνωθεν ἐκληρώσατο γῆν. οἰκίαν τοίνυν λέγει &#13;
καὶ τὴν φυλὴν καὶ τὴν τούτου γῆν,καὶ τὴν ἐπάνοδον προ&#13;
μηνύων καὶ τῶν χωρίων ἐκείνων τὴν οἴκησιν• καὶ τω εφραιμ &#13;
δὲ ὑπισχνεῖται τὴν προτέραν ἀποδώσειν ἰσχύν αντὶ δὲ τῆς &#13;
κεφαλῆς μου ὁ σύμμαχος ἀρχῆς μου τέθεικε• ἀντὶ τοῦ&#13;
Ἰούδας βασι&#13;
πρόμαχον αὐτὸν ὡς πάλαι καταστήσω&#13;
Ἐπειδὴ γὰρ μετὰ τὴν ἐπάνοδον ἀδιαίρετοι με&#13;
λεύς μου&#13;
μενήκασιν αἱ φυλαί• μόνον δὲ τὸν ἐξ ιούδα ζοροβάβελ εἶχον&#13;
 ἡγεμόνα καὶ βασιλέα• εἰκότως τὸν μὲν εφραῒμ κραταί&#13;
ωσιν κεφαλῆς την ἀρχην προηγόρευσεν τὸν δὲ ιούδαν βα&#13;
σιλέα τὸ δὲ βασιλεύς μου ἀντὶ τοῦ ὑπ' ἐμοῦ χειροτονούμενος &#13;
βασιλεὺς καὶ τοῦ ἐμοῦ βασιλεύων λαοῦ ουτω καὶ παρὰ τῷ &#13;
ησαΐα τάδε λέγει κς τω χω μου κω τουτέστιν τω ὑπ' εμοῦ κε&#13;
χρισμένω καὶ κεχειροτονημένω μωὰβ λέβης τῆς ἐλ&#13;
Τοῦτο ὁ ακύλας ουτως ἡρμήνευσεν μω&#13;
πίδος μου&#13;
ὰβ λέβης τοῦ λουτροῦ μου ο δὲ σύρος κάδος τῆς πλύσεώς &#13;
μου επειδὴ γὰρ ἐν τοῖς τοιούτοις σκεύεσιν καὶ τοὺς πόδας ἀ&#13;
πονίπτειν καὶ τοῖς ποσὶν ἀποῤῥύπτειν την ἐῤῥυπωμένην &#13;
ἐσθῆτα εἰώθαμεν τὴν ὑποταγὴν τοῦ μωὰβ διὰ τοῦ κάδου &#13;
τῆς πλύσεως παρεδήλωσεν καὶ ὁ λέβης δὲ ἐπὶ τιμωρία&#13;
 κεῖται παρὰ τη θεία γραφη ουτω καὶ ὁ μακάριος ιεζεκι&#13;
ὴλ διδάσκει λέβητα προσταχθεὶς καλέσαι τὴν ιλὴμ κρέα δὲ  </Unicode>
            </TextEquiv>
        </TextRegion>
        <TextRegion orientation="0.0" id="r2" custom="readingOrder {index:1;}">
            <Coords points="1812,308 1812,461 1869,461 1869,308"/>
            <TextEquiv>
                <Unicode></Unicode>
            </TextEquiv>
        </TextRegion>
    </Page>
</PcGts>
