<?xml version="1.0" encoding="UTF-8" standalone="yes"?>
<PcGts xmlns="http://schema.primaresearch.org/PAGE/gts/pagecontent/2013-07-15" xmlns:xsi="http://www.w3.org/2001/XMLSchema-instance" xsi:schemaLocation="http://schema.primaresearch.org/PAGE/gts/pagecontent/2013-07-15 http://schema.primaresearch.org/PAGE/gts/pagecontent/2013-07-15/pagecontent.xsd">
    <Metadata>
        <Creator>prov=University of Rostock/Institute of Mathematics/CITlab|PLANET AI GmbH/Gundram Leifert/gundram.leifert@planet-ai.de:name=HPGTR(htr_id=41125)::::v=2.6.7
prov=University of Rostock/Institute of Mathematics/CITlab|PLANET AI GmbH/Tobias Gruening/tobias.gruening@planet-ai.de:name=de.uros.citlab.module.baseline2polygon.B2PSeamMultiOriented:v=2.6.7
prov=University of Rostock/Institute of Mathematics/CITlab|PLANET AI GmbH/Tobias Gruening/tobias.gruening@planet-ai.de:name=/net_tf/LA73_249_0mod360.pb:de.uros.citlab.segmentation.CITlab_LA_ML:v=2.6.7
Transkribus</Creator>
        <Created>2021-09-19T17:37:25.353+03:00</Created>
        <LastChange>2023-06-07T11:16:31.651+02:00</LastChange>
        <TranskribusMetadata docId="1458633" pageId="56018974" pageNr="60" tsid="126330665" status="IN_PROGRESS" userId="99263" imgUrl="https://files.transkribus.eu/Get?id=OTUALZNHTSMZOHLAMMMNMCUG&amp;fileType=view" xmlUrl="https://files.transkribus.eu/Get?id=FVDJYUCVKKXKTZJOKTKSJSCK" imageId="23265855"/>
    </Metadata>
    <Page imageFilename="0060_90 Bodleian-Library-MS-Barocci-132_00248_fol-117v.jpg" imageWidth="2174" imageHeight="2748">
        <ReadingOrder>
            <OrderedGroup id="ro_1686139449560" caption="Regions reading order">
                <RegionRefIndexed index="0" regionRef="r1"/>
                <RegionRefIndexed index="1" regionRef="r2"/>
                <RegionRefIndexed index="2" regionRef="r3"/>
            </OrderedGroup>
        </ReadingOrder>
        <TextRegion orientation="0.0" id="r1" custom="readingOrder {index:0;}">
            <Coords points="603,1768 603,1921 618,1921 618,1768"/>
            <TextEquiv>
                <Unicode></Unicode>
            </TextEquiv>
        </TextRegion>
        <TextRegion orientation="0.0" id="r2" custom="readingOrder {index:1;}">
            <Coords points="623,1436 623,1591 654,1591 654,1436"/>
            <TextEquiv>
                <Unicode></Unicode>
            </TextEquiv>
        </TextRegion>
        <TextRegion orientation="0.0" id="r3" custom="readingOrder {index:2;}">
            <Coords points="633,393 633,2237 1964,2237 1964,393"/>
            <TextLine id="r3l1" custom="readingOrder {index:0;}">
                <Coords points="682,434 1169,419 1963,472 1929,407 1632,422 1383,372 1302,407 1196,357 1127,394 837,393 686,342"/>
                <Baseline points="692,414 755,413 818,413 881,413 944,413 1007,414 1070,416 1134,417 1197,419 1260,423 1323,425 1386,428 1449,431 1512,435 1576,439 1639,443 1702,446 1765,450 1828,453 1891,457 1955,461"/>
                <TextEquiv>
                    <Unicode>τοὺς ἐνοικοῦντας πυρ δὲ τὸν βαβυλώνιον ζωμὸν δὲ τὴν </Unicode>
                </TextEquiv>
            </TextLine>
            <TextLine id="r3l2" custom="readingOrder {index:1;}">
                <Coords points="669,463 1876,528 1957,515 1959,472 670,423"/>
                <Baseline points="677,462 740,461 804,461 867,461 931,461 995,462 1058,462 1122,464 1185,467 1249,468 1313,471 1376,474 1440,477 1503,480 1567,483 1631,486 1694,489 1758,493 1821,495 1885,498 1949,501"/>
                <TextEquiv>
                    <Unicode>ἀναγκαίαν τροφήν ου ἐπιλελοιπότος κατεκαίετο τὰ κρέα </Unicode>
                </TextEquiv>
            </TextLine>
            <TextLine id="r3l3" custom="readingOrder {index:2;}">
                <Coords points="681,525 1972,562 1927,507 683,476"/>
                <Baseline points="689,513 752,512 816,510 880,509 944,509 1007,510 1071,512 1135,513 1199,515 1262,518 1326,521 1390,525 1454,527 1517,531 1581,534 1645,538 1709,541 1772,543 1836,546 1900,548 1964,549"/>
                <TextEquiv>
                    <Unicode>ουτω καὶ ὁ μακάριος ιερεμίας λέβητα ὑποκαιόμενον εἶδεν• </Unicode>
                </TextEquiv>
            </TextLine>
            <TextLine id="r3l4" custom="readingOrder {index:3;}">
                <Coords points="677,573 1960,611 1918,561 679,527"/>
                <Baseline points="686,563 749,560 812,558 875,558 939,558 1002,558 1065,560 1129,561 1192,562 1255,564 1319,567 1382,570 1445,572 1508,575 1572,578 1635,581 1698,584 1762,587 1825,589 1888,591 1952,594"/>
                <TextEquiv>
                    <Unicode>καὶ τὸ πρόσωπον αὐτοῦ ἀπὸ προσώπου βοῤῥᾶ λέγει τοίνυν</Unicode>
                </TextEquiv>
            </TextLine>
            <TextLine id="r3l5" custom="readingOrder {index:4;}">
                <Coords points="683,632 1934,664 1954,610 685,572"/>
                <Baseline points="692,612 754,609 817,608 879,608 942,608 1005,609 1067,610 1130,611 1192,613 1255,615 1318,618 1380,620 1443,623 1505,626 1568,628 1631,630 1693,633 1756,635 1818,638 1881,639 1944,639"/>
                <TextEquiv>
                    <Unicode> ὅτι καὶ μανασσὴς τὴν οἰκείαν ἀπολήψεται γῆν• καὶ ὁ εφραιμ </Unicode>
                </TextEquiv>
            </TextLine>
            <TextLine id="r3l6" custom="readingOrder {index:5;}">
                <Coords points="679,688 1202,664 1956,711 1957,655 1888,646 681,632"/>
                <Baseline points="689,663 751,662 814,660 877,659 940,659 1003,660 1066,660 1129,662 1192,663 1255,666 1318,668 1380,671 1443,674 1506,676 1569,679 1632,682 1695,684 1758,687 1821,689 1884,691 1947,693"/>
                <TextEquiv>
                    <Unicode>τὴν προτέραν ἀνακτισεται δύναμιν• καὶ ὁ ιούδας πάντων </Unicode>
                </TextEquiv>
            </TextLine>
            <TextLine id="r3l7" custom="readingOrder {index:6;}">
                <Coords points="681,731 1933,762 1968,713 682,689"/>
                <Baseline points="689,713 752,711 816,711 879,710 943,710 1006,711 1070,711 1133,713 1197,714 1260,716 1324,719 1387,720 1451,723 1514,725 1578,728 1641,729 1705,732 1768,735 1832,737 1895,738 1959,741"/>
                <TextEquiv>
                    <Unicode>ἀναγορευθήσεται βασιλεύς• μωαβῖται δὲ αὐτοῖς ὑποταγήσον</Unicode>
                </TextEquiv>
            </TextLine>
            <TextLine id="r3l8" custom="readingOrder {index:7;}">
                <Coords points="671,782 1952,804 1953,753 1849,736 672,732"/>
                <Baseline points="680,762 743,761 806,761 869,759 932,759 996,759 1059,761 1122,761 1185,762 1248,764 1312,765 1375,767 1438,768 1501,770 1564,772 1628,774 1691,777 1754,779 1817,782 1880,784 1944,786"/>
                <TextEquiv>
                    <Unicode>ται τὴν ἄμαχον αὐτῶν θεώμενοι ῥώμην οὐ μόνον δὲ ἐκει</Unicode>
                </TextEquiv>
            </TextLine>
            <TextLine id="r3l9" custom="readingOrder {index:8;}">
                <Coords points="689,830 1920,851 1953,811 690,777"/>
                <Baseline points="698,810 760,809 822,807 884,807 947,807 1009,807 1071,809 1134,810 1196,812 1258,813 1321,816 1383,819 1445,821 1507,823 1570,825 1632,828 1694,830 1757,832 1819,834 1881,836 1944,836"/>
                <TextEquiv>
                    <Unicode>νοι ἀλλὰ καὶ ιδουμαῖοι καὶ ἀλλόφυλοι Ἐπὶ τὴν ιδουμαί</Unicode>
                </TextEquiv>
            </TextLine>
            <TextLine id="r3l10" custom="readingOrder {index:9;}">
                <Coords points="674,879 1918,880 1918,849 1753,835 676,825"/>
                <Baseline points="683,857 744,855 805,854 867,854 928,854 989,854 1051,855 1112,857 1173,858 1235,861 1296,863 1357,865 1419,867 1480,869 1541,870 1603,873 1664,875 1725,876 1787,876 1848,876 1910,876"/>
                <TextEquiv>
                    <Unicode>αν ἐκτενῶ τὸ ὑπόδημά μου εμοὶ ἀλλόφυλοι ὑπετάγησαν. </Unicode>
                </TextEquiv>
            </TextLine>
            <TextLine id="r3l11" custom="readingOrder {index:10;}">
                <Coords points="649,937 1117,908 1943,953 1961,906 650,869"/>
                <Baseline points="657,912 721,908 786,905 851,902 916,902 981,902 1045,902 1110,903 1175,905 1240,906 1305,909 1369,912 1434,915 1499,918 1564,920 1629,921 1693,923 1758,924 1823,926 1888,924 1953,924"/>
                <TextEquiv>
                    <Unicode>Πρὸς γὰρ τους μωαβίτας καὶ τοὺς ιδουμαίους δουλώσομαι κ </Unicode>
                </TextEquiv>
            </TextLine>
            <TextLine id="r3l12" custom="readingOrder {index:11;}">
                <Coords points="675,957 1967,994 1968,941 1852,930 676,919"/>
                <Baseline points="683,951 746,951 810,950 874,950 938,951 1002,951 1065,953 1129,953 1193,954 1257,956 1321,958 1384,960 1448,962 1512,963 1576,965 1640,967 1703,969 1767,970 1831,971 1895,972 1959,972"/>
                <TextEquiv>
                    <Unicode>τοὺς ἀλλοφύλους ὑποταγῆναι καταναγκάσω αλλοφύλους μέν</Unicode>
                </TextEquiv>
            </TextLine>
            <TextLine id="r3l13" custom="readingOrder {index:12;}">
                <Coords points="681,1011 1949,1051 1950,993 1827,981 682,975"/>
                <Baseline points="689,1004 751,1004 814,1004 876,1004 939,1004 1002,1004 1064,1005 1127,1005 1189,1007 1252,1008 1315,1009 1377,1011 1440,1013 1502,1014 1565,1016 1628,1019 1690,1020 1753,1023 1815,1025 1878,1028 1941,1029"/>
                <TextEquiv>
                    <Unicode>τοι καλεῖ τοὺς παλαιστινοὺς ἡ θεία γραφὴ οὐχ ὡς τῶν ἄλλων </Unicode>
                </TextEquiv>
            </TextLine>
            <TextLine id="r3l14" custom="readingOrder {index:13;}">
                <Coords points="687,1082 1837,1104 1958,1087 1959,1052 688,1029"/>
                <Baseline points="696,1053 758,1055 821,1055 884,1056 946,1056 1009,1058 1072,1059 1134,1061 1197,1062 1260,1062 1323,1064 1385,1065 1448,1067 1511,1069 1573,1070 1636,1072 1699,1073 1761,1074 1824,1076 1887,1077 1950,1079"/>
                <TextEquiv>
                    <Unicode>ἐθνῶν ὁμοφύλων ὄντων, ἀλλ' ὡς τῶν ἄλλων μὲν ἀφεστηκότ</Unicode>
                </TextEquiv>
            </TextLine>
            <TextLine id="r3l15" custom="readingOrder {index:14;}">
                <Coords points="682,1119 1820,1149 1961,1141 1962,1090 682,1084"/>
                <Baseline points="690,1107 753,1106 816,1106 879,1106 942,1106 1005,1107 1068,1108 1132,1109 1195,1110 1258,1112 1321,1113 1384,1115 1447,1116 1510,1118 1574,1119 1637,1121 1700,1121 1763,1122 1826,1122 1889,1124 1953,1124"/>
                <TextEquiv>
                    <Unicode>τούτων δὲ οὐ μόνον ὁμόρων ὄντων, ἀλλὰ καὶ μεταξὺ κατοι</Unicode>
                </TextEquiv>
            </TextLine>
            <TextLine id="r3l16" custom="readingOrder {index:15;}">
                <Coords points="681,1163 1959,1194 1959,1144 1789,1126 682,1127"/>
                <Baseline points="689,1155 752,1154 815,1154 878,1154 941,1154 1004,1155 1067,1157 1130,1157 1193,1158 1256,1160 1319,1162 1382,1164 1445,1166 1508,1167 1571,1168 1634,1170 1697,1170 1760,1172 1823,1172 1886,1173 1950,1173"/>
                <TextEquiv>
                    <Unicode>κούντων ουτως ιεβουσαῖοι τὴν ιλὴμ ωκησαν ἐπὶ πλεῖστον• </Unicode>
                </TextEquiv>
            </TextLine>
            <TextLine id="r3l17" custom="readingOrder {index:16;}">
                <Coords points="674,1232 1927,1252 1964,1193 675,1179"/>
                <Baseline points="683,1203 746,1203 810,1205 873,1205 937,1206 1001,1208 1064,1209 1128,1210 1192,1212 1255,1213 1319,1214 1383,1215 1446,1217 1510,1218 1574,1220 1637,1220 1701,1221 1765,1223 1828,1223 1892,1223 1956,1223"/>
                <TextEquiv>
                    <Unicode>ουτως γαβαωνῖται τὴν γαβαών• καὶ γαζαῖοι δὲ καὶ ασκαλω</Unicode>
                </TextEquiv>
            </TextLine>
            <TextLine id="r3l18" custom="readingOrder {index:17;}">
                <Coords points="684,1277 1180,1261 1756,1305 1952,1291 1953,1251 685,1234"/>
                <Baseline points="692,1256 754,1256 817,1257 879,1257 942,1258 1005,1259 1067,1260 1130,1260 1192,1262 1255,1263 1318,1264 1380,1265 1443,1266 1505,1268 1568,1269 1631,1271 1693,1272 1756,1272 1818,1274 1881,1275 1944,1277"/>
                <TextEquiv>
                    <Unicode>νῖται καὶ οἱ ἄλλοι πλησίον ωκουν καὶ ταῦτα σαφέστερον αἱ ἱ</Unicode>
                </TextEquiv>
            </TextLine>
            <TextLine id="r3l19" custom="readingOrder {index:18;}">
                <Coords points="685,1317 1961,1352 1962,1285 686,1277"/>
                <Baseline points="693,1307 756,1307 819,1307 882,1307 945,1307 1008,1308 1071,1308 1134,1310 1197,1311 1260,1313 1323,1314 1386,1316 1449,1317 1512,1319 1575,1320 1638,1322 1701,1323 1764,1325 1827,1326 1890,1328 1953,1329"/>
                <TextEquiv>
                    <Unicode>στορίαι διδάσκουσιν ουτω ταῦτα ὑπὸ τοῦ θυ τῶν ὅλων διδαχθεὶς  </Unicode>
                </TextEquiv>
            </TextLine>
            <TextLine id="r3l20" custom="readingOrder {index:19;}">
                <Coords points="674,1370 1766,1402 1955,1391 1956,1348 675,1319"/>
                <Baseline points="683,1356 746,1356 809,1356 872,1358 935,1358 999,1359 1062,1360 1125,1361 1188,1362 1251,1364 1315,1365 1378,1367 1441,1368 1504,1370 1567,1371 1631,1372 1694,1373 1757,1374 1820,1375 1883,1376 1947,1376"/>
                <TextEquiv>
                    <Unicode>ο προφήτης, ἰδεῖν ἐφίεται τοῦ λαοῦ τὴν μετὰ τὴν ἐπάνοδον εὐκλη</Unicode>
                </TextEquiv>
            </TextLine>
            <TextLine id="r3l21" custom="readingOrder {index:20;}">
                <Coords points="676,1427 748,1426 763,1411 823,1411 846,1433 904,1414 934,1434 962,1421 1047,1424 1047,1386 994,1381 981,1368 932,1383 841,1365 815,1383 676,1384"/>
                <Baseline points="683,1409 708,1407 733,1407 759,1406 784,1406 809,1406 835,1406 860,1407 885,1407 911,1407 936,1407 961,1407 987,1407 1012,1407 1038,1407"/>
                <TextEquiv>
                    <Unicode>ρίαν καί φησιν</Unicode>
                </TextEquiv>
            </TextLine>
            <TextLine id="r3l22" custom="readingOrder {index:21;}">
                <Coords points="1047,1426 1960,1445 1961,1382 1869,1375 1835,1403 1230,1366 1048,1389"/>
                <Baseline points="1055,1412 1099,1410 1144,1410 1189,1410 1234,1412 1279,1412 1324,1413 1369,1414 1414,1415 1459,1416 1504,1418 1548,1418 1593,1419 1638,1421 1683,1422 1728,1422 1773,1424 1818,1424 1863,1424 1908,1424 1953,1422"/>
                <TextEquiv>
                    <Unicode>Τίς ἀπάξει με εἰς πόλιν περιοχῆς ἢ τίς ὁδηγή</Unicode>
                </TextEquiv>
            </TextLine>
            <TextLine id="r3l23" custom="readingOrder {index:22;}">
                <Coords points="686,1487 987,1460 1865,1498 1866,1445 687,1427"/>
                <Baseline points="695,1455 753,1455 811,1455 869,1455 927,1455 985,1457 1043,1457 1101,1458 1159,1460 1217,1461 1276,1461 1334,1463 1392,1464 1450,1466 1508,1467 1566,1469 1624,1469 1682,1470 1740,1470 1798,1470 1857,1470"/>
                <TextEquiv>
                    <Unicode>σει με ἕως τῆς ιδουμαίας οὐχὶ σὺ ο θς ὁ ἀπωσάμενος ἡμᾶς </Unicode>
                </TextEquiv>
            </TextLine>
            <TextLine id="r3l24" custom="readingOrder {index:23;}">
                <Coords points="617,1541 800,1509 1960,1544 1921,1485 619,1457"/>
                <Baseline points="627,1509 740,1505 804,1506 868,1506 932,1508 995,1508 1059,1509 1123,1511 1187,1511 1250,1512 1314,1514 1378,1514 1442,1515 1505,1517 1569,1518 1633,1520 1697,1520 1760,1521 1824,1523 1888,1524 1952,1526"/>
                <TextEquiv>
                    <Unicode>Πόλιν περιοχῆς τὴν ιλημ καλεῖ. ταύτην ὁ σύμμαχος πεφραγμένη</Unicode>
                </TextEquiv>
            </TextLine>
            <TextLine id="r3l25" custom="readingOrder {index:24;}">
                <Coords points="685,1570 1915,1598 1947,1536 686,1512"/>
                <Baseline points="693,1556 755,1557 817,1558 879,1559 942,1560 1004,1560 1066,1562 1128,1562 1191,1563 1253,1563 1315,1563 1377,1565 1440,1565 1502,1566 1564,1566 1626,1568 1689,1568 1751,1569 1813,1571 1875,1571 1938,1574"/>
                <TextEquiv>
                    <Unicode>ἡρμήνευσεν. επειδὴ γὰρ ἀνάστατος ἐγεγόνει κ ηρημωτο τῶν </Unicode>
                </TextEquiv>
            </TextLine>
            <TextLine id="r3l26" custom="readingOrder {index:25;}">
                <Coords points="671,1622 1954,1637 1954,1596 1848,1581 671,1581"/>
                <Baseline points="680,1608 743,1610 806,1612 869,1613 933,1614 996,1614 1059,1616 1123,1616 1186,1616 1249,1616 1313,1617 1376,1617 1439,1617 1502,1618 1566,1619 1629,1619 1692,1620 1756,1622 1819,1624 1882,1626 1946,1629"/>
                <TextEquiv>
                    <Unicode>τειχῶν μετὰ δὲ τὴν ἐπάνοδον τοὺς οἰκείους ἀπέλαβε περι</Unicode>
                </TextEquiv>
            </TextLine>
            <TextLine id="r3l27" custom="readingOrder {index:26;}">
                <Coords points="678,1659 1948,1685 1948,1630 678,1630"/>
                <Baseline points="686,1653 748,1655 811,1658 874,1659 936,1661 999,1661 1062,1662 1124,1662 1187,1662 1250,1662 1313,1664 1375,1664 1438,1664 1501,1664 1563,1664 1626,1664 1689,1665 1751,1665 1814,1667 1877,1668 1940,1670"/>
                <TextEquiv>
                    <Unicode>βόλους, ἰδεῖν αὐτὴν ὁ προφήτης τετειχισμένην ποθεῖ καὶ </Unicode>
                </TextEquiv>
            </TextLine>
            <TextLine id="r3l28" custom="readingOrder {index:27;}">
                <Coords points="674,1714 1942,1734 1942,1689 1858,1673 675,1661"/>
                <Baseline points="683,1697 745,1699 808,1701 870,1703 933,1704 995,1704 1058,1706 1120,1706 1183,1706 1245,1707 1308,1707 1371,1707 1433,1707 1496,1707 1558,1709 1621,1709 1683,1710 1746,1712 1808,1713 1871,1716 1934,1719"/>
                <TextEquiv>
                    <Unicode>ἕως της  ιδουμαίας ὡς βασιλεὺς δραμεῖν καὶ ἰδεῖν τοὺς ἀεὶ </Unicode>
                </TextEquiv>
            </TextLine>
            <TextLine id="r3l29" custom="readingOrder {index:28;}">
                <Coords points="672,1756 1949,1765 1893,1718 673,1715"/>
                <Baseline points="680,1742 743,1746 806,1748 869,1751 932,1752 995,1754 1058,1755 1121,1755 1184,1755 1247,1755 1310,1755 1373,1755 1436,1755 1499,1757 1562,1757 1625,1757 1688,1758 1751,1758 1814,1760 1877,1761 1940,1764"/>
                <TextEquiv>
                    <Unicode>δυσμενεῖς, δουλεύειν ἠναγκασμένους. ταῦτα δὲ φησὶν σὺ δρά</Unicode>
                </TextEquiv>
            </TextLine>
            <TextLine id="r3l30" custom="readingOrder {index:29;}">
                <Coords points="675,1805 1803,1833 1954,1826 1955,1770 675,1760"/>
                <Baseline points="683,1790 746,1793 809,1796 872,1799 935,1800 998,1802 1061,1803 1125,1804 1188,1805 1251,1805 1314,1805 1377,1805 1440,1805 1503,1805 1567,1805 1630,1805 1693,1805 1756,1805 1819,1806 1882,1806 1946,1808"/>
                <TextEquiv>
                    <Unicode>σον κε ὁ ἀπωσάμενος ἡμᾶς καὶ τη τῶν βαβυλωνίων πα</Unicode>
                </TextEquiv>
            </TextLine>
            <TextLine id="r3l31" custom="readingOrder {index:30;}">
                <Coords points="679,1851 1939,1856 1721,1807 680,1803"/>
                <Baseline points="687,1835 749,1838 811,1841 873,1842 935,1845 998,1846 1060,1847 1122,1848 1184,1848 1246,1848 1309,1848 1371,1848 1433,1848 1495,1848 1557,1848 1620,1848 1682,1850 1744,1850 1806,1850 1868,1851 1931,1853"/>
                <TextEquiv>
                    <Unicode>ραδοὺς δυναστεία• οὕτως τὰ ἀγαθὰ προθεσπίσας, ὑπὲρ τῶν</Unicode>
                </TextEquiv>
            </TextLine>
            <TextLine id="r3l32" custom="readingOrder {index:31;}">
                <Coords points="687,1903 1923,1912 1937,1865 687,1856"/>
                <Baseline points="695,1875 756,1881 818,1885 879,1889 941,1892 1003,1893 1064,1895 1126,1895 1188,1895 1249,1895 1311,1895 1373,1895 1434,1893 1496,1893 1558,1892 1619,1892 1681,1892 1743,1892 1804,1893 1866,1894 1928,1896"/>
                <TextEquiv>
                    <Unicode>ανιαρῶν ἱκετεύει Καὶ οὐκ ἐξελεύση ὁ θς ἐν ταῖς δυνάμεσιν </Unicode>
                </TextEquiv>
            </TextLine>
            <TextLine id="r3l33" custom="readingOrder {index:32;}">
                <Coords points="688,1937 703,1938 739,1925 760,1933 805,1934 812,1943 844,1937 846,1909 828,1902 816,1890 801,1889 789,1900 779,1894 742,1902 724,1896 691,1899"/>
                <Baseline points="698,1923 725,1922 753,1923 781,1924 809,1928 837,1931"/>
                <TextEquiv>
                    <Unicode>ἡμῶν</Unicode>
                </TextEquiv>
            </TextLine>
            <TextLine id="r3l35" custom="readingOrder {index:33;}">
                <Coords points="939,1939 1901,1962 1957,1940 1957,1907 939,1911"/>
                <Baseline points="948,1941 998,1941 1048,1940 1098,1938 1148,1938 1198,1937 1248,1937 1298,1936 1348,1935 1398,1935 1448,1935 1498,1935 1548,1935 1598,1935 1648,1935 1698,1935 1748,1935 1798,1935 1848,1935 1898,1935 1949,1934"/>
                <TextEquiv>
                    <Unicode>Ὁρας ἡμᾶς φησὶν ουτω πικρῶς πολεμουμένους </Unicode>
                </TextEquiv>
            </TextLine>
            <TextLine id="r3l36" custom="readingOrder {index:34;}">
                <Coords points="688,1974 1023,2011 1646,1977 1936,2005 1937,1957 1814,1939 689,1940"/>
                <Baseline points="696,1967 757,1971 819,1975 880,1977 942,1979 1004,1980 1065,1982 1127,1982 1188,1982 1250,1982 1312,1982 1373,1980 1435,1980 1496,1980 1558,1980 1620,1982 1681,1982 1743,1983 1804,1985 1866,1988 1928,1992"/>
                <TextEquiv>
                    <Unicode>καὶ οὐ στρατηγεῖς οὐδὲ ἀριστεύεις συνήθως Δὸς ἡμῖν βο</Unicode>
                </TextEquiv>
            </TextLine>
            <TextLine id="r3l37" custom="readingOrder {index:35;}">
                <Coords points="685,2023 1434,2062 1809,2051 1826,2003 686,1975"/>
                <Baseline points="693,2013 749,2016 805,2021 861,2023 917,2025 974,2027 1030,2028 1086,2030 1142,2030 1198,2030 1255,2030 1311,2030 1367,2030 1423,2030 1479,2030 1536,2030 1592,2030 1648,2030 1704,2030 1760,2030 1817,2031"/>
                <TextEquiv>
                    <Unicode>ήθειαν ἐκ θλίψεως καὶ ματαία σωτηρία ἀνου </Unicode>
                </TextEquiv>
            </TextLine>
            <TextLine id="r3l38" custom="readingOrder {index:36;}">
                <Coords points="624,2069 1937,2099 1937,2053 1759,2034 625,2038"/>
                <Baseline points="633,2063 697,2066 762,2069 827,2070 892,2072 957,2073 1021,2075 1086,2076 1151,2077 1216,2078 1281,2078 1345,2079 1410,2079 1475,2079 1540,2079 1605,2079 1669,2079 1734,2081 1799,2081 1864,2081 1929,2081"/>
                <TextEquiv>
                    <Unicode>Τὸν καί σύνδεσμον εναλλάξας ὁ σύμμαχος, σαφέστερον τὴν ἑρ</Unicode>
                </TextEquiv>
            </TextLine>
            <TextLine id="r3l39" custom="readingOrder {index:37;}">
                <Coords points="693,2129 1928,2140 1928,2090 694,2089"/>
                <Baseline points="702,2117 762,2119 823,2121 884,2123 945,2123 1006,2124 1067,2126 1128,2126 1189,2127 1250,2127 1311,2127 1371,2129 1432,2129 1493,2129 1554,2129 1615,2129 1676,2129 1737,2129 1798,2129 1859,2129 1920,2129"/>
                <TextEquiv>
                    <Unicode>μηνείαν εἰργάσατο. ἔφη δὲ οὕτως• δὸς ἡμῖν βοήθειαν ἐκ θλί</Unicode>
                </TextEquiv>
            </TextLine>
            <TextLine id="r3l40" custom="readingOrder {index:38;}">
                <Coords points="694,2196 1936,2201 1936,2139 1893,2132 1168,2159 694,2128"/>
                <Baseline points="702,2171 763,2171 824,2171 885,2172 947,2172 1008,2172 1069,2172 1131,2173 1192,2174 1253,2174 1315,2174 1376,2174 1437,2175 1498,2175 1560,2175 1621,2175 1682,2175 1744,2175 1805,2175 1866,2175 1928,2175"/>
                <TextEquiv>
                    <Unicode>ψεως• ματαία γὰρ σρία παρα ἀνου. επάμυνον φησὶν διακει</Unicode>
                </TextEquiv>
            </TextLine>
            <TextLine id="r3l41" custom="readingOrder {index:39;}">
                <Coords points="687,2237 1937,2255 1937,2197 1879,2185 687,2199"/>
                <Baseline points="695,2217 756,2218 818,2219 880,2220 941,2220 1003,2222 1065,2222 1126,2223 1188,2223 1250,2224 1312,2225 1373,2225 1435,2225 1497,2225 1558,2226 1620,2226 1682,2226 1743,2225 1805,2225 1867,2225 1929,2223"/>
                <TextEquiv>
                    <Unicode>μένοις κακῶς• σοὶ γὰρ μόνω δυνατὸν διαλῦσαι τὰς συμφορ  </Unicode>
                </TextEquiv>
            </TextLine>
            <TextEquiv>
                <Unicode>τοὺς ἐνοικοῦντας πυρ δὲ τὸν βαβυλώνιον ζωμὸν δὲ τὴν &#13;
ἀναγκαίαν τροφήν ου ἐπιλελοιπότος κατεκαίετο τὰ κρέα &#13;
ουτω καὶ ὁ μακάριος ιερεμίας λέβητα ὑποκαιόμενον εἶδεν• &#13;
καὶ τὸ πρόσωπον αὐτοῦ ἀπὸ προσώπου βοῤῥᾶ λέγει τοίνυν&#13;
 ὅτι καὶ μανασσὴς τὴν οἰκείαν ἀπολήψεται γῆν• καὶ ὁ εφραιμ &#13;
τὴν προτέραν ἀνακτισεται δύναμιν• καὶ ὁ ιούδας πάντων &#13;
ἀναγορευθήσεται βασιλεύς• μωαβῖται δὲ αὐτοῖς ὑποταγήσον&#13;
ται τὴν ἄμαχον αὐτῶν θεώμενοι ῥώμην οὐ μόνον δὲ ἐκει&#13;
νοι ἀλλὰ καὶ ιδουμαῖοι καὶ ἀλλόφυλοι Ἐπὶ τὴν ιδουμαί&#13;
αν ἐκτενῶ τὸ ὑπόδημά μου εμοὶ ἀλλόφυλοι ὑπετάγησαν. &#13;
Πρὸς γὰρ τους μωαβίτας καὶ τοὺς ιδουμαίους δουλώσομαι κ &#13;
τοὺς ἀλλοφύλους ὑποταγῆναι καταναγκάσω αλλοφύλους μέν&#13;
τοι καλεῖ τοὺς παλαιστινοὺς ἡ θεία γραφὴ οὐχ ὡς τῶν ἄλλων &#13;
ἐθνῶν ὁμοφύλων ὄντων, ἀλλ' ὡς τῶν ἄλλων μὲν ἀφεστηκότ&#13;
τούτων δὲ οὐ μόνον ὁμόρων ὄντων, ἀλλὰ καὶ μεταξὺ κατοι&#13;
κούντων ουτως ιεβουσαῖοι τὴν ιλὴμ ωκησαν ἐπὶ πλεῖστον• &#13;
ουτως γαβαωνῖται τὴν γαβαών• καὶ γαζαῖοι δὲ καὶ ασκαλω&#13;
νῖται καὶ οἱ ἄλλοι πλησίον ωκουν καὶ ταῦτα σαφέστερον αἱ ἱ&#13;
στορίαι διδάσκουσιν ουτω ταῦτα ὑπὸ τοῦ θυ τῶν ὅλων διδαχθεὶς  &#13;
ο προφήτης, ἰδεῖν ἐφίεται τοῦ λαοῦ τὴν μετὰ τὴν ἐπάνοδον εὐκλη&#13;
ρίαν καί φησιν&#13;
Τίς ἀπάξει με εἰς πόλιν περιοχῆς ἢ τίς ὁδηγή&#13;
σει με ἕως τῆς ιδουμαίας οὐχὶ σὺ ο θς ὁ ἀπωσάμενος ἡμᾶς &#13;
Πόλιν περιοχῆς τὴν ιλημ καλεῖ. ταύτην ὁ σύμμαχος πεφραγμένη&#13;
ἡρμήνευσεν. επειδὴ γὰρ ἀνάστατος ἐγεγόνει κ ηρημωτο τῶν &#13;
τειχῶν μετὰ δὲ τὴν ἐπάνοδον τοὺς οἰκείους ἀπέλαβε περι&#13;
βόλους, ἰδεῖν αὐτὴν ὁ προφήτης τετειχισμένην ποθεῖ καὶ &#13;
ἕως της  ιδουμαίας ὡς βασιλεὺς δραμεῖν καὶ ἰδεῖν τοὺς ἀεὶ &#13;
δυσμενεῖς, δουλεύειν ἠναγκασμένους. ταῦτα δὲ φησὶν σὺ δρά&#13;
σον κε ὁ ἀπωσάμενος ἡμᾶς καὶ τη τῶν βαβυλωνίων πα&#13;
ραδοὺς δυναστεία• οὕτως τὰ ἀγαθὰ προθεσπίσας, ὑπὲρ τῶν&#13;
ανιαρῶν ἱκετεύει Καὶ οὐκ ἐξελεύση ὁ θς ἐν ταῖς δυνάμεσιν &#13;
ἡμῶν&#13;
Ὁρας ἡμᾶς φησὶν ουτω πικρῶς πολεμουμένους &#13;
καὶ οὐ στρατηγεῖς οὐδὲ ἀριστεύεις συνήθως Δὸς ἡμῖν βο&#13;
ήθειαν ἐκ θλίψεως καὶ ματαία σωτηρία ἀνου &#13;
Τὸν καί σύνδεσμον εναλλάξας ὁ σύμμαχος, σαφέστερον τὴν ἑρ&#13;
μηνείαν εἰργάσατο. ἔφη δὲ οὕτως• δὸς ἡμῖν βοήθειαν ἐκ θλί&#13;
ψεως• ματαία γὰρ σρία παρα ἀνου. επάμυνον φησὶν διακει&#13;
μένοις κακῶς• σοὶ γὰρ μόνω δυνατὸν διαλῦσαι τὰς συμφορ  </Unicode>
            </TextEquiv>
        </TextRegion>
    </Page>
</PcGts>
