<?xml version="1.0" encoding="UTF-8" standalone="yes"?>
<PcGts xmlns="http://schema.primaresearch.org/PAGE/gts/pagecontent/2013-07-15" xmlns:xsi="http://www.w3.org/2001/XMLSchema-instance" xsi:schemaLocation="http://schema.primaresearch.org/PAGE/gts/pagecontent/2013-07-15 http://schema.primaresearch.org/PAGE/gts/pagecontent/2013-07-15/pagecontent.xsd">
    <Metadata>
        <Creator>prov=University of Rostock/Institute of Mathematics/CITlab|PLANET AI GmbH/Gundram Leifert/gundram.leifert@planet-ai.de:name=HPGTR(htr_id=41125)::::v=2.6.7
prov=University of Rostock/Institute of Mathematics/CITlab|PLANET AI GmbH/Tobias Gruening/tobias.gruening@planet-ai.de:name=de.uros.citlab.module.baseline2polygon.B2PSeamMultiOriented:v=2.6.7
prov=University of Rostock/Institute of Mathematics/CITlab|PLANET AI GmbH/Tobias Gruening/tobias.gruening@planet-ai.de:name=/net_tf/LA73_249_0mod360.pb:de.uros.citlab.segmentation.CITlab_LA_ML:v=2.6.7
Transkribus</Creator>
        <Created>2021-09-19T17:37:25.495+03:00</Created>
        <LastChange>2023-06-07T11:29:01.314+02:00</LastChange>
        <TranskribusMetadata docId="1458633" pageId="56018975" pageNr="61" tsid="126333324" status="IN_PROGRESS" userId="99263" imgUrl="https://files.transkribus.eu/Get?id=UANXBEHJNQCOBWGSZDAGBWNY&amp;fileType=view" xmlUrl="https://files.transkribus.eu/Get?id=OVJIFBFTURNYYDTUXDGULNWG" imageId="23265856"/>
    </Metadata>
    <Page imageFilename="0061_91 Bodleian-Library-MS-Barocci-184_00031_fol-15r.jpg" imageWidth="2302" imageHeight="2803">
        <ReadingOrder>
            <OrderedGroup id="ro_1686139449665" caption="Regions reading order">
                <RegionRefIndexed index="0" regionRef="r1"/>
                <RegionRefIndexed index="1" regionRef="r2"/>
            </OrderedGroup>
        </ReadingOrder>
        <TextRegion orientation="0.0" id="r1" custom="readingOrder {index:0;}">
            <Coords points="231,386 231,2239 1475,2239 1475,386"/>
            <TextLine id="r1l1" custom="readingOrder {index:0;}">
                <Coords points="300,442 1248,414 1351,445 1449,427 1449,372 801,364 551,405 404,363 300,392"/>
                <Baseline points="308,428 364,428 421,426 478,426 534,425 591,423 648,422 704,422 761,420 818,419 875,419 931,417 988,417 1045,416 1101,416 1158,416 1215,416 1271,416 1328,416 1385,416 1442,417"/>
                <TextEquiv>
                    <Unicode>νην διανοιαν πλουσιαν την παρ εαυτης δωρειται</Unicode>
                </TextEquiv>
            </TextLine>
            <TextLine id="r1l2" custom="readingOrder {index:1;}">
                <Coords points="286,527 433,484 1460,504 1459,451 1227,442 286,469"/>
                <Baseline points="293,494 354,492 415,491 476,489 537,488 598,486 659,486 720,485 781,485 842,485 903,484 964,483 1025,483 1086,483 1147,483 1208,483 1269,485 1330,485 1391,485 1452,485"/>
                <TextEquiv>
                    <Unicode>χαριν αποστησαντες τοινυ εαυτους παντων </Unicode>
                </TextEquiv>
            </TextLine>
            <TextLine id="r1l3" custom="readingOrder {index:2;}">
                <Coords points="301,571 675,587 775,557 978,591 1426,558 1425,503 301,539"/>
                <Baseline points="308,561 363,560 419,560 474,559 530,558 585,558 641,557 696,557 752,557 807,557 863,555 919,555 974,555 1030,555 1085,554 1141,554 1196,554 1252,552 1307,552 1363,551 1419,551"/>
                <TextEquiv>
                    <Unicode>των βιωτικων και τας φροντιδας τας α</Unicode>
                </TextEquiv>
            </TextLine>
            <TextLine id="r1l4" custom="readingOrder {index:3;}">
                <Coords points="289,649 1092,618 1438,650 1437,572 288,596"/>
                <Baseline points="296,626 352,626 409,627 466,627 522,627 579,626 636,626 692,624 749,624 806,623 863,623 919,621 976,620 1033,620 1089,620 1146,618 1203,618 1259,618 1316,619 1373,620 1430,621"/>
                <TextEquiv>
                    <Unicode>κανθων δικην συμπνιγειν δυναμενας τον η</Unicode>
                </TextEquiv>
            </TextLine>
            <TextLine id="r1l5" custom="readingOrder {index:4;}">
                <Coords points="301,708 684,692 797,729 857,687 1019,682 1447,713 1408,633 300,651"/>
                <Baseline points="308,689 364,690 421,692 477,692 534,692 590,690 647,690 703,689 760,687 816,687 873,686 930,684 986,683 1043,681 1099,681 1156,680 1212,680 1269,680 1325,681 1382,681 1439,683"/>
                <TextEquiv>
                    <Unicode>μετερον λογισμον εξελοντες ολην εαυτων την</Unicode>
                </TextEquiv>
            </TextLine>
            <TextLine id="r1l6" custom="readingOrder {index:5;}">
                <Coords points="277,763 1325,766 1435,746 1435,711 765,728 723,695 351,728 276,699"/>
                <Baseline points="284,747 341,749 398,749 455,750 512,750 570,750 627,749 684,749 741,747 798,747 856,746 913,744 970,743 1027,743 1084,741 1142,740 1199,740 1256,738 1313,738 1370,738 1428,738"/>
                <TextEquiv>
                    <Unicode>διανοιαν μεταστησωμεν την των πνικων</Unicode>
                </TextEquiv>
            </TextLine>
            <TextLine id="r1l7" custom="readingOrder {index:6;}">
                <Coords points="287,816 528,847 1170,804 1394,829 1430,827 1430,778 1086,744 1021,788 967,757 650,797 286,758"/>
                <Baseline points="294,807 350,810 406,812 463,814 519,815 576,816 632,816 688,815 745,815 801,813 858,812 914,810 970,809 1027,807 1083,806 1140,804 1196,803 1252,803 1309,801 1365,801 1422,801"/>
                <TextEquiv>
                    <Unicode>επιθυμιαν ινα πολλην εντευθεν δεξαμενοι </Unicode>
                </TextEquiv>
            </TextLine>
            <TextLine id="r1l8" custom="readingOrder {index:7;}">
                <Coords points="286,889 506,917 646,875 1354,891 1459,874 1459,841 285,836"/>
                <Baseline points="293,870 350,873 408,875 466,876 524,876 582,876 640,876 698,876 756,875 814,875 872,873 929,872 987,870 1045,869 1103,868 1161,867 1219,866 1277,866 1335,866 1393,866 1451,866"/>
                <TextEquiv>
                    <Unicode>την αφελειαν κ κερδαναντες τι μεγα και γενναι</Unicode>
                </TextEquiv>
            </TextLine>
            <TextLine id="r1l9" custom="readingOrder {index:8;}">
                <Coords points="289,953 1405,946 1405,908 1307,886 880,920 289,904"/>
                <Baseline points="297,942 352,942 407,942 462,942 517,942 572,942 627,942 682,941 737,941 792,939 847,939 902,938 957,936 1012,936 1067,935 1122,934 1177,933 1232,933 1287,932 1342,932 1397,932"/>
                <TextEquiv>
                    <Unicode>ον ουτως εξελθωμεν αλλ ινα σαφεστερος</Unicode>
                </TextEquiv>
            </TextLine>
            <TextLine id="r1l10" custom="readingOrder {index:9;}">
                <Coords points="282,1017 1442,1012 1441,968 1224,953 282,974"/>
                <Baseline points="290,1001 347,1002 404,1004 461,1004 518,1002 576,1002 633,1001 690,1001 747,999 804,998 862,998 919,996 976,995 1033,995 1090,995 1148,995 1205,996 1262,997 1319,999 1376,1001 1434,1005"/>
                <TextEquiv>
                    <Unicode>υμιν ο λογος γενηται μικρα των χθες ειρημενων</Unicode>
                </TextEquiv>
            </TextLine>
            <TextLine id="r1l11" custom="readingOrder {index:10;}">
                <Coords points="274,1071 1466,1061 1466,1032 1288,1013 274,1013"/>
                <Baseline points="281,1061 339,1061 398,1059 457,1058 516,1058 575,1056 634,1055 692,1055 751,1055 810,1053 869,1053 928,1053 987,1053 1046,1053 1104,1053 1163,1053 1222,1055 1281,1055 1340,1056 1399,1058 1458,1059"/>
                <TextEquiv>
                    <Unicode>υπομνησομεν την υμετεραν αγαπην ιν ουτως</Unicode>
                </TextEquiv>
            </TextLine>
            <TextLine id="r1l12" custom="readingOrder {index:11;}">
                <Coords points="286,1135 1417,1127 1417,1088 1203,1070 1149,1099 286,1080"/>
                <Baseline points="293,1119 348,1118 404,1116 460,1115 516,1115 572,1115 628,1115 683,1115 739,1116 795,1116 851,1118 907,1118 963,1119 1019,1119 1074,1120 1130,1121 1186,1121 1242,1119 1298,1119 1354,1118 1410,1116"/>
                <TextEquiv>
                    <Unicode>καθαπερ σωμα εν κ τα σημερον μελλοντα</Unicode>
                </TextEquiv>
            </TextLine>
            <TextLine id="r1l13" custom="readingOrder {index:12;}">
                <Coords points="271,1200 1473,1205 1483,1141 272,1131"/>
                <Baseline points="279,1175 338,1173 398,1173 458,1173 518,1173 578,1175 637,1175 697,1176 757,1177 817,1178 877,1179 936,1181 996,1181 1056,1182 1116,1182 1176,1184 1235,1184 1295,1182 1355,1182 1415,1181 1475,1179"/>
                <TextEquiv>
                    <Unicode>ρηθησεσθαι συναψωμεν τοις χθες ειρημενοις</Unicode>
                </TextEquiv>
            </TextLine>
            <TextLine id="r1l14" custom="readingOrder {index:13;}">
                <Coords points="251,1244 1385,1261 1385,1214 1328,1202 466,1218 361,1185 251,1217"/>
                <Baseline points="258,1238 316,1238 375,1238 434,1239 493,1239 552,1240 611,1241 670,1242 729,1242 788,1244 846,1245 905,1247 964,1247 1023,1248 1082,1250 1141,1250 1200,1251 1259,1253 1318,1253 1377,1253"/>
                <TextEquiv>
                    <Unicode>εδεικνυμεν γαρ χθες καθαπερ μεμνησθε</Unicode>
                </TextEquiv>
            </TextLine>
            <TextLine id="r1l15" custom="readingOrder {index:14;}">
                <Coords points="265,1320 1222,1338 1398,1330 1419,1295 951,1254 836,1293 545,1254 265,1273"/>
                <Baseline points="273,1301 329,1302 386,1304 443,1304 500,1305 557,1305 614,1307 670,1307 727,1308 784,1308 841,1310 898,1310 955,1311 1012,1311 1068,1312 1125,1313 1182,1314 1239,1314 1296,1316 1353,1317 1410,1319"/>
                <TextEquiv>
                    <Unicode>πως ο μακαριος μωυσης διηγουμενος ημιν </Unicode>
                </TextEquiv>
            </TextLine>
            <TextLine id="r1l16" custom="readingOrder {index:15;}">
                <Coords points="271,1392 1272,1396 1408,1382 1408,1335 271,1336"/>
                <Baseline points="278,1365 334,1366 390,1367 446,1368 502,1369 558,1370 614,1370 670,1371 726,1371 782,1371 839,1373 895,1373 951,1373 1007,1373 1063,1374 1119,1374 1175,1374 1231,1376 1287,1376 1343,1377 1400,1377"/>
                <TextEquiv>
                    <Unicode>των στοιχειων τουτων των ορωμενων την δη</Unicode>
                </TextEquiv>
            </TextLine>
            <TextLine id="r1l17" custom="readingOrder {index:16;}">
                <Coords points="274,1456 1393,1461 1443,1449 1443,1392 274,1410"/>
                <Baseline points="282,1437 339,1439 397,1439 455,1440 512,1440 570,1440 628,1440 685,1440 743,1440 801,1442 859,1442 916,1442 974,1442 1032,1442 1089,1442 1147,1442 1205,1442 1262,1442 1320,1442 1378,1443 1436,1443"/>
                <TextEquiv>
                    <Unicode>μιουργιαν ελεγεν ότι εν αρχη εποιησεν ο θς</Unicode>
                </TextEquiv>
            </TextLine>
            <TextLine id="r1l18" custom="readingOrder {index:17;}">
                <Coords points="273,1520 690,1534 807,1502 1149,1543 1412,1514 1412,1477 1338,1459 1146,1488 1055,1450 274,1473"/>
                <Baseline points="281,1500 337,1500 393,1502 449,1502 505,1502 561,1503 617,1503 674,1503 730,1505 786,1505 842,1505 898,1505 954,1505 1010,1505 1067,1505 1123,1505 1179,1505 1235,1505 1291,1505 1347,1505 1404,1505"/>
                <TextEquiv>
                    <Unicode>τον ουνον και την γην η δε γη ην αορατος και</Unicode>
                </TextEquiv>
            </TextLine>
            <TextLine id="r1l19" custom="readingOrder {index:18;}">
                <Coords points="273,1581 1416,1601 1417,1535 1350,1519 1270,1556 899,1513 667,1548 592,1510 468,1549 274,1520"/>
                <Baseline points="281,1562 337,1562 393,1563 450,1563 506,1564 563,1565 619,1566 675,1566 732,1568 788,1568 845,1569 901,1569 957,1571 1014,1572 1070,1572 1127,1574 1183,1575 1239,1577 1296,1577 1352,1578 1409,1580"/>
                <TextEquiv>
                    <Unicode>ακατασκευαστος κ εδιδασκεν ημας την</Unicode>
                </TextEquiv>
            </TextLine>
            <TextLine id="r1l20" custom="readingOrder {index:19;}">
                <Coords points="262,1646 1362,1670 1423,1659 1424,1603 263,1582"/>
                <Baseline points="270,1623 327,1626 384,1628 441,1629 499,1631 556,1631 613,1632 671,1632 728,1634 785,1634 843,1634 900,1635 957,1635 1014,1635 1072,1637 1129,1638 1186,1640 1244,1641 1301,1643 1358,1646 1416,1649"/>
                <TextEquiv>
                    <Unicode>αιτιαν τινος ενεκεν και δια τι ουτως την γην</Unicode>
                </TextEquiv>
            </TextLine>
            <TextLine id="r1l21" custom="readingOrder {index:20;}">
                <Coords points="256,1688 505,1727 1408,1731 1387,1681 1030,1648 896,1678 257,1656"/>
                <Baseline points="263,1686 319,1689 376,1691 433,1694 490,1695 547,1697 604,1698 661,1698 718,1700 775,1700 832,1700 888,1700 945,1701 1002,1701 1059,1701 1116,1703 1173,1703 1230,1704 1287,1706 1344,1707 1401,1709"/>
                <TextEquiv>
                    <Unicode>παρηγαγεν αμορφωτον και αδιατυπωτον</Unicode>
                </TextEquiv>
            </TextLine>
            <TextLine id="r1l22" custom="readingOrder {index:21;}">
                <Coords points="264,1767 1442,1781 1442,1744 1357,1722 264,1735"/>
                <Baseline points="272,1755 330,1755 388,1755 446,1755 504,1755 562,1757 620,1757 678,1758 736,1758 794,1760 853,1761 911,1762 969,1763 1027,1764 1085,1766 1143,1766 1201,1767 1259,1768 1317,1769 1375,1769 1434,1770"/>
                <TextEquiv>
                    <Unicode>κ οιμαι υμας απαντα μετα ακριβειας κα</Unicode>
                </TextEquiv>
            </TextLine>
            <TextLine id="r1l23" custom="readingOrder {index:22;}">
                <Coords points="261,1844 1259,1833 1325,1875 1427,1852 1428,1811 262,1777"/>
                <Baseline points="269,1818 326,1818 384,1818 441,1818 499,1818 556,1820 614,1821 671,1821 729,1823 786,1824 844,1825 901,1826 959,1827 1016,1829 1074,1830 1131,1830 1189,1832 1246,1833 1304,1834 1361,1835 1419,1835"/>
                <TextEquiv>
                    <Unicode>τεχειν αναγκαιον ουν σημερον τοις ακολου</Unicode>
                </TextEquiv>
            </TextLine>
            <TextLine id="r1l24" custom="readingOrder {index:23;}">
                <Coords points="223,1896 733,1889 788,1937 888,1895 1453,1921 1454,1872 224,1838"/>
                <Baseline points="231,1875 291,1877 352,1880 413,1881 474,1883 534,1884 595,1886 656,1886 717,1887 777,1887 838,1889 899,1889 960,1889 1020,1890 1081,1892 1142,1893 1203,1895 1263,1896 1324,1899 1385,1902 1446,1905"/>
                <TextEquiv>
                    <Unicode>θως ειρημενοις επεξελθειν επειδη γαρ ειπεν </Unicode>
                </TextEquiv>
            </TextLine>
            <TextLine id="r1l25" custom="readingOrder {index:24;}">
                <Coords points="259,1956 1391,1990 1403,1934 260,1891"/>
                <Baseline points="267,1941 323,1943 379,1946 436,1947 492,1949 549,1949 605,1950 661,1950 718,1952 774,1952 831,1952 887,1953 943,1953 1000,1955 1056,1955 1113,1956 1169,1958 1225,1959 1282,1962 1338,1964 1395,1967"/>
                <TextEquiv>
                    <Unicode>η δε γη ην αορατος και ακατασκευαστος δι</Unicode>
                </TextEquiv>
            </TextLine>
            <TextLine id="r1l26" custom="readingOrder {index:25;}">
                <Coords points="247,2026 1412,2044 1412,2005 1141,1967 803,1997 249,1965"/>
                <Baseline points="255,2009 312,2010 369,2012 427,2013 484,2015 542,2015 599,2016 657,2018 714,2018 772,2019 829,2021 886,2022 944,2022 1001,2024 1059,2025 1116,2027 1174,2028 1231,2030 1289,2031 1346,2033 1404,2036"/>
                <TextEquiv>
                    <Unicode>δασκει ημας ακριβως ποθεν ην αορατος</Unicode>
                </TextEquiv>
            </TextLine>
            <TextLine id="r1l27" custom="readingOrder {index:26;}">
                <Coords points="252,2104 1374,2123 1429,2115 1431,2049 254,2056"/>
                <Baseline points="261,2073 319,2076 377,2079 435,2081 493,2082 551,2084 609,2085 667,2087 725,2087 783,2088 841,2088 899,2090 957,2091 1015,2091 1073,2093 1131,2094 1189,2096 1247,2099 1305,2102 1363,2104 1422,2108"/>
                <TextEquiv>
                    <Unicode>κ ακατασκευαστος φασκων κ σκοτος επα</Unicode>
                </TextEquiv>
            </TextLine>
            <TextLine id="r1l28" custom="readingOrder {index:27;}">
                <Coords points="254,2149 1017,2153 1249,2201 1328,2165 1389,2187 1390,2137 1015,2103 590,2128 415,2090 254,2114"/>
                <Baseline points="261,2139 317,2141 373,2143 429,2145 485,2146 541,2147 597,2148 653,2150 709,2150 765,2151 821,2151 877,2153 933,2153 989,2154 1045,2154 1101,2156 1157,2156 1213,2157 1269,2159 1325,2160 1382,2160"/>
                <TextEquiv>
                    <Unicode>νω της αβυσσου και πνα θυ επεφερετο </Unicode>
                </TextEquiv>
            </TextLine>
            <TextLine id="r1l29" custom="readingOrder {index:28;}">
                <Coords points="243,2209 921,2215 1034,2258 1112,2227 1217,2257 1380,2236 1381,2190 542,2188 244,2148"/>
                <Baseline points="251,2198 307,2202 363,2204 419,2206 475,2208 531,2210 587,2211 643,2213 699,2213 755,2214 812,2214 868,2216 924,2216 980,2217 1036,2217 1092,2219 1148,2220 1204,2220 1260,2222 1316,2223 1373,2225"/>
                <TextEquiv>
                    <Unicode>επανω του υδατος σκοπει μοι ενταυθα  </Unicode>
                </TextEquiv>
            </TextLine>
            <TextEquiv>
                <Unicode>νην διανοιαν πλουσιαν την παρ εαυτης δωρειται&#13;
χαριν αποστησαντες τοινυ εαυτους παντων &#13;
των βιωτικων και τας φροντιδας τας α&#13;
κανθων δικην συμπνιγειν δυναμενας τον η&#13;
μετερον λογισμον εξελοντες ολην εαυτων την&#13;
διανοιαν μεταστησωμεν την των πνικων&#13;
επιθυμιαν ινα πολλην εντευθεν δεξαμενοι &#13;
την αφελειαν κ κερδαναντες τι μεγα και γενναι&#13;
ον ουτως εξελθωμεν αλλ ινα σαφεστερος&#13;
υμιν ο λογος γενηται μικρα των χθες ειρημενων&#13;
υπομνησομεν την υμετεραν αγαπην ιν ουτως&#13;
καθαπερ σωμα εν κ τα σημερον μελλοντα&#13;
ρηθησεσθαι συναψωμεν τοις χθες ειρημενοις&#13;
εδεικνυμεν γαρ χθες καθαπερ μεμνησθε&#13;
πως ο μακαριος μωυσης διηγουμενος ημιν &#13;
των στοιχειων τουτων των ορωμενων την δη&#13;
μιουργιαν ελεγεν ότι εν αρχη εποιησεν ο θς&#13;
τον ουνον και την γην η δε γη ην αορατος και&#13;
ακατασκευαστος κ εδιδασκεν ημας την&#13;
αιτιαν τινος ενεκεν και δια τι ουτως την γην&#13;
παρηγαγεν αμορφωτον και αδιατυπωτον&#13;
κ οιμαι υμας απαντα μετα ακριβειας κα&#13;
τεχειν αναγκαιον ουν σημερον τοις ακολου&#13;
θως ειρημενοις επεξελθειν επειδη γαρ ειπεν &#13;
η δε γη ην αορατος και ακατασκευαστος δι&#13;
δασκει ημας ακριβως ποθεν ην αορατος&#13;
κ ακατασκευαστος φασκων κ σκοτος επα&#13;
νω της αβυσσου και πνα θυ επεφερετο &#13;
επανω του υδατος σκοπει μοι ενταυθα  </Unicode>
            </TextEquiv>
        </TextRegion>
        <TextRegion orientation="0.0" id="r2" custom="readingOrder {index:1;}">
            <Coords points="1797,67 1797,227 1871,227 1871,67"/>
            <TextEquiv>
                <Unicode></Unicode>
            </TextEquiv>
        </TextRegion>
    </Page>
</PcGts>
