<?xml version="1.0" encoding="UTF-8" standalone="yes"?>
<PcGts xmlns="http://schema.primaresearch.org/PAGE/gts/pagecontent/2013-07-15" xmlns:xsi="http://www.w3.org/2001/XMLSchema-instance" xsi:schemaLocation="http://schema.primaresearch.org/PAGE/gts/pagecontent/2013-07-15 http://schema.primaresearch.org/PAGE/gts/pagecontent/2013-07-15/pagecontent.xsd">
    <Metadata>
        <Creator>prov=University of Rostock/Institute of Mathematics/CITlab|PLANET AI GmbH/Gundram Leifert/gundram.leifert@planet-ai.de:name=HPGTR(htr_id=41125)::::v=2.6.7
prov=University of Rostock/Institute of Mathematics/CITlab|PLANET AI GmbH/Tobias Gruening/tobias.gruening@planet-ai.de:name=de.uros.citlab.module.baseline2polygon.B2PSeamMultiOriented:v=2.6.7
prov=University of Rostock/Institute of Mathematics/CITlab|PLANET AI GmbH/Tobias Gruening/tobias.gruening@planet-ai.de:name=/net_tf/LA73_249_0mod360.pb:de.uros.citlab.segmentation.CITlab_LA_ML:v=2.6.7
Transkribus</Creator>
        <Created>2021-09-19T17:37:25.629+03:00</Created>
        <LastChange>2023-06-07T11:32:12.307+02:00</LastChange>
        <TranskribusMetadata docId="1458633" pageId="56018976" pageNr="62" tsid="126333866" status="IN_PROGRESS" userId="99263" imgUrl="https://files.transkribus.eu/Get?id=AEAAXZNUOPXTHOXNQQPSVWPO&amp;fileType=view" xmlUrl="https://files.transkribus.eu/Get?id=RABDUOVCDVWHJWJBTZPBYUET" imageId="23265857"/>
    </Metadata>
    <Page imageFilename="0062_92 Bodleian-Library-MS-Barocci-184_00032_fol-15v.jpg" imageWidth="2265" imageHeight="2803">
        <ReadingOrder>
            <OrderedGroup id="ro_1686139449784" caption="Regions reading order">
                <RegionRefIndexed index="0" regionRef="r1"/>
                <RegionRefIndexed index="1" regionRef="r2"/>
            </OrderedGroup>
        </ReadingOrder>
        <TextRegion orientation="0.0" id="r1" custom="readingOrder {index:0;}">
            <Coords points="576,1348 576,1507 666,1507 666,1348"/>
            <TextEquiv>
                <Unicode></Unicode>
            </TextEquiv>
        </TextRegion>
        <TextRegion orientation="0.0" id="r2" custom="readingOrder {index:1;}">
            <Coords points="816,395 816,2240 2034,2240 2034,395"/>
            <TextLine id="r2l1" custom="readingOrder {index:0;}">
                <Coords points="823,452 2041,472 2042,411 1979,398 825,378"/>
                <Baseline points="831,428 891,426 951,426 1011,426 1071,426 1131,428 1191,429 1252,431 1312,434 1372,435 1432,438 1492,441 1552,443 1612,445 1673,447 1733,449 1793,450 1853,450 1913,452 1973,452 2034,450"/>
                <TextEquiv>
                    <Unicode>του μακαριου προφητου το απορρητον κ όπως</Unicode>
                </TextEquiv>
            </TextLine>
            <TextLine id="r2l2" custom="readingOrder {index:1;}">
                <Coords points="852,514 1604,512 1971,559 1998,468 854,458"/>
                <Baseline points="861,488 917,488 973,489 1030,489 1086,491 1143,493 1199,494 1255,497 1312,498 1368,501 1425,503 1481,505 1537,507 1594,509 1650,510 1707,512 1763,513 1819,514 1876,515 1932,515 1989,513"/>
                <TextEquiv>
                    <Unicode>ου παντα κατά μερος  διηγειται τα δημιουργη</Unicode>
                </TextEquiv>
            </TextLine>
            <TextLine id="r2l3" custom="readingOrder {index:2;}">
                <Coords points="847,569 1987,593 1988,552 1678,525 849,514"/>
                <Baseline points="855,554 911,554 967,555 1023,557 1080,558 1136,559 1192,561 1248,562 1305,564 1361,566 1417,567 1473,569 1530,572 1586,573 1642,575 1698,577 1755,579 1811,581 1867,582 1923,582 1980,584"/>
                <TextEquiv>
                    <Unicode>θεντα αλλα τα σνεκτικωτερα των στοι</Unicode>
                </TextEquiv>
            </TextLine>
            <TextLine id="r2l4" custom="readingOrder {index:3;}">
                <Coords points="846,650 1223,630 1759,678 1969,663 1971,600 1682,586 1541,620 848,583"/>
                <Baseline points="854,626 909,624 964,623 1020,623 1075,623 1131,623 1186,625 1241,627 1297,629 1352,632 1408,635 1463,637 1518,639 1574,642 1629,644 1685,647 1740,648 1795,648 1851,648 1906,648 1962,647"/>
                <TextEquiv>
                    <Unicode>χειων διδαξας ημας και ουνου και γης μνη</Unicode>
                </TextEquiv>
            </TextLine>
            <TextLine id="r2l5" custom="readingOrder {index:4;}">
                <Coords points="848,717 1207,686 1975,736 2006,675 849,659"/>
                <Baseline points="855,696 912,692 969,689 1026,687 1083,687 1140,687 1197,688 1255,690 1312,693 1369,696 1426,698 1483,701 1540,704 1597,707 1655,710 1712,711 1769,713 1826,713 1883,713 1940,711 1998,708"/>
                <TextEquiv>
                    <Unicode>μονευσας τα αλλα παραλιμπανει ουδαμου</Unicode>
                </TextEquiv>
            </TextLine>
            <TextLine id="r2l6" custom="readingOrder {index:5;}">
                <Coords points="865,770 1165,747 2025,800 2037,721 1815,751 1293,698 866,720"/>
                <Baseline points="872,756 929,752 987,749 1045,747 1103,747 1161,747 1218,749 1276,750 1334,752 1392,755 1450,758 1507,761 1565,764 1623,767 1681,769 1739,771 1796,773 1854,774 1912,774 1970,774 2028,773"/>
                <TextEquiv>
                    <Unicode>γαρ ειπων των υδατων την δημιουργιαν φησιν</Unicode>
                </TextEquiv>
            </TextLine>
            <TextLine id="r2l7" custom="readingOrder {index:6;}">
                <Coords points="857,836 1356,818 1609,857 1926,842 1975,876 1977,788 1551,807 1162,758 859,785"/>
                <Baseline points="866,813 921,813 976,812 1031,812 1086,812 1141,813 1196,813 1251,815 1306,816 1361,818 1417,820 1472,822 1527,824 1582,827 1637,830 1692,831 1747,834 1802,836 1857,838 1912,840 1968,842"/>
                <TextEquiv>
                    <Unicode>κ σκοτος επανω της αβυσσου και πνα θυ</Unicode>
                </TextEquiv>
            </TextLine>
            <TextLine id="r2l8" custom="readingOrder {index:7;}">
                <Coords points="855,892 1754,888 1984,921 1985,866 1936,857 857,836"/>
                <Baseline points="863,882 918,881 974,879 1030,878 1085,876 1141,876 1197,876 1252,876 1308,878 1364,879 1420,880 1475,882 1531,884 1587,887 1642,888 1698,891 1754,894 1809,898 1865,901 1921,904 1977,908"/>
                <TextEquiv>
                    <Unicode>επεφερετο επανω του υδατος τουτο γαρ</Unicode>
                </TextEquiv>
            </TextLine>
            <TextLine id="r2l9" custom="readingOrder {index:8;}">
                <Coords points="829,960 1957,983 1969,940 830,888"/>
                <Baseline points="837,948 893,947 949,945 1005,945 1061,944 1118,944 1174,944 1230,944 1286,945 1342,945 1399,947 1455,947 1511,950 1567,951 1623,953 1680,954 1736,957 1792,959 1848,961 1904,964 1961,966"/>
                <TextEquiv>
                    <Unicode>ην το καλυπτον της γης το προσωπον το</Unicode>
                </TextEquiv>
            </TextLine>
            <TextLine id="r2l10" custom="readingOrder {index:9;}">
                <Coords points="864,1020 2028,1046 2029,990 1493,992 1286,954 864,986"/>
                <Baseline points="872,1011 929,1010 986,1010 1044,1009 1101,1008 1159,1008 1216,1008 1274,1008 1331,1008 1389,1008 1446,1008 1503,1008 1561,1010 1618,1010 1676,1011 1733,1013 1791,1016 1848,1018 1906,1021 1963,1024 2021,1028"/>
                <TextEquiv>
                    <Unicode>σκοτος λεγω και η αβυσσος των υδατων</Unicode>
                </TextEquiv>
            </TextLine>
            <TextLine id="r2l11" custom="readingOrder {index:10;}">
                <Coords points="856,1076 2012,1093 2012,1045 1873,1023 856,1029"/>
                <Baseline points="863,1068 920,1070 977,1070 1034,1071 1091,1071 1148,1070 1205,1070 1262,1070 1319,1070 1376,1069 1433,1068 1490,1068 1547,1068 1604,1068 1661,1068 1718,1070 1775,1071 1832,1072 1889,1073 1946,1076 2004,1079"/>
                <TextEquiv>
                    <Unicode>εμαθομεν εντευθεν ότι απαν το ορωμενον</Unicode>
                </TextEquiv>
            </TextLine>
            <TextLine id="r2l12" custom="readingOrder {index:11;}">
                <Coords points="859,1138 1031,1168 1198,1135 2020,1136 2020,1091 1916,1081 1478,1114 859,1078"/>
                <Baseline points="867,1130 924,1132 981,1134 1038,1134 1096,1136 1153,1136 1210,1136 1267,1136 1325,1136 1382,1134 1439,1134 1496,1133 1554,1133 1611,1133 1668,1133 1725,1133 1783,1133 1840,1133 1897,1134 1954,1136 2012,1137"/>
                <TextEquiv>
                    <Unicode>αβυσσος ην υδατων σκοτω κεκαλυμενη</Unicode>
                </TextEquiv>
            </TextLine>
            <TextLine id="r2l14" custom="readingOrder {index:12;}">
                <Coords points="898,1212 1983,1213 2003,1144 1664,1178 1300,1136 990,1172 898,1140"/>
                <Baseline points="906,1187 960,1190 1014,1191 1069,1193 1123,1194 1178,1196 1232,1197 1287,1197 1341,1199 1396,1199 1450,1199 1504,1199 1559,1199 1613,1199 1668,1199 1722,1199 1777,1199 1831,1198 1886,1197 1940,1197 1995,1197"/>
                <TextEquiv>
                    <Unicode>κ εδειτο του σοφου δημιουργου ώστε πασαν</Unicode>
                </TextEquiv>
            </TextLine>
            <TextLine id="r2l15" custom="readingOrder {index:13;}">
                <Coords points="853,1273 1841,1304 1990,1274 1991,1238 1900,1209 1787,1238 853,1229"/>
                <Baseline points="860,1260 916,1260 972,1262 1028,1262 1084,1262 1140,1263 1196,1263 1253,1263 1309,1265 1365,1265 1421,1265 1477,1265 1533,1266 1589,1266 1646,1266 1702,1265 1758,1265 1814,1265 1870,1263 1926,1262 1983,1262"/>
                <TextEquiv>
                    <Unicode>ταυτης την αμορφιαν εξελειν και εις ευκο</Unicode>
                </TextEquiv>
            </TextLine>
            <TextLine id="r2l16" custom="readingOrder {index:14;}">
                <Coords points="867,1346 1881,1350 2006,1335 2006,1284 867,1289"/>
                <Baseline points="875,1328 931,1326 987,1325 1043,1323 1099,1323 1155,1323 1211,1323 1268,1325 1324,1325 1380,1325 1436,1326 1492,1327 1548,1328 1604,1328 1661,1329 1717,1329 1773,1328 1829,1328 1885,1326 1941,1323 1998,1322"/>
                <TextEquiv>
                    <Unicode>σμιαν τινα τα παντα αγαγειν και σκοτος </Unicode>
                </TextEquiv>
            </TextLine>
            <TextLine id="r2l17" custom="readingOrder {index:15;}">
                <Coords points="809,1419 1288,1382 1997,1400 1997,1330 1804,1365 1282,1332 991,1361 809,1312"/>
                <Baseline points="816,1385 874,1385 933,1385 991,1385 1050,1385 1109,1385 1167,1385 1226,1385 1285,1385 1343,1385 1402,1385 1461,1385 1519,1386 1578,1386 1637,1386 1695,1386 1754,1386 1813,1386 1871,1386 1930,1386 1989,1388"/>
                <TextEquiv>
                    <Unicode>φησιν επανω της αβυσσου και πνα θυ ε</Unicode>
                </TextEquiv>
            </TextLine>
            <TextLine id="r2l18" custom="readingOrder {index:16;}">
                <Coords points="864,1459 1984,1476 1975,1396 1827,1431 1656,1401 1582,1432 1528,1391 1284,1427 864,1404"/>
                <Baseline points="872,1449 927,1449 982,1449 1037,1449 1092,1449 1148,1449 1203,1451 1258,1451 1313,1451 1368,1452 1424,1452 1479,1452 1534,1454 1589,1454 1644,1454 1700,1455 1755,1455 1810,1455 1865,1455 1920,1455 1976,1455"/>
                <TextEquiv>
                    <Unicode>πανω του υδατος τι βουλεται του τι το ει</Unicode>
                </TextEquiv>
            </TextLine>
            <TextLine id="r2l19" custom="readingOrder {index:17;}">
                <Coords points="860,1542 1066,1513 1229,1546 1953,1535 2017,1526 2017,1480 860,1482"/>
                <Baseline points="867,1518 924,1518 981,1517 1038,1515 1095,1515 1152,1515 1209,1515 1267,1515 1324,1515 1381,1515 1438,1515 1495,1517 1552,1517 1609,1517 1667,1517 1724,1518 1781,1518 1838,1518 1895,1517 1952,1517 2010,1517"/>
                <TextEquiv>
                    <Unicode>ρημενον πνα φησι θυ επεφερετο επανω </Unicode>
                </TextEquiv>
            </TextLine>
            <TextLine id="r2l20" custom="readingOrder {index:18;}">
                <Coords points="853,1605 1999,1595 2014,1535 853,1540"/>
                <Baseline points="861,1590 918,1587 975,1585 1032,1583 1090,1581 1147,1581 1204,1581 1261,1580 1319,1580 1376,1581 1433,1581 1490,1581 1548,1583 1605,1583 1662,1583 1719,1584 1777,1584 1834,1584 1891,1583 1948,1583 2006,1581"/>
                <TextEquiv>
                    <Unicode>του υδατος εμοι δοκει τουτο σημαινειν ότι</Unicode>
                </TextEquiv>
            </TextLine>
            <TextLine id="r2l21" custom="readingOrder {index:19;}">
                <Coords points="854,1663 1961,1674 2017,1663 2017,1604 853,1605"/>
                <Baseline points="861,1658 918,1655 975,1652 1033,1650 1090,1648 1148,1647 1205,1646 1263,1644 1320,1644 1378,1644 1435,1644 1492,1644 1550,1644 1607,1644 1665,1644 1722,1644 1780,1644 1837,1644 1895,1644 1952,1644 2010,1644"/>
                <TextEquiv>
                    <Unicode>ενεργεια τις ζωτικη προσην τοις υδασι</Unicode>
                </TextEquiv>
            </TextLine>
            <TextLine id="r2l22" custom="readingOrder {index:20;}">
                <Coords points="860,1750 1016,1717 1999,1729 1998,1680 1902,1655 1476,1684 1355,1647 1312,1682 1094,1692 859,1662"/>
                <Baseline points="867,1722 923,1718 979,1715 1035,1713 1091,1711 1148,1709 1204,1709 1260,1707 1316,1707 1372,1707 1429,1707 1485,1706 1541,1707 1597,1707 1653,1707 1710,1706 1766,1706 1822,1706 1878,1706 1934,1704 1991,1703"/>
                <TextEquiv>
                    <Unicode>κ ουκ ην απλως υδωρ εστως και ακινητον </Unicode>
                </TextEquiv>
            </TextLine>
            <TextLine id="r2l23" custom="readingOrder {index:21;}">
                <Coords points="853,1790 1993,1779 1992,1734 1766,1715 1653,1747 853,1744"/>
                <Baseline points="861,1787 917,1784 973,1780 1029,1778 1085,1776 1142,1773 1198,1772 1254,1770 1310,1769 1366,1768 1423,1767 1479,1767 1535,1767 1591,1766 1647,1766 1704,1766 1760,1766 1816,1766 1872,1766 1928,1766 1985,1766"/>
                <TextEquiv>
                    <Unicode>αλλα κινουμενον και ζωτικην την δυναμιν</Unicode>
                </TextEquiv>
            </TextLine>
            <TextLine id="r2l24" custom="readingOrder {index:22;}">
                <Coords points="866,1862 2028,1844 2027,1768 1581,1811 865,1797"/>
                <Baseline points="873,1848 930,1844 987,1842 1045,1839 1102,1838 1160,1836 1217,1835 1274,1835 1332,1833 1389,1833 1447,1833 1504,1833 1561,1833 1619,1833 1676,1832 1734,1832 1791,1830 1848,1830 1906,1828 1963,1826 2021,1823"/>
                <TextEquiv>
                    <Unicode>εχον το γαρ ακινητον παντι αχρηστον  το δε</Unicode>
                </TextEquiv>
            </TextLine>
            <TextLine id="r2l25" custom="readingOrder {index:23;}">
                <Coords points="869,1914 2005,1904 2004,1854 868,1860"/>
                <Baseline points="876,1905 932,1904 988,1902 1044,1902 1100,1901 1156,1899 1212,1899 1268,1898 1324,1898 1380,1896 1437,1896 1493,1895 1549,1895 1605,1893 1661,1893 1717,1893 1773,1892 1829,1892 1885,1892 1941,1890 1998,1890"/>
                <TextEquiv>
                    <Unicode>κινουμενον προς πολλα επιτηδειον ιν ουν</Unicode>
                </TextEquiv>
            </TextLine>
            <TextLine id="r2l26" custom="readingOrder {index:24;}">
                <Coords points="854,1984 1996,1965 1996,1921 1892,1905 854,1914"/>
                <Baseline points="861,1964 917,1962 973,1962 1030,1961 1086,1959 1142,1959 1199,1959 1255,1959 1311,1958 1368,1958 1424,1958 1480,1958 1537,1958 1593,1958 1649,1958 1706,1956 1762,1956 1818,1956 1875,1955 1931,1953 1988,1952"/>
                <TextEquiv>
                    <Unicode>διδαξη ημας ότι το υδωρ τουτο το πολύ</Unicode>
                </TextEquiv>
            </TextLine>
            <TextLine id="r2l27" custom="readingOrder {index:25;}">
                <Coords points="857,2044 1709,2054 2020,2031 2020,1997 856,1984"/>
                <Baseline points="864,2030 921,2030 978,2030 1036,2028 1093,2028 1151,2028 1208,2028 1265,2028 1323,2028 1380,2027 1438,2027 1495,2027 1552,2025 1610,2025 1667,2024 1725,2023 1782,2022 1839,2021 1897,2020 1954,2019 2012,2018"/>
                <TextEquiv>
                    <Unicode>και αμηχανον τινα δυναμιν ειχεν ζωτικην</Unicode>
                </TextEquiv>
            </TextLine>
            <TextLine id="r2l28" custom="readingOrder {index:26;}">
                <Coords points="853,2111 1515,2089 1744,2120 1842,2088 1984,2120 2037,2057 1934,2028 1241,2072 852,2051"/>
                <Baseline points="860,2096 918,2097 977,2097 1035,2097 1094,2096 1152,2096 1211,2095 1269,2094 1328,2094 1386,2093 1445,2091 1503,2090 1562,2090 1620,2088 1679,2088 1737,2087 1796,2087 1854,2085 1913,2085 1971,2085 2030,2085"/>
                <TextEquiv>
                    <Unicode>δια τουτο φησι και πνα θυ επεφερετο επα</Unicode>
                </TextEquiv>
            </TextLine>
            <TextLine id="r2l29" custom="readingOrder {index:27;}">
                <Coords points="847,2188 1547,2147 1625,2184 1953,2175 2019,2159 2019,2115 847,2129"/>
                <Baseline points="854,2162 911,2160 969,2159 1027,2158 1085,2157 1143,2156 1201,2154 1259,2154 1317,2154 1375,2153 1433,2153 1490,2153 1548,2151 1606,2151 1664,2150 1722,2150 1780,2148 1838,2148 1896,2147 1954,2145 2012,2144"/>
                <TextEquiv>
                    <Unicode>νω του υδατος τουτο δε ουχ απλως παρα </Unicode>
                </TextEquiv>
            </TextLine>
            <TextLine id="r2l30" custom="readingOrder {index:28;}">
                <Coords points="850,2248 1152,2227 1440,2267 1631,2221 2029,2250 2028,2181 1913,2158 1730,2196 1483,2163 1310,2199 1120,2162 1017,2204 849,2189"/>
                <Baseline points="857,2225 915,2225 973,2225 1031,2225 1089,2225 1148,2223 1206,2223 1264,2223 1322,2222 1380,2222 1439,2220 1497,2220 1555,2219 1613,2219 1671,2217 1730,2217 1788,2216 1846,2216 1904,2214 1962,2214 2021,2213"/>
                <TextEquiv>
                    <Unicode>λαβουσα η θεια γραφη λεγει αλλ επειδη προ </Unicode>
                </TextEquiv>
            </TextLine>
            <TextEquiv>
                <Unicode>του μακαριου προφητου το απορρητον κ όπως&#13;
ου παντα κατά μερος  διηγειται τα δημιουργη&#13;
θεντα αλλα τα σνεκτικωτερα των στοι&#13;
χειων διδαξας ημας και ουνου και γης μνη&#13;
μονευσας τα αλλα παραλιμπανει ουδαμου&#13;
γαρ ειπων των υδατων την δημιουργιαν φησιν&#13;
κ σκοτος επανω της αβυσσου και πνα θυ&#13;
επεφερετο επανω του υδατος τουτο γαρ&#13;
ην το καλυπτον της γης το προσωπον το&#13;
σκοτος λεγω και η αβυσσος των υδατων&#13;
εμαθομεν εντευθεν ότι απαν το ορωμενον&#13;
αβυσσος ην υδατων σκοτω κεκαλυμενη&#13;
κ εδειτο του σοφου δημιουργου ώστε πασαν&#13;
ταυτης την αμορφιαν εξελειν και εις ευκο&#13;
σμιαν τινα τα παντα αγαγειν και σκοτος &#13;
φησιν επανω της αβυσσου και πνα θυ ε&#13;
πανω του υδατος τι βουλεται του τι το ει&#13;
ρημενον πνα φησι θυ επεφερετο επανω &#13;
του υδατος εμοι δοκει τουτο σημαινειν ότι&#13;
ενεργεια τις ζωτικη προσην τοις υδασι&#13;
κ ουκ ην απλως υδωρ εστως και ακινητον &#13;
αλλα κινουμενον και ζωτικην την δυναμιν&#13;
εχον το γαρ ακινητον παντι αχρηστον  το δε&#13;
κινουμενον προς πολλα επιτηδειον ιν ουν&#13;
διδαξη ημας ότι το υδωρ τουτο το πολύ&#13;
και αμηχανον τινα δυναμιν ειχεν ζωτικην&#13;
δια τουτο φησι και πνα θυ επεφερετο επα&#13;
νω του υδατος τουτο δε ουχ απλως παρα &#13;
λαβουσα η θεια γραφη λεγει αλλ επειδη προ </Unicode>
            </TextEquiv>
        </TextRegion>
    </Page>
</PcGts>
