<?xml version="1.0" encoding="UTF-8" standalone="yes"?>
<PcGts xmlns="http://schema.primaresearch.org/PAGE/gts/pagecontent/2013-07-15" xmlns:xsi="http://www.w3.org/2001/XMLSchema-instance" xsi:schemaLocation="http://schema.primaresearch.org/PAGE/gts/pagecontent/2013-07-15 http://schema.primaresearch.org/PAGE/gts/pagecontent/2013-07-15/pagecontent.xsd">
    <Metadata>
        <Creator>prov=University of Rostock/Institute of Mathematics/CITlab|PLANET AI GmbH/Gundram Leifert/gundram.leifert@planet-ai.de:name=HPGTR(htr_id=41125)::::v=2.6.7
prov=University of Rostock/Institute of Mathematics/CITlab|PLANET AI GmbH/Tobias Gruening/tobias.gruening@planet-ai.de:name=de.uros.citlab.module.baseline2polygon.B2PSeamMultiOriented:v=2.6.7
prov=University of Rostock/Institute of Mathematics/CITlab|PLANET AI GmbH/Tobias Gruening/tobias.gruening@planet-ai.de:name=/net_tf/LA73_249_0mod360.pb:de.uros.citlab.segmentation.CITlab_LA_ML:v=2.6.7
Transkribus</Creator>
        <Created>2021-09-19T17:37:25.762+03:00</Created>
        <LastChange>2023-06-07T11:36:10.434+02:00</LastChange>
        <TranskribusMetadata docId="1458633" pageId="56018977" pageNr="63" tsid="126334911" status="IN_PROGRESS" userId="99263" imgUrl="https://files.transkribus.eu/Get?id=LGIKEHVQTVFKWPTWMETJUTKO&amp;fileType=view" xmlUrl="https://files.transkribus.eu/Get?id=YTRWHAMODVALRSJEFEFWHBPN" imageId="23265858"/>
    </Metadata>
    <Page imageFilename="0063_93 Bodleian-Library-MS-Barocci-184_00033_fol-16r.jpg" imageWidth="2302" imageHeight="2803">
        <ReadingOrder>
            <OrderedGroup id="ro_1686139449907" caption="Regions reading order">
                <RegionRefIndexed index="0" regionRef="r1"/>
                <RegionRefIndexed index="1" regionRef="r2"/>
            </OrderedGroup>
        </ReadingOrder>
        <TextRegion orientation="0.0" id="r1" custom="readingOrder {index:0;}">
            <Coords points="224,365 224,2225 1481,2225 1481,365"/>
            <TextLine id="r1l1" custom="readingOrder {index:0;}">
                <Coords points="287,423 1267,403 1424,440 1422,322 1304,365 1035,343 957,383 843,345 286,378"/>
                <Baseline points="294,414 350,413 406,413 462,411 518,410 574,410 630,408 686,407 742,407 798,405 854,404 910,403 966,402 1022,401 1078,401 1134,399 1190,399 1246,398 1302,396 1358,396 1415,395"/>
                <TextEquiv>
                    <Unicode>ιουσαι μελλει διηγεισθαι ημιν ότι και ζωα εκ</Unicode>
                </TextEquiv>
            </TextLine>
            <TextLine id="r1l2" custom="readingOrder {index:1;}">
                <Coords points="284,501 1271,491 1425,478 1425,440 696,452 553,422 283,453"/>
                <Baseline points="290,482 346,483 402,483 459,482 515,482 572,480 628,479 684,477 741,476 797,474 854,473 910,471 966,470 1023,468 1079,467 1136,467 1192,465 1248,465 1305,465 1361,467 1418,468"/>
                <TextEquiv>
                    <Unicode>τουτων των υδατων κατά προσταγμα του</Unicode>
                </TextEquiv>
            </TextLine>
            <TextLine id="r1l3" custom="readingOrder {index:2;}">
                <Coords points="295,569 1414,545 1413,510 1247,479 937,516 698,485 533,524 294,504"/>
                <Baseline points="302,545 357,545 412,545 467,545 522,543 578,543 633,542 688,540 743,540 798,539 854,537 909,536 964,534 1019,534 1074,533 1130,532 1185,531 1240,531 1295,531 1350,531 1406,533"/>
                <TextEquiv>
                    <Unicode>των απαντων δημιουργου παρηχθη δια του</Unicode>
                </TextEquiv>
            </TextLine>
            <TextLine id="r1l4" custom="readingOrder {index:3;}">
                <Coords points="294,634 1151,599 1439,624 1420,535 1340,568 1244,542 294,585"/>
                <Baseline points="302,609 358,609 414,609 471,608 527,608 584,606 640,605 697,603 753,602 810,600 866,599 922,597 979,596 1035,596 1092,594 1148,594 1205,596 1261,596 1318,598 1374,600 1431,603"/>
                <TextEquiv>
                    <Unicode>το εντευθεν ηδη διδασκει τον ακροατην ότι ου</Unicode>
                </TextEquiv>
            </TextLine>
            <TextLine id="r1l5" custom="readingOrder {index:4;}">
                <Coords points="295,697 1457,678 1456,634 1369,611 1027,650 294,634"/>
                <Baseline points="302,675 359,675 416,677 474,677 531,677 588,675 646,674 703,673 760,671 818,669 875,668 932,667 990,665 1047,664 1104,663 1162,662 1219,662 1276,662 1334,663 1391,664 1449,666"/>
                <TextEquiv>
                    <Unicode>χ απλως υδωρ ην συνεστος αλλα κινουμενον</Unicode>
                </TextEquiv>
            </TextLine>
            <TextLine id="r1l6" custom="readingOrder {index:5;}">
                <Coords points="283,777 408,741 466,777 785,735 1248,763 1379,734 1378,702 1267,673 282,715"/>
                <Baseline points="290,743 344,743 398,741 452,741 506,740 560,738 614,737 668,735 722,734 776,732 830,731 884,729 938,728 992,727 1046,726 1100,725 1154,725 1208,723 1262,723 1316,723 1371,723"/>
                <TextEquiv>
                    <Unicode>κ διατρεχον και τα παντα επικλυζον </Unicode>
                </TextEquiv>
            </TextLine>
            <TextLine id="r1l7" custom="readingOrder {index:6;}">
                <Coords points="264,801 563,834 1462,796 1433,749 264,775"/>
                <Baseline points="272,795 331,798 390,800 449,800 508,801 567,801 626,800 686,799 745,797 804,795 863,794 922,792 981,791 1040,788 1100,786 1159,785 1218,783 1277,782 1336,782 1395,780 1455,780"/>
                <TextEquiv>
                    <Unicode>επει ουν πολλη κατεκεχυτο παντος του ορω</Unicode>
                </TextEquiv>
            </TextLine>
            <TextLine id="r1l8" custom="readingOrder {index:7;}">
                <Coords points="289,879 1488,860 1487,796 1220,833 1048,789 960,829 543,843 288,801"/>
                <Baseline points="296,861 355,864 414,864 473,866 533,866 592,866 651,864 710,863 770,861 829,860 888,858 947,857 1007,854 1066,853 1125,851 1184,849 1244,848 1303,848 1362,848 1421,848 1481,848"/>
                <TextEquiv>
                    <Unicode>μενου η αμορφια προσεταξεν ο αριστοτεχνης</Unicode>
                </TextEquiv>
            </TextLine>
            <TextLine id="r1l9" custom="readingOrder {index:8;}">
                <Coords points="293,945 1397,933 1381,870 680,908 599,882 531,912 292,871"/>
                <Baseline points="300,930 354,932 408,932 463,933 517,933 572,932 626,932 681,930 735,929 790,927 844,926 898,925 953,923 1007,922 1062,921 1116,920 1171,920 1225,920 1280,920 1334,920 1389,921"/>
                <TextEquiv>
                    <Unicode>θς κ τα της αμορφιας διεσκεδασθη κ το</Unicode>
                </TextEquiv>
            </TextLine>
            <TextLine id="r1l10" custom="readingOrder {index:9;}">
                <Coords points="276,1013 1427,998 1426,939 275,949"/>
                <Baseline points="284,992 340,993 397,995 454,996 511,996 567,996 624,995 681,993 738,993 794,992 851,990 908,989 965,987 1021,985 1078,984 1135,983 1192,983 1248,983 1305,983 1362,983 1419,984"/>
                <TextEquiv>
                    <Unicode>καλλος τουτο αμηχανον του φωτος του ο</Unicode>
                </TextEquiv>
            </TextLine>
            <TextLine id="r1l11" custom="readingOrder {index:10;}">
                <Coords points="278,1083 1442,1050 1441,1007 1339,998 1280,1027 1044,995 486,1037 277,1012"/>
                <Baseline points="285,1058 342,1058 399,1056 457,1055 514,1055 572,1053 629,1052 687,1052 744,1050 802,1049 859,1049 916,1047 974,1047 1031,1047 1089,1047 1146,1046 1204,1046 1261,1047 1319,1047 1376,1047 1434,1049"/>
                <TextEquiv>
                    <Unicode>ρωμενου παραχθεν το τε σκοτος απηλασε</Unicode>
                </TextEquiv>
            </TextLine>
            <TextLine id="r1l12" custom="readingOrder {index:11;}">
                <Coords points="285,1133 1406,1113 1355,1057 1219,1089 1059,1050 885,1088 285,1084"/>
                <Baseline points="293,1118 348,1116 403,1115 458,1113 514,1112 569,1112 624,1110 679,1110 735,1110 790,1110 845,1110 900,1110 956,1110 1011,1110 1066,1110 1121,1110 1177,1110 1232,1110 1287,1109 1342,1108 1398,1107"/>
                <TextEquiv>
                    <Unicode>το αισθητον κ τα παντα κατηυγασεν και</Unicode>
                </TextEquiv>
            </TextLine>
            <TextLine id="r1l14" custom="readingOrder {index:12;}">
                <Coords points="216,1203 1440,1191 1440,1111 1257,1153 1079,1120 1012,1152 217,1131"/>
                <Baseline points="224,1170 284,1172 344,1173 405,1173 465,1173 526,1173 586,1173 647,1173 707,1173 768,1173 828,1173 888,1173 949,1173 1009,1173 1070,1175 1130,1175 1191,1175 1251,1175 1312,1176 1372,1177 1433,1178"/>
                <TextEquiv>
                    <Unicode>ειπεν φησιν ο θς γενηθητω φως και εγενε</Unicode>
                </TextEquiv>
            </TextLine>
            <TextLine id="r1l15" custom="readingOrder {index:13;}">
                <Coords points="271,1249 1313,1262 1390,1248 1390,1194 564,1212 518,1177 271,1213"/>
                <Baseline points="279,1232 334,1233 389,1233 444,1233 499,1234 554,1235 609,1235 665,1235 720,1235 775,1235 830,1235 885,1235 940,1235 995,1236 1051,1236 1106,1236 1161,1236 1216,1236 1271,1236 1326,1237 1382,1238"/>
                <TextEquiv>
                    <Unicode>το φως ειπεν και εγενετο εκελευσεν κ το</Unicode>
                </TextEquiv>
            </TextLine>
            <TextLine id="r1l16" custom="readingOrder {index:14;}">
                <Coords points="279,1317 1409,1329 1418,1258 279,1276"/>
                <Baseline points="287,1301 343,1301 399,1299 455,1299 511,1299 567,1299 623,1299 680,1299 736,1299 792,1299 848,1299 904,1299 960,1299 1016,1299 1073,1301 1129,1301 1185,1301 1241,1302 1297,1302 1353,1302 1410,1304"/>
                <TextEquiv>
                    <Unicode>μεν σκοτος εφυγαδευθη το δε φως παρη</Unicode>
                </TextEquiv>
            </TextLine>
            <TextLine id="r1l17" custom="readingOrder {index:15;}">
                <Coords points="276,1391 1316,1384 1439,1367 1439,1318 1027,1340 864,1304 607,1339 425,1302 276,1340"/>
                <Baseline points="284,1361 341,1361 398,1361 456,1361 513,1362 570,1362 628,1362 685,1362 742,1362 800,1362 857,1362 914,1362 972,1362 1029,1362 1086,1362 1144,1362 1201,1361 1258,1361 1316,1359 1373,1359 1431,1358"/>
                <TextEquiv>
                    <Unicode>χθη ειδες δυναμιν αφατον αλλ οι τη πλανη</Unicode>
                </TextEquiv>
            </TextLine>
            <TextLine id="r1l18" custom="readingOrder {index:16;}">
                <Coords points="277,1436 1447,1463 1469,1370 277,1398"/>
                <Baseline points="285,1427 343,1428 402,1428 461,1428 520,1428 579,1428 637,1428 696,1430 755,1430 814,1430 873,1430 931,1430 990,1430 1049,1430 1108,1430 1167,1430 1225,1430 1284,1431 1343,1431 1402,1431 1461,1431"/>
                <TextEquiv>
                    <Unicode>προκατειλημμενοι ου προσεχοντες τη ακολου</Unicode>
                </TextEquiv>
            </TextLine>
            <TextLine id="r1l19" custom="readingOrder {index:17;}">
                <Coords points="273,1509 1453,1499 1385,1452 273,1445"/>
                <Baseline points="281,1488 339,1488 397,1488 455,1490 514,1490 572,1490 630,1490 688,1490 747,1491 805,1491 863,1491 921,1491 980,1491 1038,1491 1096,1491 1154,1491 1213,1493 1271,1493 1329,1493 1387,1491 1446,1491"/>
                <TextEquiv>
                    <Unicode>θια των ειρημενων ουδε ακουοντες του μακα</Unicode>
                </TextEquiv>
            </TextLine>
            <TextLine id="r1l20" custom="readingOrder {index:18;}">
                <Coords points="280,1566 1399,1569 1409,1507 280,1510"/>
                <Baseline points="287,1548 342,1548 398,1549 454,1550 509,1550 565,1551 621,1551 676,1551 732,1551 788,1553 844,1553 899,1553 955,1553 1011,1553 1066,1554 1122,1554 1178,1554 1233,1554 1289,1554 1345,1554 1401,1554"/>
                <TextEquiv>
                    <Unicode>ριου μωυσεως λεγοντος εν αρχη εποιησεν</Unicode>
                </TextEquiv>
            </TextLine>
            <TextLine id="r1l21" custom="readingOrder {index:19;}">
                <Coords points="280,1632 1422,1632 1394,1580 281,1570"/>
                <Baseline points="288,1610 344,1611 400,1613 457,1614 513,1614 569,1616 626,1617 682,1617 738,1617 795,1619 851,1619 907,1619 964,1619 1020,1619 1076,1619 1133,1619 1189,1619 1245,1619 1302,1619 1358,1617 1415,1617"/>
                <TextEquiv>
                    <Unicode>ο θς τον ουνον και την γην κ τοτε επαγοντος</Unicode>
                </TextEquiv>
            </TextLine>
            <TextLine id="r1l22" custom="readingOrder {index:20;}">
                <Coords points="271,1678 649,1708 1401,1682 1308,1630 1144,1661 272,1631"/>
                <Baseline points="279,1670 334,1671 390,1673 446,1674 502,1676 557,1676 613,1677 669,1677 725,1679 780,1679 836,1679 892,1679 948,1679 1003,1679 1059,1680 1115,1680 1171,1680 1226,1680 1282,1680 1338,1680 1394,1680"/>
                <TextEquiv>
                    <Unicode>η δε γη ην αορατος ακατασκευαστος δια</Unicode>
                </TextEquiv>
            </TextLine>
            <TextLine id="r1l23" custom="readingOrder {index:21;}">
                <Coords points="272,1751 1429,1752 1403,1711 1226,1725 1180,1688 901,1721 272,1692"/>
                <Baseline points="279,1736 336,1737 393,1739 450,1740 507,1740 564,1742 621,1742 679,1743 736,1743 793,1743 850,1743 907,1745 964,1745 1021,1745 1079,1745 1136,1745 1193,1745 1250,1746 1307,1746 1364,1746 1422,1748"/>
                <TextEquiv>
                    <Unicode>το τω σκοτω τοις υδασι κεκαλυφθαι ου</Unicode>
                </TextEquiv>
            </TextLine>
            <TextLine id="r1l24" custom="readingOrder {index:22;}">
                <Coords points="261,1832 1459,1846 1459,1771 262,1770"/>
                <Baseline points="269,1800 328,1803 387,1805 446,1806 505,1807 564,1808 623,1809 683,1809 742,1811 801,1811 860,1811 919,1812 978,1812 1037,1814 1097,1814 1156,1815 1215,1817 1274,1818 1333,1821 1392,1823 1452,1827"/>
                <TextEquiv>
                    <Unicode>τω γαρ εδοξε τω δεσποτη εξ αρχης αυτην πα</Unicode>
                </TextEquiv>
            </TextLine>
            <TextLine id="r1l25" custom="readingOrder {index:23;}">
                <Coords points="269,1901 1429,1888 1390,1842 1183,1823 991,1853 269,1830"/>
                <Baseline points="276,1871 333,1871 390,1871 447,1871 505,1871 562,1871 619,1872 677,1872 734,1872 791,1873 849,1874 906,1874 963,1875 1020,1876 1078,1877 1135,1878 1192,1878 1250,1880 1307,1881 1364,1881 1422,1883"/>
                <TextEquiv>
                    <Unicode>ραγαγειν φασιν ότι προυπεκειτο η υλη κ το</Unicode>
                </TextEquiv>
            </TextLine>
            <TextLine id="r1l26" custom="readingOrder {index:24;}">
                <Coords points="280,1941 681,1939 760,1973 903,1931 1278,1971 1423,1946 1424,1887 1052,1917 281,1888"/>
                <Baseline points="287,1925 343,1926 399,1928 456,1929 512,1931 569,1932 625,1932 682,1934 738,1934 795,1935 851,1935 907,1937 964,1937 1020,1937 1077,1938 1133,1938 1190,1938 1246,1940 1303,1940 1359,1941 1416,1941"/>
                <TextEquiv>
                    <Unicode>σκοτος προυπηρχε τι ταυτης της ανοι</Unicode>
                </TextEquiv>
            </TextLine>
            <TextLine id="r1l27" custom="readingOrder {index:25;}">
                <Coords points="261,2019 1456,2020 1456,1981 1351,1954 262,1958"/>
                <Baseline points="269,1988 328,1991 387,1994 446,1996 505,1998 564,1999 623,2000 682,2001 741,2001 800,2003 859,2003 918,2003 977,2003 1036,2003 1095,2003 1154,2003 1213,2003 1272,2003 1331,2004 1390,2004 1449,2004"/>
                <TextEquiv>
                    <Unicode>ας χειρον γενοιτ αν ακουεις ότι εν αρχη εποι</Unicode>
                </TextEquiv>
            </TextLine>
            <TextLine id="r1l28" custom="readingOrder {index:26;}">
                <Coords points="262,2087 1439,2096 1410,2012 1058,2047 936,2013 857,2045 263,2016"/>
                <Baseline points="270,2055 328,2058 386,2060 444,2061 502,2063 560,2066 618,2067 676,2069 734,2069 792,2070 850,2072 908,2072 966,2073 1024,2073 1082,2073 1140,2073 1198,2073 1256,2073 1314,2073 1372,2073 1431,2073"/>
                <TextEquiv>
                    <Unicode>ησεν ο θς τον ουνον και την γην κ ότι εξ ουκ ον</Unicode>
                </TextEquiv>
            </TextLine>
            <TextLine id="r1l29" custom="readingOrder {index:27;}">
                <Coords points="274,2131 1381,2174 1416,2092 275,2093"/>
                <Baseline points="282,2123 338,2126 394,2127 450,2129 507,2130 563,2132 619,2133 675,2135 732,2136 788,2136 844,2138 900,2139 957,2139 1013,2141 1069,2141 1125,2142 1182,2142 1238,2144 1294,2145 1350,2145 1407,2145"/>
                <TextEquiv>
                    <Unicode>των εγενετο τα οντα κ λεγεις ότι προυπηρ</Unicode>
                </TextEquiv>
            </TextLine>
            <TextLine id="r1l30" custom="readingOrder {index:28;}">
                <Coords points="250,2238 738,2208 1029,2249 1270,2205 1391,2231 1442,2183 252,2152"/>
                <Baseline points="258,2189 316,2192 375,2193 434,2195 493,2196 552,2198 610,2199 669,2201 728,2201 787,2202 846,2202 904,2204 963,2204 1022,2205 1081,2205 1140,2207 1198,2207 1257,2207 1316,2208 1375,2210 1434,2210"/>
                <TextEquiv>
                    <Unicode>χε η υλη; και τις ανασχοιτο τοσαυτης παροι  </Unicode>
                </TextEquiv>
            </TextLine>
            <TextEquiv>
                <Unicode>ιουσαι μελλει διηγεισθαι ημιν ότι και ζωα εκ&#13;
τουτων των υδατων κατά προσταγμα του&#13;
των απαντων δημιουργου παρηχθη δια του&#13;
το εντευθεν ηδη διδασκει τον ακροατην ότι ου&#13;
χ απλως υδωρ ην συνεστος αλλα κινουμενον&#13;
κ διατρεχον και τα παντα επικλυζον &#13;
επει ουν πολλη κατεκεχυτο παντος του ορω&#13;
μενου η αμορφια προσεταξεν ο αριστοτεχνης&#13;
θς κ τα της αμορφιας διεσκεδασθη κ το&#13;
καλλος τουτο αμηχανον του φωτος του ο&#13;
ρωμενου παραχθεν το τε σκοτος απηλασε&#13;
το αισθητον κ τα παντα κατηυγασεν και&#13;
ειπεν φησιν ο θς γενηθητω φως και εγενε&#13;
το φως ειπεν και εγενετο εκελευσεν κ το&#13;
μεν σκοτος εφυγαδευθη το δε φως παρη&#13;
χθη ειδες δυναμιν αφατον αλλ οι τη πλανη&#13;
προκατειλημμενοι ου προσεχοντες τη ακολου&#13;
θια των ειρημενων ουδε ακουοντες του μακα&#13;
ριου μωυσεως λεγοντος εν αρχη εποιησεν&#13;
ο θς τον ουνον και την γην κ τοτε επαγοντος&#13;
η δε γη ην αορατος ακατασκευαστος δια&#13;
το τω σκοτω τοις υδασι κεκαλυφθαι ου&#13;
τω γαρ εδοξε τω δεσποτη εξ αρχης αυτην πα&#13;
ραγαγειν φασιν ότι προυπεκειτο η υλη κ το&#13;
σκοτος προυπηρχε τι ταυτης της ανοι&#13;
ας χειρον γενοιτ αν ακουεις ότι εν αρχη εποι&#13;
ησεν ο θς τον ουνον και την γην κ ότι εξ ουκ ον&#13;
των εγενετο τα οντα κ λεγεις ότι προυπηρ&#13;
χε η υλη; και τις ανασχοιτο τοσαυτης παροι  </Unicode>
            </TextEquiv>
        </TextRegion>
        <TextRegion orientation="0.0" id="r2" custom="readingOrder {index:1;}">
            <Coords points="1785,59 1785,215 1854,215 1854,59"/>
            <TextEquiv>
                <Unicode></Unicode>
            </TextEquiv>
        </TextRegion>
    </Page>
</PcGts>
