<?xml version="1.0" encoding="UTF-8" standalone="yes"?>
<PcGts xmlns="http://schema.primaresearch.org/PAGE/gts/pagecontent/2013-07-15" xmlns:xsi="http://www.w3.org/2001/XMLSchema-instance" xsi:schemaLocation="http://schema.primaresearch.org/PAGE/gts/pagecontent/2013-07-15 http://schema.primaresearch.org/PAGE/gts/pagecontent/2013-07-15/pagecontent.xsd">
    <Metadata>
        <Creator>prov=University of Rostock/Institute of Mathematics/CITlab|PLANET AI GmbH/Gundram Leifert/gundram.leifert@planet-ai.de:name=HPGTR(htr_id=41125)::::v=2.6.7
prov=University of Rostock/Institute of Mathematics/CITlab|PLANET AI GmbH/Tobias Gruening/tobias.gruening@planet-ai.de:name=de.uros.citlab.module.baseline2polygon.B2PSeamMultiOriented:v=2.6.7
prov=University of Rostock/Institute of Mathematics/CITlab|PLANET AI GmbH/Tobias Gruening/tobias.gruening@planet-ai.de:name=/net_tf/LA73_249_0mod360.pb:de.uros.citlab.segmentation.CITlab_LA_ML:v=2.6.7
Transkribus</Creator>
        <Created>2021-09-19T17:37:25.885+03:00</Created>
        <LastChange>2023-06-07T11:40:35.477+02:00</LastChange>
        <TranskribusMetadata docId="1458633" pageId="56018978" pageNr="64" tsid="126336081" status="IN_PROGRESS" userId="99263" imgUrl="https://files.transkribus.eu/Get?id=HHRFMQTXFCSJAFIWYSTVDWNJ&amp;fileType=view" xmlUrl="https://files.transkribus.eu/Get?id=KACCWSMTCTRYHPOZLFHXDXWJ" imageId="23265859"/>
    </Metadata>
    <Page imageFilename="0064_94 Bodleian-Library-MS-Barocci-184_00034_fol-16v.jpg" imageWidth="2265" imageHeight="2803">
        <ReadingOrder>
            <OrderedGroup id="ro_1686139450025" caption="Regions reading order">
                <RegionRefIndexed index="0" regionRef="r1"/>
            </OrderedGroup>
        </ReadingOrder>
        <TextRegion orientation="0.0" id="r1" custom="readingOrder {index:0;}">
            <Coords points="797,403 797,2238 2019,2238 2019,403"/>
            <TextLine id="r1l1" custom="readingOrder {index:0;}">
                <Coords points="789,470 1142,432 1984,468 1997,401 790,396"/>
                <Baseline points="797,437 856,435 916,435 975,435 1035,434 1095,435 1154,435 1214,435 1273,435 1333,437 1393,438 1452,438 1512,440 1571,440 1631,441 1691,443 1750,444 1810,445 1869,446 1929,447 1989,447"/>
                <TextEquiv>
                    <Unicode>νιας των νουν εχοντων μη γαρ ανος εστιν ο δημι</Unicode>
                </TextEquiv>
            </TextLine>
            <TextLine id="r1l2" custom="readingOrder {index:1;}">
                <Coords points="858,533 1121,499 1897,513 1968,553 1981,490 1856,456 1261,470 1144,432 1040,478 858,474"/>
                <Baseline points="866,503 921,501 976,500 1032,498 1087,498 1143,498 1198,498 1253,499 1309,500 1364,501 1420,502 1475,504 1530,504 1586,506 1641,507 1697,509 1752,510 1807,510 1863,512 1918,512 1974,512"/>
                <TextEquiv>
                    <Unicode>ουργων ινα δεηθη τινος υποκειμενου και ου</Unicode>
                </TextEquiv>
            </TextLine>
            <TextLine id="r1l3" custom="readingOrder {index:2;}">
                <Coords points="859,576 1971,597 1973,521 860,534"/>
                <Baseline points="867,566 921,563 976,561 1031,560 1086,560 1141,560 1196,560 1251,561 1306,563 1361,564 1416,566 1470,567 1525,569 1580,570 1635,572 1690,573 1745,574 1800,575 1855,574 1910,573 1965,572"/>
                <TextEquiv>
                    <Unicode>τω τα της τεχνης επιδειξηται θς εστιν ω</Unicode>
                </TextEquiv>
            </TextLine>
            <TextLine id="r1l4" custom="readingOrder {index:3;}">
                <Coords points="846,629 1981,647 1981,610 1763,583 1682,613 1293,573 1212,601 1092,560 1043,599 847,579"/>
                <Baseline points="854,623 912,621 971,620 1030,620 1089,620 1148,621 1207,621 1266,623 1325,625 1384,627 1442,629 1501,632 1560,633 1619,635 1678,636 1737,638 1796,638 1855,638 1914,638 1973,636"/>
                <TextEquiv>
                    <Unicode>παντα εικει λογω και προσταγματι ο παντα</Unicode>
                </TextEquiv>
            </TextLine>
            <TextLine id="r1l5" custom="readingOrder {index:4;}">
                <Coords points="841,698 1172,677 1261,715 1901,728 1968,715 1969,664 1000,665 842,634"/>
                <Baseline points="848,690 903,687 959,684 1014,683 1070,683 1126,683 1181,683 1237,685 1293,686 1348,689 1404,692 1460,695 1515,697 1571,699 1627,702 1682,704 1738,705 1794,707 1849,707 1905,707 1961,705"/>
                <TextEquiv>
                    <Unicode>δημιουργων ορα γαρ ειπεν μονον κ παρη</Unicode>
                </TextEquiv>
            </TextLine>
            <TextLine id="r1l6" custom="readingOrder {index:5;}">
                <Coords points="858,772 1245,743 1426,788 1564,758 1913,792 1979,742 1408,704 859,726"/>
                <Baseline points="866,750 921,747 976,744 1031,743 1087,743 1142,743 1197,744 1252,746 1308,747 1363,750 1418,752 1473,755 1529,758 1584,759 1639,762 1694,764 1750,765 1805,765 1860,765 1915,765 1971,764"/>
                <TextEquiv>
                    <Unicode>χθη το φως και παρεχωρησε το σκοτος και</Unicode>
                </TextEquiv>
            </TextLine>
            <TextLine id="r1l7" custom="readingOrder {index:6;}">
                <Coords points="861,820 1226,807 1325,839 1379,809 1818,855 1969,834 1971,788 863,768"/>
                <Baseline points="869,812 923,808 978,806 1032,804 1087,804 1142,804 1196,805 1251,807 1306,809 1360,811 1415,813 1470,816 1524,818 1579,821 1634,824 1688,827 1743,828 1798,830 1852,831 1907,833 1962,833"/>
                <TextEquiv>
                    <Unicode>διεχωρησεν ο θς φησιν αναμεσον του φωτος</Unicode>
                </TextEquiv>
            </TextLine>
            <TextLine id="r1l8" custom="readingOrder {index:7;}">
                <Coords points="859,892 1363,873 1910,911 1942,864 1357,822 860,843"/>
                <Baseline points="866,876 919,875 972,873 1026,872 1079,872 1133,872 1186,872 1239,873 1293,873 1346,875 1400,876 1453,879 1506,881 1560,882 1613,885 1667,887 1720,888 1773,890 1827,891 1880,894 1934,894"/>
                <TextEquiv>
                    <Unicode>κ αναμεσον του σκοτους τι εστι διεχωρισεν</Unicode>
                </TextEquiv>
            </TextLine>
            <TextLine id="r1l9" custom="readingOrder {index:8;}">
                <Coords points="864,953 1966,980 1967,920 865,899"/>
                <Baseline points="872,944 926,944 980,944 1034,944 1089,944 1143,944 1197,944 1252,944 1306,944 1360,945 1415,945 1469,947 1523,948 1577,948 1632,950 1686,951 1740,953 1795,955 1849,957 1903,960 1958,963"/>
                <TextEquiv>
                    <Unicode>εκαστω ιδιαν χωραν απενειμεν καταλληλον</Unicode>
                </TextEquiv>
            </TextLine>
            <TextLine id="r1l10" custom="readingOrder {index:9;}">
                <Coords points="870,1025 1116,1046 1279,1003 1996,1041 1996,976 870,970"/>
                <Baseline points="878,1010 933,1008 989,1007 1044,1007 1100,1007 1155,1005 1211,1005 1266,1005 1322,1005 1377,1005 1433,1006 1488,1007 1544,1008 1599,1008 1655,1010 1710,1011 1766,1013 1821,1015 1877,1017 1932,1021 1988,1023"/>
                <TextEquiv>
                    <Unicode>καιρον αφωρισε και επειδη τουτο γεγονε το</Unicode>
                </TextEquiv>
            </TextLine>
            <TextLine id="r1l11" custom="readingOrder {index:10;}">
                <Coords points="864,1092 1960,1093 1935,1033 864,1032"/>
                <Baseline points="872,1071 926,1070 980,1070 1034,1070 1088,1068 1142,1068 1196,1068 1250,1068 1304,1068 1358,1070 1412,1070 1466,1070 1520,1070 1574,1071 1628,1071 1682,1071 1736,1071 1790,1071 1844,1071 1898,1071 1952,1071"/>
                <TextEquiv>
                    <Unicode>τε λοιπον εκαστω την αρμοζουσαν προση</Unicode>
                </TextEquiv>
            </TextLine>
            <TextLine id="r1l12" custom="readingOrder {index:11;}">
                <Coords points="864,1164 1343,1159 1384,1129 1976,1155 1990,1088 864,1108"/>
                <Baseline points="872,1139 927,1137 983,1137 1038,1137 1094,1136 1149,1136 1205,1136 1260,1136 1316,1134 1371,1134 1427,1134 1483,1134 1538,1134 1594,1134 1649,1134 1705,1133 1760,1133 1816,1133 1871,1132 1927,1131 1983,1131"/>
                <TextEquiv>
                    <Unicode>γοριαν επιτιθησιν εκαλεσε γαρ φησιν ο θς </Unicode>
                </TextEquiv>
            </TextLine>
            <TextLine id="r1l13" custom="readingOrder {index:12;}">
                <Coords points="847,1202 2021,1209 2021,1157 1918,1145 1806,1177 1688,1144 1535,1178 1424,1142 1232,1181 847,1162"/>
                <Baseline points="855,1191 912,1194 970,1196 1028,1197 1086,1199 1144,1199 1202,1199 1260,1200 1318,1200 1376,1199 1434,1199 1491,1199 1549,1199 1607,1199 1665,1199 1723,1199 1781,1199 1839,1199 1897,1199 1955,1200 2013,1202"/>
                <TextEquiv>
                    <Unicode>το φως ημεραν και το σκοτος εκαλεσε νυκτα</Unicode>
                </TextEquiv>
            </TextLine>
            <TextLine id="r1l14" custom="readingOrder {index:13;}">
                <Coords points="824,1276 1640,1267 1714,1299 1996,1282 1997,1228 1312,1242 915,1227 825,1189"/>
                <Baseline points="831,1251 888,1254 946,1256 1004,1259 1062,1260 1120,1261 1178,1262 1236,1263 1294,1263 1352,1263 1410,1263 1467,1263 1525,1263 1583,1263 1641,1262 1699,1262 1757,1262 1815,1262 1873,1263 1931,1263 1989,1265"/>
                <TextEquiv>
                    <Unicode>ειδες διαιρεσιν αριστην και δημιουργιαν θαυμα</Unicode>
                </TextEquiv>
            </TextLine>
            <TextLine id="r1l15" custom="readingOrder {index:14;}">
                <Coords points="853,1336 1848,1350 2003,1325 2003,1282 1059,1306 913,1270 853,1298"/>
                <Baseline points="860,1317 916,1320 973,1323 1030,1325 1087,1326 1143,1327 1200,1328 1257,1329 1314,1329 1370,1329 1427,1329 1484,1329 1541,1329 1597,1328 1654,1328 1711,1326 1768,1326 1824,1325 1881,1323 1938,1323 1995,1322"/>
                <TextEquiv>
                    <Unicode>στην και παντα λογον υπερβαινουσα λογω μο</Unicode>
                </TextEquiv>
            </TextLine>
            <TextLine id="r1l16" custom="readingOrder {index:15;}">
                <Coords points="856,1394 1988,1397 1951,1338 1489,1367 856,1338"/>
                <Baseline points="864,1382 919,1383 975,1383 1031,1385 1087,1386 1143,1386 1198,1386 1254,1388 1310,1388 1366,1388 1422,1388 1477,1388 1533,1388 1589,1388 1645,1388 1701,1386 1756,1386 1812,1386 1868,1386 1924,1385 1980,1385"/>
                <TextEquiv>
                    <Unicode>νω και επιταγματι γινομενην ειδες ποση</Unicode>
                </TextEquiv>
            </TextLine>
            <TextLine id="r1l17" custom="readingOrder {index:16;}">
                <Coords points="871,1462 1996,1475 1969,1396 871,1419"/>
                <Baseline points="878,1449 933,1449 989,1449 1044,1449 1100,1449 1155,1449 1211,1449 1266,1449 1322,1449 1377,1449 1433,1449 1488,1449 1544,1449 1599,1449 1655,1449 1710,1449 1766,1448 1821,1448 1877,1448 1932,1448 1988,1446"/>
                <TextEquiv>
                    <Unicode>τη συγκαταβασει ο μακαριος ουτος προφη </Unicode>
                </TextEquiv>
            </TextLine>
            <TextLine id="r1l18" custom="readingOrder {index:17;}">
                <Coords points="859,1519 1668,1544 2000,1510 2000,1477 1910,1463 859,1474"/>
                <Baseline points="867,1515 923,1515 979,1515 1035,1515 1092,1514 1148,1514 1204,1514 1260,1514 1317,1514 1373,1514 1429,1514 1485,1512 1542,1512 1598,1512 1654,1511 1710,1511 1767,1509 1823,1509 1879,1508 1935,1506 1992,1505"/>
                <TextEquiv>
                    <Unicode>της εχρησατο μαλλον δε ο φιλανος θς δια</Unicode>
                </TextEquiv>
            </TextLine>
            <TextLine id="r1l19" custom="readingOrder {index:18;}">
                <Coords points="860,1585 1988,1590 1999,1520 1881,1552 859,1534"/>
                <Baseline points="867,1577 923,1575 979,1575 1035,1575 1092,1574 1148,1574 1204,1574 1260,1574 1317,1572 1373,1572 1429,1572 1485,1572 1542,1572 1598,1572 1654,1572 1710,1572 1767,1572 1823,1572 1879,1571 1935,1571 1992,1571"/>
                <TextEquiv>
                    <Unicode> της του προφητου γλωττης παιδευων το των</Unicode>
                </TextEquiv>
            </TextLine>
            <TextLine id="r1l20" custom="readingOrder {index:19;}">
                <Coords points="868,1644 1056,1670 1675,1634 1875,1666 2027,1629 1889,1583 1752,1616 1636,1581 1499,1615 868,1607"/>
                <Baseline points="876,1640 933,1638 990,1637 1047,1637 1104,1637 1161,1637 1218,1637 1276,1637 1333,1637 1390,1637 1447,1638 1504,1638 1561,1638 1618,1638 1676,1638 1733,1638 1790,1637 1847,1636 1904,1635 1961,1632 2019,1631"/>
                <TextEquiv>
                    <Unicode>ανων γενος ειδεναι των γινομενων την ταξιν </Unicode>
                </TextEquiv>
            </TextLine>
            <TextLine id="r1l21" custom="readingOrder {index:20;}">
                <Coords points="854,1728 2011,1704 2011,1666 1902,1644 854,1659"/>
                <Baseline points="861,1704 918,1703 975,1701 1032,1700 1089,1700 1146,1698 1203,1698 1260,1698 1317,1698 1374,1698 1432,1698 1489,1697 1546,1697 1603,1697 1660,1697 1717,1695 1774,1695 1831,1694 1888,1692 1945,1691 2003,1688"/>
                <TextEquiv>
                    <Unicode>κ τις ο του παντος δημιουργος κ όπως εκα</Unicode>
                </TextEquiv>
            </TextLine>
            <TextLine id="r1l22" custom="readingOrder {index:21;}">
                <Coords points="860,1793 1969,1764 1943,1709 1578,1735 1455,1702 1372,1741 1211,1699 859,1743"/>
                <Baseline points="867,1772 921,1769 976,1767 1031,1766 1085,1764 1140,1763 1195,1763 1249,1761 1304,1761 1359,1761 1414,1761 1468,1760 1523,1760 1578,1760 1632,1760 1687,1758 1742,1758 1796,1757 1851,1755 1906,1754 1961,1752"/>
                <TextEquiv>
                    <Unicode>στον παρηχθη επειδη γαρ ετι ατελεστερον</Unicode>
                </TextEquiv>
            </TextLine>
            <TextLine id="r1l23" custom="readingOrder {index:22;}">
                <Coords points="853,1847 1736,1844 1956,1815 1956,1776 1481,1767 1049,1814 980,1779 852,1790"/>
                <Baseline points="860,1833 914,1833 968,1833 1023,1832 1077,1832 1132,1832 1186,1831 1241,1830 1295,1829 1350,1829 1404,1827 1458,1827 1513,1826 1567,1824 1622,1823 1676,1821 1731,1820 1785,1818 1840,1817 1894,1815 1949,1812"/>
                <TextEquiv>
                    <Unicode>διεκειτο το των ανων γενος κ ουκ ηδυνατο</Unicode>
                </TextEquiv>
            </TextLine>
            <TextLine id="r1l24" custom="readingOrder {index:23;}">
                <Coords points="856,1899 1332,1923 1406,1888 1925,1894 1962,1851 1089,1833 856,1868"/>
                <Baseline points="864,1896 918,1895 973,1893 1027,1893 1082,1892 1136,1890 1191,1890 1245,1889 1300,1887 1354,1887 1409,1886 1464,1886 1518,1884 1573,1884 1627,1883 1682,1883 1736,1881 1791,1881 1845,1881 1900,1880 1955,1880"/>
                <TextEquiv>
                    <Unicode>των τελειοτερων συνειναι την κατανοησιν</Unicode>
                </TextEquiv>
            </TextLine>
            <TextLine id="r1l25" custom="readingOrder {index:24;}">
                <Coords points="845,1982 1912,1965 2005,1949 2005,1903 921,1933 844,1900"/>
                <Baseline points="852,1956 909,1955 966,1954 1023,1953 1081,1953 1138,1952 1195,1950 1252,1950 1310,1949 1367,1949 1424,1949 1481,1947 1539,1947 1596,1946 1653,1946 1710,1945 1768,1944 1825,1943 1882,1943 1939,1941 1997,1940"/>
                <TextEquiv>
                    <Unicode>δια τουτο προς την των ακουοντων ασθενειαν</Unicode>
                </TextEquiv>
            </TextLine>
            <TextLine id="r1l26" custom="readingOrder {index:25;}">
                <Coords points="847,2018 996,2049 1854,2034 1992,1980 1699,1953 1552,1990 1359,1956 1225,1991 846,1982"/>
                <Baseline points="855,2018 911,2018 968,2016 1024,2016 1081,2016 1137,2015 1194,2015 1250,2015 1307,2013 1363,2013 1420,2012 1476,2012 1533,2012 1589,2010 1646,2009 1702,2009 1759,2007 1815,2007 1872,2006 1928,2004 1985,2003"/>
                <TextEquiv>
                    <Unicode>το πνα το αγιον την του προφητου γλωτταν</Unicode>
                </TextEquiv>
            </TextLine>
            <TextLine id="r1l27" custom="readingOrder {index:26;}">
                <Coords points="853,2086 1995,2097 1995,2040 852,2044"/>
                <Baseline points="861,2082 917,2084 973,2084 1030,2084 1086,2084 1142,2084 1199,2084 1255,2082 1311,2082 1368,2081 1424,2081 1480,2079 1537,2079 1593,2078 1649,2076 1706,2075 1762,2075 1818,2073 1875,2072 1931,2072 1988,2072"/>
                <TextEquiv>
                    <Unicode>κινησαν ουτως απαντα ημιν διαλεγεται κ</Unicode>
                </TextEquiv>
            </TextLine>
            <TextLine id="r1l28" custom="readingOrder {index:27;}">
                <Coords points="821,2196 1023,2152 1987,2160 1986,2103 819,2107"/>
                <Baseline points="828,2156 885,2155 943,2154 1000,2153 1058,2151 1115,2151 1173,2150 1230,2148 1288,2148 1345,2147 1403,2146 1461,2145 1518,2144 1576,2144 1633,2142 1691,2141 1748,2141 1806,2139 1863,2138 1921,2136 1979,2135"/>
                <TextEquiv>
                    <Unicode>ινα μαθης ότι δια το ατελες της ημετερας </Unicode>
                </TextEquiv>
            </TextLine>
            <TextLine id="r1l29" custom="readingOrder {index:28;}">
                <Coords points="847,2237 1323,2253 1582,2212 1703,2244 1937,2205 2026,2240 2006,2155 846,2177"/>
                <Baseline points="854,2220 912,2222 970,2222 1028,2222 1086,2222 1145,2220 1203,2219 1261,2218 1319,2217 1377,2216 1436,2213 1494,2211 1552,2210 1610,2209 1668,2207 1727,2206 1785,2205 1843,2204 1901,2204 1959,2204 2018,2204"/>
                <TextEquiv>
                    <Unicode>διανοιας ταυτη εχρησατο τη συγκαταβασει</Unicode>
                </TextEquiv>
            </TextLine>
            <TextEquiv>
                <Unicode>νιας των νουν εχοντων μη γαρ ανος εστιν ο δημι&#13;
ουργων ινα δεηθη τινος υποκειμενου και ου&#13;
τω τα της τεχνης επιδειξηται θς εστιν ω&#13;
παντα εικει λογω και προσταγματι ο παντα&#13;
δημιουργων ορα γαρ ειπεν μονον κ παρη&#13;
χθη το φως και παρεχωρησε το σκοτος και&#13;
διεχωρησεν ο θς φησιν αναμεσον του φωτος&#13;
κ αναμεσον του σκοτους τι εστι διεχωρισεν&#13;
εκαστω ιδιαν χωραν απενειμεν καταλληλον&#13;
καιρον αφωρισε και επειδη τουτο γεγονε το&#13;
τε λοιπον εκαστω την αρμοζουσαν προση&#13;
γοριαν επιτιθησιν εκαλεσε γαρ φησιν ο θς &#13;
το φως ημεραν και το σκοτος εκαλεσε νυκτα&#13;
ειδες διαιρεσιν αριστην και δημιουργιαν θαυμα&#13;
στην και παντα λογον υπερβαινουσα λογω μο&#13;
νω και επιταγματι γινομενην ειδες ποση&#13;
τη συγκαταβασει ο μακαριος ουτος προφη &#13;
της εχρησατο μαλλον δε ο φιλανος θς δια&#13;
 της του προφητου γλωττης παιδευων το των&#13;
ανων γενος ειδεναι των γινομενων την ταξιν &#13;
κ τις ο του παντος δημιουργος κ όπως εκα&#13;
στον παρηχθη επειδη γαρ ετι ατελεστερον&#13;
διεκειτο το των ανων γενος κ ουκ ηδυνατο&#13;
των τελειοτερων συνειναι την κατανοησιν&#13;
δια τουτο προς την των ακουοντων ασθενειαν&#13;
το πνα το αγιον την του προφητου γλωτταν&#13;
κινησαν ουτως απαντα ημιν διαλεγεται κ&#13;
ινα μαθης ότι δια το ατελες της ημετερας &#13;
διανοιας ταυτη εχρησατο τη συγκαταβασει</Unicode>
            </TextEquiv>
        </TextRegion>
    </Page>
</PcGts>
