<?xml version="1.0" encoding="UTF-8" standalone="yes"?>
<PcGts xmlns="http://schema.primaresearch.org/PAGE/gts/pagecontent/2013-07-15" xmlns:xsi="http://www.w3.org/2001/XMLSchema-instance" xsi:schemaLocation="http://schema.primaresearch.org/PAGE/gts/pagecontent/2013-07-15 http://schema.primaresearch.org/PAGE/gts/pagecontent/2013-07-15/pagecontent.xsd">
    <Metadata>
        <Creator>prov=University of Rostock/Institute of Mathematics/CITlab|PLANET AI GmbH/Gundram Leifert/gundram.leifert@planet-ai.de:name=HPGTR(htr_id=41125)::::v=2.6.7
prov=University of Rostock/Institute of Mathematics/CITlab|PLANET AI GmbH/Tobias Gruening/tobias.gruening@planet-ai.de:name=de.uros.citlab.module.baseline2polygon.B2PSeamMultiOriented:v=2.6.7
prov=University of Rostock/Institute of Mathematics/CITlab|PLANET AI GmbH/Tobias Gruening/tobias.gruening@planet-ai.de:name=/net_tf/LA73_249_0mod360.pb:de.uros.citlab.segmentation.CITlab_LA_ML:v=2.6.7
Transkribus</Creator>
        <Created>2021-09-19T17:37:26.008+03:00</Created>
        <LastChange>2023-06-07T11:44:42.535+02:00</LastChange>
        <TranskribusMetadata docId="1458633" pageId="56018979" pageNr="65" tsid="126336870" status="IN_PROGRESS" userId="99263" imgUrl="https://files.transkribus.eu/Get?id=NCDEFGKDLJJQCYGIEFLPJAZD&amp;fileType=view" xmlUrl="https://files.transkribus.eu/Get?id=NXBJNFMAGFTZJUFUBZOJGDNR" imageId="23265860"/>
    </Metadata>
    <Page imageFilename="0065_95 Bodleian-Library-MS-Barocci-184_00035_fol-17r.jpg" imageWidth="2302" imageHeight="2803">
        <ReadingOrder>
            <OrderedGroup id="ro_1686139450143" caption="Regions reading order">
                <RegionRefIndexed index="0" regionRef="r1"/>
                <RegionRefIndexed index="1" regionRef="r2"/>
            </OrderedGroup>
        </ReadingOrder>
        <TextRegion orientation="0.0" id="r1" custom="readingOrder {index:0;}">
            <Coords points="242,367 242,2224 1454,2224 1454,367"/>
            <TextLine id="r1l1" custom="readingOrder {index:0;}">
                <Coords points="285,449 788,411 1005,435 1207,391 1420,423 1454,418 1453,340 1022,380 924,347 739,379 486,333 409,373 283,352"/>
                <Baseline points="291,417 348,416 406,416 464,414 522,414 579,413 637,411 695,410 753,408 810,407 868,407 926,405 984,404 1041,402 1099,401 1157,401 1215,399 1272,399 1330,398 1388,398 1446,398"/>
                <TextEquiv>
                    <Unicode>της διηγήσεως ορα τον της βροντης υιον οτε</Unicode>
                </TextEquiv>
            </TextLine>
            <TextLine id="r1l2" custom="readingOrder {index:1;}">
                <Coords points="291,486 350,515 455,479 1144,464 1439,494 1428,416 709,454 587,417 291,460"/>
                <Baseline points="299,482 355,482 412,482 468,480 525,480 582,479 638,477 695,476 751,474 808,473 865,471 921,470 978,468 1034,467 1091,467 1148,467 1204,467 1261,467 1317,468 1374,471 1431,473"/>
                <TextEquiv>
                    <Unicode>προς αρετην επεδωκε το των ανων γενος ου</Unicode>
                </TextEquiv>
            </TextLine>
            <TextLine id="r1l3" custom="readingOrder {index:2;}">
                <Coords points="292,553 610,551 677,586 854,543 1432,543 1395,484 292,506"/>
                <Baseline points="300,546 356,546 412,546 468,546 524,546 581,545 637,544 693,543 749,541 805,540 862,538 918,537 974,536 1030,534 1086,534 1143,533 1199,533 1255,533 1311,533 1367,534 1424,536"/>
                <TextEquiv>
                    <Unicode>κετι ταυτην ερχομενον την οδον αλλ επι την υ</Unicode>
                </TextEquiv>
            </TextLine>
            <TextLine id="r1l4" custom="readingOrder {index:3;}">
                <Coords points="286,637 1420,595 1419,555 1332,540 669,587 488,555 441,592 285,559"/>
                <Baseline points="294,614 349,614 405,613 461,612 517,612 573,611 629,609 685,609 741,608 797,606 853,605 908,603 964,602 1020,600 1076,600 1132,598 1188,597 1244,596 1300,595 1356,594 1412,594"/>
                <TextEquiv>
                    <Unicode>ψηλοτεραν διδασκαλιαν αν αγοντα τους ακρο</Unicode>
                </TextEquiv>
            </TextLine>
            <TextLine id="r1l5" custom="readingOrder {index:4;}">
                <Coords points="290,692 793,710 1237,659 1451,699 1449,599 289,644"/>
                <Baseline points="297,677 354,677 411,677 468,677 526,677 583,675 640,675 697,674 755,673 812,672 869,671 926,669 984,667 1041,665 1098,663 1155,662 1213,660 1270,657 1327,655 1384,653 1442,650"/>
                <TextEquiv>
                    <Unicode>ωμενους ειπων γαρ εν αρχη ην ο λογος κ ο λογος</Unicode>
                </TextEquiv>
            </TextLine>
            <TextLine id="r1l6" custom="readingOrder {index:5;}">
                <Coords points="293,746 1123,758 1354,732 1355,694 402,718 292,691"/>
                <Baseline points="300,738 352,738 404,740 457,740 509,740 561,738 614,738 666,737 718,735 771,734 823,732 875,731 928,729 980,726 1032,725 1085,723 1137,722 1189,720 1242,719 1294,719 1347,717"/>
                <TextEquiv>
                    <Unicode>ην προς τον θν και θς ην ο λογος επηγαγεν</Unicode>
                </TextEquiv>
            </TextLine>
            <TextLine id="r1l7" custom="readingOrder {index:6;}">
                <Coords points="239,827 516,790 877,831 923,799 1439,806 1437,736 1395,726 934,772 883,734 776,770 238,769"/>
                <Baseline points="246,795 305,797 364,797 423,798 483,798 542,798 601,798 660,798 720,798 779,797 838,795 897,794 957,793 1016,791 1075,789 1134,787 1194,784 1253,782 1312,778 1371,774 1431,771"/>
                <TextEquiv>
                    <Unicode> ην το φως το αληθινον ο φωτιζει παντα ανον ερ</Unicode>
                </TextEquiv>
            </TextLine>
            <TextLine id="r1l8" custom="readingOrder {index:7;}">
                <Coords points="276,910 1046,856 1145,886 1243,846 1461,851 1460,797 274,837"/>
                <Baseline points="282,864 340,867 399,867 457,867 516,867 575,867 633,866 692,864 750,863 809,860 868,858 926,856 985,853 1043,851 1102,849 1161,847 1219,845 1278,845 1336,843 1395,843 1454,845"/>
                <TextEquiv>
                    <Unicode>χομενον εις τον κοσμον καθαπερ γαρ ενταυθα </Unicode>
                </TextEquiv>
            </TextLine>
            <TextLine id="r1l9" custom="readingOrder {index:8;}">
                <Coords points="288,932 378,963 1198,921 1260,956 1393,929 1392,876 287,898"/>
                <Baseline points="296,932 350,934 404,935 459,936 513,936 568,936 622,935 677,933 731,933 786,930 840,929 894,927 949,925 1003,923 1058,921 1112,920 1167,918 1221,917 1276,917 1330,917 1385,917"/>
                <TextEquiv>
                    <Unicode>το φως τουτο το αισθητον τω προσταγματι</Unicode>
                </TextEquiv>
            </TextLine>
            <TextLine id="r1l10" custom="readingOrder {index:9;}">
                <Coords points="287,1021 1202,983 1430,1015 1428,954 1366,931 286,973"/>
                <Baseline points="294,999 350,999 406,1001 463,999 519,999 576,998 632,996 688,993 745,992 801,989 858,987 914,984 970,983 1027,981 1083,979 1140,978 1196,978 1252,978 1309,978 1365,980 1422,983"/>
                <TextEquiv>
                    <Unicode>του δεσποτου παραχεθεν το σκοτος τουτο</Unicode>
                </TextEquiv>
            </TextLine>
            <TextLine id="r1l11" custom="readingOrder {index:10;}">
                <Coords points="298,1066 399,1089 994,1040 1435,1069 1434,1014 1316,988 1203,1020 742,997 298,1036"/>
                <Baseline points="306,1059 362,1059 418,1058 474,1056 530,1055 586,1053 642,1052 698,1050 754,1047 810,1046 867,1043 923,1042 979,1040 1035,1040 1091,1038 1147,1038 1203,1038 1259,1040 1315,1042 1371,1044 1428,1047"/>
                <TextEquiv>
                    <Unicode>το ορωμενον απεκρυψεν ουτω και το νοητον </Unicode>
                </TextEquiv>
            </TextLine>
            <TextLine id="r1l12" custom="readingOrder {index:11;}">
                <Coords points="292,1138 858,1098 1411,1138 1410,1073 1282,1060 292,1074"/>
                <Baseline points="300,1118 355,1115 410,1113 465,1110 520,1109 575,1107 630,1106 686,1104 741,1103 796,1101 851,1101 906,1100 961,1100 1016,1100 1072,1100 1127,1101 1182,1101 1237,1103 1292,1104 1347,1106 1403,1109"/>
                <TextEquiv>
                    <Unicode>φως της πλανης το σκοτος απηλασεν κ</Unicode>
                </TextEquiv>
            </TextLine>
            <TextLine id="r1l13" custom="readingOrder {index:12;}">
                <Coords points="277,1181 1430,1187 1429,1132 1334,1117 276,1139"/>
                <Baseline points="284,1175 340,1173 397,1173 454,1172 511,1172 568,1170 625,1169 682,1169 739,1167 796,1167 853,1166 909,1166 966,1166 1023,1164 1080,1164 1137,1164 1194,1164 1251,1166 1308,1166 1365,1167 1422,1169"/>
                <TextEquiv>
                    <Unicode>προς την αληθειαν τους πλανωμενους εχει</Unicode>
                </TextEquiv>
            </TextLine>
            <TextLine id="r1l14" custom="readingOrder {index:13;}">
                <Coords points="286,1258 1257,1252 1395,1244 1395,1204 1050,1210 958,1170 890,1211 636,1176 285,1214"/>
                <Baseline points="293,1239 347,1238 402,1237 457,1236 512,1235 566,1233 621,1233 676,1232 731,1232 785,1230 840,1230 895,1230 950,1229 1004,1229 1059,1229 1114,1229 1169,1227 1223,1227 1278,1227 1333,1227 1388,1227"/>
                <TextEquiv>
                    <Unicode>ραγωγησεν δεξωμεθα ουν μετα πολλης</Unicode>
                </TextEquiv>
            </TextLine>
            <TextLine id="r1l15" custom="readingOrder {index:14;}">
                <Coords points="290,1315 1312,1312 1401,1298 1401,1261 289,1260"/>
                <Baseline points="297,1305 351,1304 406,1302 461,1301 516,1299 571,1299 626,1298 680,1298 735,1296 790,1296 845,1295 900,1295 955,1294 1010,1293 1064,1293 1119,1292 1174,1292 1229,1290 1284,1290 1339,1289 1394,1289"/>
                <TextEquiv>
                    <Unicode>της ευγνωμοσυνης τα παρα της θειας</Unicode>
                </TextEquiv>
            </TextLine>
            <TextLine id="r1l16" custom="readingOrder {index:15;}">
                <Coords points="291,1396 1453,1382 1452,1305 291,1347"/>
                <Baseline points="299,1379 356,1377 413,1374 470,1371 528,1369 585,1367 642,1365 700,1364 757,1362 814,1361 872,1361 929,1359 986,1359 1043,1358 1101,1358 1158,1358 1215,1358 1273,1358 1330,1358 1387,1358 1445,1358"/>
                <TextEquiv>
                    <Unicode>γραφης διδαγματα και μη αντιβλεπωμεν </Unicode>
                </TextEquiv>
            </TextLine>
            <TextLine id="r1l17" custom="readingOrder {index:16;}">
                <Coords points="294,1456 1398,1451 1438,1397 1370,1367 1287,1401 1237,1373 293,1398"/>
                <Baseline points="302,1437 358,1436 414,1436 471,1434 527,1433 584,1433 640,1431 696,1430 753,1430 809,1428 866,1427 922,1427 978,1425 1035,1425 1091,1424 1148,1424 1204,1424 1260,1424 1317,1425 1373,1425 1430,1427"/>
                <TextEquiv>
                    <Unicode>τη αληθεια μηδε τω σκοτει παραμενωμεν</Unicode>
                </TextEquiv>
            </TextLine>
            <TextLine id="r1l18" custom="readingOrder {index:17;}">
                <Coords points="298,1516 1417,1512 1416,1452 1159,1439 297,1456"/>
                <Baseline points="305,1494 360,1496 415,1496 470,1497 525,1496 581,1496 636,1496 691,1494 746,1494 801,1492 857,1491 912,1490 967,1488 1022,1488 1077,1487 1133,1487 1188,1487 1243,1487 1298,1487 1353,1487 1409,1488"/>
                <TextEquiv>
                    <Unicode>αλλα προς το φως επειγωμεθα και αξια</Unicode>
                </TextEquiv>
            </TextLine>
            <TextLine id="r1l19" custom="readingOrder {index:18;}">
                <Coords points="288,1572 1433,1568 1407,1510 288,1518"/>
                <Baseline points="296,1559 352,1560 408,1560 465,1562 521,1562 578,1561 634,1560 691,1560 747,1559 804,1557 860,1557 916,1556 973,1556 1029,1554 1086,1554 1142,1553 1199,1553 1255,1553 1312,1554 1368,1554 1425,1556"/>
                <TextEquiv>
                    <Unicode>του φωτος και της ημερας διαπραττωμε</Unicode>
                </TextEquiv>
            </TextLine>
            <TextLine id="r1l20" custom="readingOrder {index:19;}">
                <Coords points="290,1650 1415,1622 1414,1586 1210,1572 290,1605"/>
                <Baseline points="297,1626 352,1626 408,1626 463,1625 519,1625 574,1625 630,1623 685,1623 741,1622 796,1622 852,1620 907,1620 963,1619 1018,1619 1074,1619 1129,1619 1185,1619 1240,1619 1296,1619 1351,1620 1407,1622"/>
                <TextEquiv>
                    <Unicode>θα εργα καθαπερ και παυλος πα</Unicode>
                </TextEquiv>
            </TextLine>
            <TextLine id="r1l21" custom="readingOrder {index:20;}">
                <Coords points="292,1710 1012,1679 1260,1722 1317,1682 1429,1691 1419,1621 1331,1654 1043,1624 292,1669"/>
                <Baseline points="299,1686 355,1686 411,1686 467,1686 523,1686 579,1685 635,1685 691,1685 747,1683 803,1683 860,1682 916,1682 972,1681 1028,1680 1084,1679 1140,1679 1196,1679 1252,1677 1308,1677 1364,1677 1421,1676"/>
                <TextEquiv>
                    <Unicode>ραινει λεγων ως εν ημερα ευσχημονως πε</Unicode>
                </TextEquiv>
            </TextLine>
            <TextLine id="r1l22" custom="readingOrder {index:21;}">
                <Coords points="288,1778 1418,1763 1379,1682 1291,1720 885,1698 737,1728 688,1699 288,1730"/>
                <Baseline points="296,1754 351,1754 407,1755 463,1755 518,1754 574,1754 630,1754 685,1753 741,1752 797,1751 853,1751 908,1749 964,1748 1020,1748 1075,1746 1131,1745 1187,1743 1242,1743 1298,1742 1354,1742 1410,1740"/>
                <TextEquiv>
                    <Unicode>ριπατησωμεν κ μη εργαζομεθα τα ερ</Unicode>
                </TextEquiv>
            </TextLine>
            <TextLine id="r1l23" custom="readingOrder {index:22;}">
                <Coords points="294,1843 721,1811 1143,1844 1422,1820 1422,1780 294,1785"/>
                <Baseline points="302,1817 357,1817 413,1818 468,1818 524,1818 580,1818 635,1817 691,1817 747,1815 802,1815 858,1814 914,1814 969,1814 1025,1812 1081,1812 1136,1812 1192,1812 1248,1814 1303,1814 1359,1815 1415,1817"/>
                <TextEquiv>
                    <Unicode>γα του σκοτους και εκαλεσεν φησιν ο θς</Unicode>
                </TextEquiv>
            </TextLine>
            <TextLine id="r1l24" custom="readingOrder {index:23;}">
                <Coords points="235,1898 1443,1896 1443,1849 235,1852"/>
                <Baseline points="242,1883 301,1884 361,1886 421,1886 480,1886 540,1886 600,1886 659,1884 719,1883 779,1883 839,1881 898,1880 958,1878 1018,1878 1077,1877 1137,1877 1197,1877 1256,1878 1316,1880 1376,1881 1436,1884"/>
                <TextEquiv>
                    <Unicode>το φως ημεραν κ το σκοτος εκαλεσε νυκτα</Unicode>
                </TextEquiv>
            </TextLine>
            <TextLine id="r1l25" custom="readingOrder {index:24;}">
                <Coords points="300,1992 382,1952 1429,1959 1429,1920 1356,1895 1235,1926 982,1893 300,1915"/>
                <Baseline points="308,1950 363,1949 419,1949 475,1949 530,1947 586,1947 642,1946 697,1945 753,1944 809,1943 865,1943 920,1941 976,1941 1032,1941 1087,1941 1143,1941 1199,1942 1254,1943 1310,1944 1366,1946 1422,1947"/>
                <TextEquiv>
                    <Unicode>αλλ ο μικρου ημας παρεδραμεν αναγκαι</Unicode>
                </TextEquiv>
            </TextLine>
            <TextLine id="r1l26" custom="readingOrder {index:25;}">
                <Coords points="305,2037 995,2036 1084,2003 1337,2037 1413,2020 1412,1958 304,1991"/>
                <Baseline points="312,2016 366,2016 421,2015 476,2015 530,2013 585,2013 640,2012 694,2012 749,2012 804,2010 859,2010 913,2010 968,2010 1023,2009 1077,2009 1132,2009 1187,2010 1241,2010 1296,2010 1351,2010 1406,2012"/>
                <TextEquiv>
                    <Unicode>ον τουτο επαναβειν παλιν επειδη γαρ</Unicode>
                </TextEquiv>
            </TextLine>
            <TextLine id="r1l27" custom="readingOrder {index:26;}">
                <Coords points="270,2079 799,2116 886,2076 1029,2106 1447,2083 1447,2036 270,2051"/>
                <Baseline points="278,2073 336,2075 394,2076 452,2076 510,2076 568,2076 626,2076 684,2076 742,2076 800,2075 859,2075 917,2073 975,2073 1033,2072 1091,2072 1149,2070 1207,2070 1265,2070 1323,2069 1381,2069 1440,2069"/>
                <TextEquiv>
                    <Unicode>ειπεν γενηθητω φως και εγενετο φως και</Unicode>
                </TextEquiv>
            </TextLine>
            <TextLine id="r1l28" custom="readingOrder {index:27;}">
                <Coords points="291,2165 1448,2150 1426,2082 1340,2113 291,2102"/>
                <Baseline points="299,2142 356,2142 413,2142 470,2142 527,2142 584,2142 641,2142 698,2141 755,2141 812,2139 869,2139 926,2138 983,2137 1040,2136 1097,2136 1154,2135 1211,2135 1268,2135 1325,2133 1382,2133 1440,2133"/>
                <TextEquiv>
                    <Unicode>ειδεν ο θς το φως ότι καλον θεα μοι αγαπη</Unicode>
                </TextEquiv>
            </TextLine>
            <TextLine id="r1l29" custom="readingOrder {index:28;}">
                <Coords points="305,2237 1140,2202 1453,2245 1460,2155 305,2177"/>
                <Baseline points="312,2208 369,2208 426,2207 483,2206 540,2205 597,2204 654,2202 711,2201 768,2201 825,2199 882,2199 939,2198 996,2198 1053,2198 1110,2198 1167,2198 1224,2198 1281,2199 1338,2200 1395,2201 1452,2204"/>
                <TextEquiv>
                    <Unicode>τε ενταυθα ποση η συγκαταβασις των ρη  </Unicode>
                </TextEquiv>
            </TextLine>
            <TextEquiv>
                <Unicode>της διηγήσεως ορα τον της βροντης υιον οτε&#13;
προς αρετην επεδωκε το των ανων γενος ου&#13;
κετι ταυτην ερχομενον την οδον αλλ επι την υ&#13;
ψηλοτεραν διδασκαλιαν αν αγοντα τους ακρο&#13;
ωμενους ειπων γαρ εν αρχη ην ο λογος κ ο λογος&#13;
ην προς τον θν και θς ην ο λογος επηγαγεν&#13;
 ην το φως το αληθινον ο φωτιζει παντα ανον ερ&#13;
χομενον εις τον κοσμον καθαπερ γαρ ενταυθα &#13;
το φως τουτο το αισθητον τω προσταγματι&#13;
του δεσποτου παραχεθεν το σκοτος τουτο&#13;
το ορωμενον απεκρυψεν ουτω και το νοητον &#13;
φως της πλανης το σκοτος απηλασεν κ&#13;
προς την αληθειαν τους πλανωμενους εχει&#13;
ραγωγησεν δεξωμεθα ουν μετα πολλης&#13;
της ευγνωμοσυνης τα παρα της θειας&#13;
γραφης διδαγματα και μη αντιβλεπωμεν &#13;
τη αληθεια μηδε τω σκοτει παραμενωμεν&#13;
αλλα προς το φως επειγωμεθα και αξια&#13;
του φωτος και της ημερας διαπραττωμε&#13;
θα εργα καθαπερ και παυλος πα&#13;
ραινει λεγων ως εν ημερα ευσχημονως πε&#13;
ριπατησωμεν κ μη εργαζομεθα τα ερ&#13;
γα του σκοτους και εκαλεσεν φησιν ο θς&#13;
το φως ημεραν κ το σκοτος εκαλεσε νυκτα&#13;
αλλ ο μικρου ημας παρεδραμεν αναγκαι&#13;
ον τουτο επαναβειν παλιν επειδη γαρ&#13;
ειπεν γενηθητω φως και εγενετο φως και&#13;
ειδεν ο θς το φως ότι καλον θεα μοι αγαπη&#13;
τε ενταυθα ποση η συγκαταβασις των ρη  </Unicode>
            </TextEquiv>
        </TextRegion>
        <TextRegion orientation="0.0" id="r2" custom="readingOrder {index:1;}">
            <Coords points="1838,62 1838,220 1890,220 1890,62"/>
            <TextEquiv>
                <Unicode></Unicode>
            </TextEquiv>
        </TextRegion>
    </Page>
</PcGts>
