<?xml version="1.0" encoding="UTF-8" standalone="yes"?>
<PcGts xmlns="http://schema.primaresearch.org/PAGE/gts/pagecontent/2013-07-15" xmlns:xsi="http://www.w3.org/2001/XMLSchema-instance" xsi:schemaLocation="http://schema.primaresearch.org/PAGE/gts/pagecontent/2013-07-15 http://schema.primaresearch.org/PAGE/gts/pagecontent/2013-07-15/pagecontent.xsd">
    <Metadata>
        <Creator>prov=University of Rostock/Institute of Mathematics/CITlab|PLANET AI GmbH/Gundram Leifert/gundram.leifert@planet-ai.de:name=HPGTR(htr_id=41125)::::v=2.6.7
prov=University of Rostock/Institute of Mathematics/CITlab|PLANET AI GmbH/Tobias Gruening/tobias.gruening@planet-ai.de:name=de.uros.citlab.module.baseline2polygon.B2PSeamMultiOriented:v=2.6.7
prov=University of Rostock/Institute of Mathematics/CITlab|PLANET AI GmbH/Tobias Gruening/tobias.gruening@planet-ai.de:name=/net_tf/LA73_249_0mod360.pb:de.uros.citlab.segmentation.CITlab_LA_ML:v=2.6.7
Transkribus</Creator>
        <Created>2021-09-19T17:37:26.129+03:00</Created>
        <LastChange>2023-06-07T11:55:05.547+02:00</LastChange>
        <TranskribusMetadata docId="1458633" pageId="56018980" pageNr="66" tsid="126338945" status="IN_PROGRESS" userId="99263" imgUrl="https://files.transkribus.eu/Get?id=GHXRPQHZXMGDKEFVLZJYDYJY&amp;fileType=view" xmlUrl="https://files.transkribus.eu/Get?id=YIWVGAGAEYPGQXMRQFOUOEPF" imageId="23265861"/>
    </Metadata>
    <Page imageFilename="0066_96 Bodleian-Library-MS-Barocci-184_00036_fol-17v.jpg" imageWidth="2265" imageHeight="2803">
        <ReadingOrder>
            <OrderedGroup id="ro_1686139450269" caption="Regions reading order">
                <RegionRefIndexed index="0" regionRef="r1"/>
            </OrderedGroup>
        </ReadingOrder>
        <TextRegion orientation="0.0" id="r1" custom="readingOrder {index:0;}">
            <Coords points="839,378 839,2224 1997,2224 1997,378"/>
            <TextLine id="r1l1" custom="readingOrder {index:0;}">
                <Coords points="859,436 1960,450 1961,388 1804,353 1716,383 1640,347 1546,386 1269,332 860,393"/>
                <Baseline points="867,417 921,414 975,411 1029,410 1084,408 1138,407 1192,408 1247,408 1301,409 1355,410 1410,412 1464,414 1518,416 1572,417 1627,420 1681,422 1735,425 1790,426 1844,429 1898,431 1953,431"/>
                <TextEquiv>
                    <Unicode>ματων τι ουν πριν η γενεσθαι ουκ ηδει ότι</Unicode>
                </TextEquiv>
            </TextLine>
            <TextLine id="r1l2" custom="readingOrder {index:1;}">
                <Coords points="870,493 1248,473 1907,524 1999,506 2000,455 871,435"/>
                <Baseline points="878,485 933,480 989,476 1045,473 1100,471 1156,471 1212,471 1267,471 1323,473 1379,474 1435,477 1490,480 1546,482 1602,485 1657,488 1713,489 1769,491 1824,493 1880,494 1936,494 1992,494"/>
                <TextEquiv>
                    <Unicode>καλον αλλα μετα το πραχθηναι η οψις εδειξεν </Unicode>
                </TextEquiv>
            </TextLine>
            <TextLine id="r1l3" custom="readingOrder {index:2;}">
                <Coords points="870,565 1437,543 1683,588 1953,580 2002,566 2003,522 1648,524 1545,488 1341,516 1273,476 1192,517 871,513"/>
                <Baseline points="878,548 933,544 989,542 1045,540 1101,539 1157,539 1213,539 1268,540 1324,540 1380,542 1436,543 1492,546 1548,548 1604,549 1659,551 1715,554 1771,555 1827,557 1883,557 1939,558 1995,558"/>
                <TextEquiv>
                    <Unicode>τω δημιουργω το καλλος του πραχθεντος και</Unicode>
                </TextEquiv>
            </TextLine>
            <TextLine id="r1l4" custom="readingOrder {index:3;}">
                <Coords points="874,623 1264,603 1925,644 1993,635 1994,588 1355,584 1253,549 875,580"/>
                <Baseline points="882,611 937,608 992,605 1047,603 1102,603 1158,602 1213,603 1268,603 1323,605 1378,606 1434,609 1489,611 1544,612 1599,615 1654,617 1710,619 1765,620 1820,621 1875,621 1930,621 1986,621"/>
                <TextEquiv>
                    <Unicode>τις αν τουτο ειποι των νουν εχοντων ει γαρ ανος</Unicode>
                </TextEquiv>
            </TextLine>
            <TextLine id="r1l5" custom="readingOrder {index:4;}">
                <Coords points="831,710 1102,673 1880,710 1942,696 1943,650 1321,646 1270,614 832,652"/>
                <Baseline points="839,680 893,677 948,674 1003,671 1058,669 1113,669 1167,669 1222,669 1277,671 1332,671 1387,672 1441,675 1496,676 1551,678 1606,680 1661,681 1715,683 1770,684 1825,684 1880,686 1935,684"/>
                <TextEquiv>
                    <Unicode>τεχνη τινι εργαζομενος και πριν η κατά</Unicode>
                </TextEquiv>
            </TextLine>
            <TextLine id="r1l6" custom="readingOrder {index:5;}">
                <Coords points="865,749 1892,762 1965,756 1966,725 1516,720 1398,681 865,715"/>
                <Baseline points="872,741 926,738 980,735 1035,732 1089,731 1143,731 1198,732 1252,732 1306,734 1361,735 1415,737 1469,740 1524,741 1578,743 1632,746 1687,747 1741,747 1795,747 1850,747 1904,746 1959,744"/>
                <TextEquiv>
                    <Unicode>σκευασει το υπ αυτου δημιουργουμενον και </Unicode>
                </TextEquiv>
            </TextLine>
            <TextLine id="r1l7" custom="readingOrder {index:6;}">
                <Coords points="871,803 1972,823 1972,779 1813,759 1543,785 1386,739 1267,770 872,756"/>
                <Baseline points="878,801 932,798 986,795 1041,794 1095,794 1149,794 1204,794 1258,795 1312,797 1367,798 1421,800 1475,803 1530,804 1584,806 1638,809 1693,810 1747,810 1801,812 1856,812 1910,810 1965,809"/>
                <TextEquiv>
                    <Unicode>πριν η μορφωσει οιδε την χρειαν εις ην συν</Unicode>
                </TextEquiv>
            </TextLine>
            <TextLine id="r1l8" custom="readingOrder {index:7;}">
                <Coords points="865,887 1239,863 1847,898 1962,888 1963,818 1831,853 1470,814 866,831"/>
                <Baseline points="872,867 926,866 980,864 1034,864 1088,863 1142,863 1196,863 1251,863 1305,863 1359,864 1413,865 1467,866 1521,867 1575,869 1630,869 1684,870 1738,872 1792,873 1846,873 1900,875 1955,876"/>
                <TextEquiv>
                    <Unicode>τελειτο υπ αυτου γενομενων πολλω μαλλον ο</Unicode>
                </TextEquiv>
            </TextLine>
            <TextLine id="r1l9" custom="readingOrder {index:8;}">
                <Coords points="856,936 1975,957 1987,895 1368,911 1239,864 1178,907 856,906"/>
                <Baseline points="863,936 918,936 974,935 1030,933 1086,932 1142,932 1197,932 1253,930 1309,930 1365,930 1421,930 1476,932 1532,932 1588,933 1644,935 1700,936 1755,938 1811,939 1867,942 1923,944 1979,948"/>
                <TextEquiv>
                    <Unicode>των απαντων δημιουργος ο λογω τα παντα</Unicode>
                </TextEquiv>
            </TextLine>
            <TextLine id="r1l10" custom="readingOrder {index:9;}">
                <Coords points="865,1034 1479,993 1872,1023 1989,1015 1990,973 1116,942 865,971"/>
                <Baseline points="872,999 927,998 983,996 1038,995 1094,995 1149,995 1205,993 1260,993 1316,993 1371,993 1427,993 1482,993 1538,993 1593,995 1649,995 1704,996 1760,998 1815,999 1871,1001 1926,1002 1982,1005"/>
                <TextEquiv>
                    <Unicode>εκ του μη οντος εις το είναι παραγαγων ηδε και</Unicode>
                </TextEquiv>
            </TextLine>
            <TextLine id="r1l11" custom="readingOrder {index:10;}">
                <Coords points="868,1074 1944,1081 1944,1041 1737,1000 1662,1030 1055,1004 867,1034"/>
                <Baseline points="875,1059 928,1059 981,1059 1034,1059 1087,1058 1140,1058 1193,1056 1246,1056 1299,1055 1352,1055 1406,1055 1459,1053 1512,1053 1565,1053 1618,1053 1671,1053 1724,1055 1777,1055 1830,1056 1883,1058 1937,1059"/>
                <TextEquiv>
                    <Unicode>προ του δημιουργηθηναι το φως ότι καλον </Unicode>
                </TextEquiv>
            </TextLine>
            <TextLine id="r1l12" custom="readingOrder {index:11;}">
                <Coords points="836,1140 1469,1117 1597,1161 1939,1120 1938,1089 1786,1062 1717,1091 1395,1065 836,1092"/>
                <Baseline points="843,1130 897,1125 951,1124 1006,1121 1060,1119 1115,1118 1169,1116 1223,1116 1278,1116 1332,1116 1387,1116 1441,1116 1495,1116 1550,1116 1604,1116 1659,1116 1713,1116 1767,1116 1822,1116 1876,1115 1931,1113"/>
                <TextEquiv>
                    <Unicode>τινος ουν ενεκεν ταυτην τη λεξει εχρησατο</Unicode>
                </TextEquiv>
            </TextLine>
            <TextLine id="r1l13" custom="readingOrder {index:12;}">
                <Coords points="865,1181 944,1212 1077,1182 1999,1193 1999,1158 1841,1138 865,1154"/>
                <Baseline points="872,1185 928,1183 984,1182 1040,1181 1096,1181 1152,1181 1208,1181 1264,1181 1320,1181 1376,1181 1432,1181 1488,1181 1544,1182 1600,1182 1656,1182 1712,1182 1768,1182 1824,1182 1880,1182 1936,1181 1992,1181"/>
                <TextEquiv>
                    <Unicode>προς την συνηθειαν την ανινην συγκαταβαι</Unicode>
                </TextEquiv>
            </TextLine>
            <TextLine id="r1l14" custom="readingOrder {index:13;}">
                <Coords points="858,1261 1975,1265 1975,1204 858,1213"/>
                <Baseline points="866,1245 921,1245 976,1244 1031,1244 1086,1242 1141,1242 1196,1242 1251,1242 1306,1244 1361,1244 1416,1244 1471,1245 1526,1245 1581,1245 1636,1247 1691,1247 1746,1247 1801,1247 1856,1247 1911,1247 1967,1247"/>
                <TextEquiv>
                    <Unicode>νων απαντα φθεγγεται ο μακαριος ουτος</Unicode>
                </TextEquiv>
            </TextLine>
            <TextLine id="r1l15" custom="readingOrder {index:14;}">
                <Coords points="858,1317 1855,1341 1980,1321 1981,1263 859,1278"/>
                <Baseline points="866,1305 921,1305 976,1305 1032,1305 1087,1305 1143,1305 1198,1307 1253,1307 1309,1307 1364,1308 1420,1308 1475,1308 1530,1310 1586,1310 1641,1310 1697,1311 1752,1311 1807,1311 1863,1311 1918,1311 1974,1311"/>
                <TextEquiv>
                    <Unicode>προφητης κ καθαπερ οι ανοι επειδαν τι</Unicode>
                </TextEquiv>
            </TextLine>
            <TextLine id="r1l16" custom="readingOrder {index:15;}">
                <Coords points="869,1386 1971,1403 1950,1345 1561,1353 1438,1312 870,1342"/>
                <Baseline points="876,1370 930,1368 984,1367 1039,1367 1093,1367 1148,1367 1202,1367 1257,1368 1311,1369 1366,1371 1420,1372 1474,1374 1529,1374 1583,1376 1638,1377 1692,1379 1747,1379 1801,1379 1856,1379 1910,1379 1965,1377"/>
                <TextEquiv>
                    <Unicode>μετα πολλης της επιμελειας εργασωνται</Unicode>
                </TextEquiv>
            </TextLine>
            <TextLine id="r1l17" custom="readingOrder {index:16;}">
                <Coords points="864,1453 1793,1466 1973,1458 1974,1419 865,1384"/>
                <Baseline points="872,1434 926,1433 981,1433 1036,1433 1091,1433 1145,1433 1200,1433 1255,1433 1310,1434 1364,1434 1419,1436 1474,1436 1529,1437 1583,1439 1638,1439 1693,1440 1748,1442 1802,1443 1857,1443 1912,1445 1967,1445"/>
                <TextEquiv>
                    <Unicode>κ τελος επιθωσι τοις οικειοις καματοις το</Unicode>
                </TextEquiv>
            </TextLine>
            <TextLine id="r1l18" custom="readingOrder {index:17;}">
                <Coords points="873,1522 1982,1521 1993,1462 994,1443 874,1474"/>
                <Baseline points="881,1497 936,1496 991,1496 1046,1496 1101,1494 1157,1496 1212,1496 1267,1496 1322,1497 1377,1497 1433,1499 1488,1499 1543,1500 1598,1502 1653,1502 1709,1503 1764,1503 1819,1504 1874,1505 1929,1505 1985,1505"/>
                <TextEquiv>
                    <Unicode>τε εκ της δοκιμασιας και τον επαινον προ</Unicode>
                </TextEquiv>
            </TextLine>
            <TextLine id="r1l19" custom="readingOrder {index:18;}">
                <Coords points="871,1577 1969,1596 1996,1514 1804,1544 1439,1507 1347,1539 871,1534"/>
                <Baseline points="878,1566 933,1565 989,1563 1044,1562 1100,1562 1155,1562 1211,1562 1266,1563 1322,1563 1377,1565 1433,1565 1489,1566 1544,1567 1600,1568 1655,1568 1711,1569 1766,1569 1822,1569 1877,1569 1933,1568 1989,1568"/>
                <TextEquiv>
                    <Unicode>σαγωσιν τοις υπ αυτων γινομενοις τον αυτόν</Unicode>
                </TextEquiv>
            </TextLine>
            <TextLine id="r1l20" custom="readingOrder {index:19;}">
                <Coords points="842,1640 1981,1653 1982,1596 843,1583"/>
                <Baseline points="849,1631 905,1629 961,1628 1017,1628 1074,1628 1130,1628 1186,1628 1242,1628 1299,1628 1355,1629 1411,1630 1467,1631 1524,1632 1580,1632 1636,1634 1692,1634 1749,1635 1805,1635 1861,1635 1917,1635 1974,1635"/>
                <TextEquiv>
                    <Unicode>δη τροπον και η θεια γραφη νυν συγκατιου</Unicode>
                </TextEquiv>
            </TextLine>
            <TextLine id="r1l21" custom="readingOrder {index:20;}">
                <Coords points="867,1691 1828,1716 1927,1696 1928,1655 868,1650"/>
                <Baseline points="875,1686 927,1685 979,1685 1031,1685 1084,1685 1136,1685 1188,1685 1240,1686 1293,1686 1345,1686 1397,1688 1449,1688 1502,1689 1554,1689 1606,1690 1658,1691 1711,1691 1763,1691 1815,1691 1867,1689 1920,1689"/>
                <TextEquiv>
                    <Unicode>σα τη ασθενεια της ακοης της ημετερας</Unicode>
                </TextEquiv>
            </TextLine>
            <TextLine id="r1l22" custom="readingOrder {index:21;}">
                <Coords points="865,1776 1974,1763 1974,1714 1851,1698 1570,1728 1088,1699 1045,1729 865,1691"/>
                <Baseline points="872,1749 926,1751 981,1752 1036,1752 1091,1752 1145,1754 1200,1754 1255,1752 1310,1752 1364,1752 1419,1752 1474,1752 1529,1751 1583,1751 1638,1751 1693,1751 1748,1751 1802,1751 1857,1752 1912,1754 1967,1754"/>
                <TextEquiv>
                    <Unicode>φησιν και ειδεν ο θς το φως ότι καλον κ το</Unicode>
                </TextEquiv>
            </TextLine>
            <TextLine id="r1l23" custom="readingOrder {index:22;}">
                <Coords points="876,1827 2005,1828 1955,1766 1880,1794 1797,1759 875,1791"/>
                <Baseline points="882,1817 937,1818 993,1820 1049,1820 1105,1820 1160,1820 1216,1819 1272,1818 1328,1817 1383,1817 1439,1815 1495,1814 1551,1814 1606,1813 1662,1812 1718,1814 1774,1814 1829,1815 1885,1818 1941,1821 1997,1826"/>
                <TextEquiv>
                    <Unicode>τε επηγαγεν κ διεχωρησεν ο θς αναμεσον</Unicode>
                </TextEquiv>
            </TextLine>
            <TextLine id="r1l24" custom="readingOrder {index:23;}">
                <Coords points="863,1898 1996,1897 1995,1854 1880,1835 862,1857"/>
                <Baseline points="869,1887 925,1886 981,1886 1037,1884 1093,1884 1149,1883 1205,1883 1261,1881 1317,1880 1373,1880 1429,1878 1485,1878 1541,1878 1597,1878 1653,1877 1709,1878 1765,1878 1821,1878 1877,1880 1933,1881 1989,1883"/>
                <TextEquiv>
                    <Unicode>του φωτος και αναμεσον του σκοτους κ εκα</Unicode>
                </TextEquiv>
            </TextLine>
            <TextLine id="r1l25" custom="readingOrder {index:24;}">
                <Coords points="854,1966 1931,1958 1950,1890 1867,1918 853,1903"/>
                <Baseline points="861,1950 915,1950 969,1949 1023,1949 1077,1947 1131,1947 1185,1946 1239,1944 1293,1943 1347,1941 1402,1940 1456,1939 1510,1938 1564,1937 1618,1937 1672,1937 1726,1937 1780,1938 1834,1938 1888,1940 1943,1943"/>
                <TextEquiv>
                    <Unicode>λεσεν ο θς το φως ημεραν και το σκοτος ε</Unicode>
                </TextEquiv>
            </TextLine>
            <TextLine id="r1l26" custom="readingOrder {index:25;}">
                <Coords points="872,2035 2001,2023 2000,1981 1464,1956 1274,1987 1180,1956 871,2003"/>
                <Baseline points="879,2016 934,2013 990,2012 1046,2010 1102,2009 1157,2009 1213,2007 1269,2007 1325,2006 1380,2006 1436,2006 1492,2006 1548,2006 1603,2006 1659,2006 1715,2006 1771,2006 1826,2007 1882,2007 1938,2009 1994,2009"/>
                <TextEquiv>
                    <Unicode>καλεσεν νυκτα και ιδιαν τινα χωρα εκα</Unicode>
                </TextEquiv>
            </TextLine>
            <TextLine id="r1l27" custom="readingOrder {index:26;}">
                <Coords points="860,2087 1912,2093 2001,2073 2001,2021 859,2050"/>
                <Baseline points="866,2078 922,2076 978,2073 1035,2072 1091,2070 1148,2070 1204,2069 1260,2069 1317,2069 1373,2069 1430,2069 1486,2069 1542,2069 1599,2070 1655,2070 1712,2070 1768,2070 1824,2070 1881,2070 1937,2070 1994,2069"/>
                <TextEquiv>
                    <Unicode>στω απενειμεν ορους τινας εξ αρχης κ εκ προ</Unicode>
                </TextEquiv>
            </TextLine>
            <TextLine id="r1l28" custom="readingOrder {index:27;}">
                <Coords points="853,2150 1968,2161 1968,2086 1865,2077 854,2105"/>
                <Baseline points="861,2139 916,2136 971,2135 1026,2133 1081,2132 1136,2132 1191,2130 1246,2130 1301,2130 1356,2132 1411,2132 1466,2132 1521,2133 1576,2133 1631,2134 1686,2135 1741,2135 1796,2136 1851,2136 1906,2136 1961,2136"/>
                <TextEquiv>
                    <Unicode>οιμιων εκαστω πηγνυς ώστε εις το διηνεκες</Unicode>
                </TextEquiv>
            </TextLine>
            <TextLine id="r1l29" custom="readingOrder {index:28;}">
                <Coords points="863,2225 1135,2194 1345,2240 1425,2201 1618,2243 1770,2211 1839,2233 1932,2222 1933,2170 1413,2142 863,2177"/>
                <Baseline points="870,2204 922,2201 975,2198 1028,2196 1081,2195 1134,2193 1186,2193 1239,2193 1292,2193 1345,2193 1398,2195 1450,2195 1503,2196 1556,2198 1609,2199 1662,2202 1714,2204 1767,2205 1820,2207 1873,2208 1926,2210"/>
                <TextEquiv>
                    <Unicode>τουτους απαραποδιστους διαφυλαττειν  </Unicode>
                </TextEquiv>
            </TextLine>
            <TextEquiv>
                <Unicode>ματων τι ουν πριν η γενεσθαι ουκ ηδει ότι&#13;
καλον αλλα μετα το πραχθηναι η οψις εδειξεν &#13;
τω δημιουργω το καλλος του πραχθεντος και&#13;
τις αν τουτο ειποι των νουν εχοντων ει γαρ ανος&#13;
τεχνη τινι εργαζομενος και πριν η κατά&#13;
σκευασει το υπ αυτου δημιουργουμενον και &#13;
πριν η μορφωσει οιδε την χρειαν εις ην συν&#13;
τελειτο υπ αυτου γενομενων πολλω μαλλον ο&#13;
των απαντων δημιουργος ο λογω τα παντα&#13;
εκ του μη οντος εις το είναι παραγαγων ηδε και&#13;
προ του δημιουργηθηναι το φως ότι καλον &#13;
τινος ουν ενεκεν ταυτην τη λεξει εχρησατο&#13;
προς την συνηθειαν την ανινην συγκαταβαι&#13;
νων απαντα φθεγγεται ο μακαριος ουτος&#13;
προφητης κ καθαπερ οι ανοι επειδαν τι&#13;
μετα πολλης της επιμελειας εργασωνται&#13;
κ τελος επιθωσι τοις οικειοις καματοις το&#13;
τε εκ της δοκιμασιας και τον επαινον προ&#13;
σαγωσιν τοις υπ αυτων γινομενοις τον αυτόν&#13;
δη τροπον και η θεια γραφη νυν συγκατιου&#13;
σα τη ασθενεια της ακοης της ημετερας&#13;
φησιν και ειδεν ο θς το φως ότι καλον κ το&#13;
τε επηγαγεν κ διεχωρησεν ο θς αναμεσον&#13;
του φωτος και αναμεσον του σκοτους κ εκα&#13;
λεσεν ο θς το φως ημεραν και το σκοτος ε&#13;
καλεσεν νυκτα και ιδιαν τινα χωρα εκα&#13;
στω απενειμεν ορους τινας εξ αρχης κ εκ προ&#13;
οιμιων εκαστω πηγνυς ώστε εις το διηνεκες&#13;
τουτους απαραποδιστους διαφυλαττειν  </Unicode>
            </TextEquiv>
        </TextRegion>
    </Page>
</PcGts>
