<?xml version="1.0" encoding="UTF-8" standalone="yes"?>
<PcGts xmlns="http://schema.primaresearch.org/PAGE/gts/pagecontent/2013-07-15" xmlns:xsi="http://www.w3.org/2001/XMLSchema-instance" xsi:schemaLocation="http://schema.primaresearch.org/PAGE/gts/pagecontent/2013-07-15 http://schema.primaresearch.org/PAGE/gts/pagecontent/2013-07-15/pagecontent.xsd">
    <Metadata>
        <Creator>prov=University of Rostock/Institute of Mathematics/CITlab|PLANET AI GmbH/Gundram Leifert/gundram.leifert@planet-ai.de:name=HPGTR(htr_id=41125)::::v=2.6.7
prov=University of Rostock/Institute of Mathematics/CITlab|PLANET AI GmbH/Tobias Gruening/tobias.gruening@planet-ai.de:name=de.uros.citlab.module.baseline2polygon.B2PSeamMultiOriented:v=2.6.7
prov=University of Rostock/Institute of Mathematics/CITlab|PLANET AI GmbH/Tobias Gruening/tobias.gruening@planet-ai.de:name=/net_tf/LA73_249_0mod360.pb:de.uros.citlab.segmentation.CITlab_LA_ML:v=2.6.7
Transkribus</Creator>
        <Created>2021-09-19T17:37:26.296+03:00</Created>
        <LastChange>2023-06-07T11:57:29.071+02:00</LastChange>
        <TranskribusMetadata docId="1458633" pageId="56018981" pageNr="67" tsid="126339212" status="IN_PROGRESS" userId="99263" imgUrl="https://files.transkribus.eu/Get?id=JYJKDZOHZZVVWSJRCXXLENND&amp;fileType=view" xmlUrl="https://files.transkribus.eu/Get?id=FBGMQITBWVHQOEHMBRZWTEMJ" imageId="23265862"/>
    </Metadata>
    <Page imageFilename="0067_97 Bodleian-Library-MS-Barocci-184_00037_fol-18r.jpg" imageWidth="2302" imageHeight="2803">
        <ReadingOrder>
            <OrderedGroup id="ro_1686139450369" caption="Regions reading order">
                <RegionRefIndexed index="0" regionRef="r1"/>
                <RegionRefIndexed index="1" regionRef="r2"/>
            </OrderedGroup>
        </ReadingOrder>
        <TextRegion orientation="0.0" id="r1" custom="readingOrder {index:0;}">
            <Coords points="296,387 296,2219 1527,2219 1527,387"/>
            <TextLine id="r1l1" custom="readingOrder {index:0;}">
                <Coords points="338,435 614,459 723,426 1498,420 1480,378 1232,350 1042,393 911,357 338,370"/>
                <Baseline points="345,423 402,423 459,422 516,422 574,422 631,420 688,420 746,420 803,419 860,419 918,419 975,417 1032,417 1089,417 1147,417 1204,417 1261,417 1319,417 1376,417 1433,417 1491,419"/>
                <TextEquiv>
                    <Unicode>και τουτο εξεστιν ειδειν εκαστω των ευφρονου</Unicode>
                </TextEquiv>
            </TextLine>
            <TextLine id="r1l2" custom="readingOrder {index:1;}">
                <Coords points="332,500 682,529 751,490 1463,497 1485,438 817,457 724,426 332,462"/>
                <Baseline points="339,486 398,485 458,485 518,483 578,483 638,483 698,482 758,482 818,481 878,480 938,480 998,480 1058,479 1118,479 1178,479 1238,477 1298,477 1358,477 1418,477 1478,476"/>
                <TextEquiv>
                    <Unicode>ντων πως εξ εκεινου μεχρι του παροντος ου</Unicode>
                </TextEquiv>
            </TextLine>
            <TextLine id="r1l3" custom="readingOrder {index:2;}">
                <Coords points="338,573 1031,542 1266,576 1475,555 1475,495 337,514"/>
                <Baseline points="345,555 401,554 457,552 513,551 569,550 625,549 681,548 737,548 793,546 849,546 906,545 962,545 1018,543 1074,543 1130,543 1186,543 1242,542 1298,542 1354,542 1410,543 1467,543"/>
                <TextEquiv>
                    <Unicode>τε το φως υπερεβη τους οικειους ορους ου</Unicode>
                </TextEquiv>
            </TextLine>
            <TextLine id="r1l4" custom="readingOrder {index:3;}">
                <Coords points="343,642 1163,605 1454,630 1491,563 342,581"/>
                <Baseline points="350,620 406,619 463,618 520,617 576,615 633,615 690,614 746,612 803,611 860,611 917,609 973,609 1030,608 1087,608 1143,606 1200,606 1257,606 1313,605 1370,605 1427,605 1484,605"/>
                <TextEquiv>
                    <Unicode>τε το σκοτος την οικειαν ταξιν παρηλθεν ου</Unicode>
                </TextEquiv>
            </TextLine>
            <TextLine id="r1l5" custom="readingOrder {index:4;}">
                <Coords points="338,695 423,726 746,683 1466,705 1510,687 1509,634 337,657"/>
                <Baseline points="345,689 402,687 460,687 518,686 576,685 634,684 692,683 749,681 807,681 865,680 923,678 981,677 1039,676 1097,674 1154,674 1212,672 1270,671 1328,669 1386,668 1444,666 1502,665"/>
                <TextEquiv>
                    <Unicode>συγχυσιν τινα και αταξιαν εργασαμενον και</Unicode>
                </TextEquiv>
            </TextLine>
            <TextLine id="r1l6" custom="readingOrder {index:5;}">
                <Coords points="308,791 481,748 636,778 1483,742 1482,705 1361,679 1317,711 307,708"/>
                <Baseline points="315,744 373,746 431,746 489,746 547,746 605,746 663,746 721,745 779,744 837,743 895,742 953,741 1011,740 1069,738 1127,737 1185,735 1243,734 1301,732 1359,731 1417,729 1475,728"/>
                <TextEquiv>
                    <Unicode>γαρ ικανον και τουτο μονον τοις αγνωμονειν βου</Unicode>
                </TextEquiv>
            </TextLine>
            <TextLine id="r1l7" custom="readingOrder {index:6;}">
                <Coords points="325,825 1470,817 1485,742 324,785"/>
                <Baseline points="332,807 389,809 446,810 503,810 561,810 618,810 675,810 733,809 790,807 847,807 905,806 962,804 1019,803 1076,801 1134,800 1191,798 1248,797 1306,795 1363,794 1420,792 1478,792"/>
                <TextEquiv>
                    <Unicode>λομενοις προς την πειθω κ την υπακοην</Unicode>
                </TextEquiv>
            </TextLine>
            <TextLine id="r1l8" custom="readingOrder {index:7;}">
                <Coords points="331,879 1433,880 1507,860 1507,821 330,844"/>
                <Baseline points="338,872 396,873 454,873 512,873 570,873 628,872 686,872 744,870 802,869 860,867 918,866 976,864 1034,861 1092,860 1150,858 1208,857 1266,855 1324,853 1382,852 1440,851 1499,849"/>
                <TextEquiv>
                    <Unicode>των παρα της θειας γραφης λεγομενων αγα</Unicode>
                </TextEquiv>
            </TextLine>
            <TextLine id="r1l9" custom="readingOrder {index:8;}">
                <Coords points="338,963 1462,930 1420,872 337,915"/>
                <Baseline points="345,942 400,942 455,942 511,941 566,941 622,939 677,938 733,936 788,935 844,933 899,932 954,930 1010,929 1065,927 1121,926 1176,924 1232,923 1287,923 1343,921 1398,921 1454,921"/>
                <TextEquiv>
                    <Unicode>γειν ώστε μιμησασθαι και των στοιχειων των</Unicode>
                </TextEquiv>
            </TextLine>
            <TextLine id="r1l10" custom="readingOrder {index:9;}">
                <Coords points="325,1019 855,1027 1352,981 1481,1012 1480,953 324,966"/>
                <Baseline points="332,998 389,998 446,998 503,998 560,996 617,996 674,995 731,993 788,992 845,992 902,990 959,989 1016,987 1073,986 1130,984 1187,984 1244,983 1301,981 1358,981 1415,980 1472,980"/>
                <TextEquiv>
                    <Unicode>απαραποδιστον τηρουντων τον δρομον και</Unicode>
                </TextEquiv>
            </TextLine>
            <TextLine id="r1l11" custom="readingOrder {index:10;}">
                <Coords points="336,1080 1423,1069 1450,1003 335,1031"/>
                <Baseline points="344,1065 401,1064 459,1064 517,1062 575,1061 633,1059 691,1058 748,1056 806,1055 864,1053 922,1052 980,1050 1038,1049 1095,1049 1153,1049 1211,1049 1269,1050 1327,1051 1385,1053 1443,1056"/>
                <TextEquiv>
                    <Unicode>μη υπερβαινειν του οικειου μετρου αλλ επιγι</Unicode>
                </TextEquiv>
            </TextLine>
            <TextLine id="r1l12" custom="readingOrder {index:11;}">
                <Coords points="330,1139 1495,1114 1494,1077 1369,1058 1267,1091 835,1063 330,1092"/>
                <Baseline points="338,1125 395,1122 452,1119 510,1118 567,1116 625,1115 682,1115 740,1113 797,1113 855,1113 912,1113 969,1113 1027,1113 1084,1113 1142,1113 1199,1112 1257,1112 1314,1111 1372,1110 1429,1109 1487,1107"/>
                <TextEquiv>
                    <Unicode>γνωσκειν την οικειαν φυσιν ειτα επειδη εκα</Unicode>
                </TextEquiv>
            </TextLine>
            <TextLine id="r1l13" custom="readingOrder {index:12;}">
                <Coords points="309,1202 1504,1193 1504,1143 1329,1118 309,1138"/>
                <Baseline points="317,1176 379,1175 441,1175 503,1173 565,1173 627,1173 689,1173 751,1173 813,1173 875,1173 937,1173 999,1175 1061,1175 1123,1175 1185,1175 1247,1175 1309,1173 1371,1173 1433,1173 1496,1172"/>
                <TextEquiv>
                    <Unicode>στω την προσηγοριαν επεθηκεν αμφοτερα</Unicode>
                </TextEquiv>
            </TextLine>
            <TextLine id="r1l14" custom="readingOrder {index:13;}">
                <Coords points="319,1260 1470,1262 1470,1208 1348,1198 319,1200"/>
                <Baseline points="326,1245 382,1244 439,1242 496,1240 553,1239 610,1238 667,1238 723,1238 780,1236 837,1236 894,1236 951,1238 1008,1238 1065,1238 1121,1238 1178,1238 1235,1238 1292,1238 1349,1238 1406,1238 1463,1238"/>
                <TextEquiv>
                    <Unicode>εις τ αυτό συναγαγων φησι κ εγενετο εσπερα κ </Unicode>
                </TextEquiv>
            </TextLine>
            <TextLine id="r1l15" custom="readingOrder {index:14;}">
                <Coords points="328,1320 1481,1309 1481,1264 1352,1254 328,1258"/>
                <Baseline points="336,1301 392,1300 449,1299 506,1299 563,1298 620,1298 677,1298 733,1298 790,1298 847,1298 904,1298 961,1298 1018,1298 1075,1299 1131,1299 1188,1299 1245,1299 1302,1299 1359,1299 1416,1299 1473,1299"/>
                <TextEquiv>
                    <Unicode>εγενετο πρωι ημερα μια το τελος της η</Unicode>
                </TextEquiv>
            </TextLine>
            <TextLine id="r1l16" custom="readingOrder {index:15;}">
                <Coords points="311,1375 398,1404 1294,1366 1468,1397 1468,1314 1402,1307 1170,1344 1080,1311 311,1327"/>
                <Baseline points="318,1368 375,1367 432,1367 489,1365 546,1365 603,1365 660,1365 717,1365 774,1365 831,1365 889,1365 946,1365 1003,1365 1060,1365 1117,1365 1174,1365 1231,1365 1288,1365 1345,1365 1402,1364 1460,1364"/>
                <TextEquiv>
                    <Unicode>μερας και το τελος της νυκτος ημερα μιαν εμφαι</Unicode>
                </TextEquiv>
            </TextLine>
            <TextLine id="r1l17" custom="readingOrder {index:16;}">
                <Coords points="313,1456 1028,1424 1467,1454 1467,1397 1365,1378 313,1394"/>
                <Baseline points="320,1428 377,1428 434,1428 491,1427 548,1427 605,1427 662,1427 719,1427 776,1425 833,1425 890,1425 947,1425 1004,1425 1061,1425 1118,1425 1175,1424 1232,1424 1289,1424 1346,1424 1403,1424 1460,1424"/>
                <TextEquiv>
                    <Unicode>νων ωνομασεν ινα ταξιν τινα και ακολου</Unicode>
                </TextEquiv>
            </TextLine>
            <TextLine id="r1l18" custom="readingOrder {index:17;}">
                <Coords points="333,1503 1454,1505 1454,1469 1260,1434 1118,1466 333,1445"/>
                <Baseline points="341,1490 396,1490 451,1491 506,1491 562,1491 617,1491 672,1491 727,1491 783,1491 838,1491 893,1491 948,1490 1004,1490 1059,1490 1114,1490 1169,1490 1225,1490 1280,1490 1335,1491 1390,1491 1446,1493"/>
                <TextEquiv>
                    <Unicode>θιαν επιστηση τοις ορωμενοις κ μηδεμια</Unicode>
                </TextEquiv>
            </TextLine>
            <TextLine id="r1l19" custom="readingOrder {index:18;}">
                <Coords points="332,1561 1474,1578 1474,1520 1391,1501 332,1517"/>
                <Baseline points="339,1554 395,1554 451,1554 508,1554 564,1554 620,1554 677,1554 733,1553 789,1553 846,1553 902,1553 958,1553 1015,1552 1071,1551 1127,1551 1184,1551 1240,1551 1296,1551 1353,1550 1409,1550 1466,1550"/>
                <TextEquiv>
                    <Unicode>συγχυσις η αλλ ειδεναι εχομεν διδασκομενοι</Unicode>
                </TextEquiv>
            </TextLine>
            <TextLine id="r1l20" custom="readingOrder {index:19;}">
                <Coords points="315,1624 1495,1641 1495,1588 1446,1577 315,1588"/>
                <Baseline points="323,1613 381,1614 439,1616 497,1617 556,1617 614,1619 672,1619 730,1619 789,1619 847,1619 905,1619 963,1619 1022,1619 1080,1619 1138,1619 1196,1619 1255,1619 1313,1620 1371,1620 1429,1620 1488,1622"/>
                <TextEquiv>
                    <Unicode>παρα του πνς του αγιου δια της του μακαριου</Unicode>
                </TextEquiv>
            </TextLine>
            <TextLine id="r1l21" custom="readingOrder {index:20;}">
                <Coords points="331,1700 1475,1688 1475,1653 1347,1636 331,1648"/>
                <Baseline points="338,1680 394,1680 450,1682 507,1682 563,1682 620,1683 676,1683 733,1685 789,1685 846,1685 902,1686 958,1686 1015,1686 1071,1686 1128,1686 1184,1686 1241,1686 1297,1685 1354,1685 1410,1683 1467,1682"/>
                <TextEquiv>
                    <Unicode>τουτου προφητου γλωττης τινα μεν κα</Unicode>
                </TextEquiv>
            </TextLine>
            <TextLine id="r1l22" custom="readingOrder {index:21;}">
                <Coords points="320,1758 1470,1775 1493,1722 320,1724"/>
                <Baseline points="327,1746 384,1746 442,1748 500,1748 558,1748 616,1748 674,1748 732,1748 790,1748 848,1748 906,1748 963,1748 1021,1748 1079,1749 1137,1749 1195,1750 1253,1751 1311,1752 1369,1754 1427,1755 1485,1757"/>
                <TextEquiv>
                    <Unicode>τα την πρωτην εδημιουργηθη ημεραν  τι</Unicode>
                </TextEquiv>
            </TextLine>
            <TextLine id="r1l23" custom="readingOrder {index:22;}">
                <Coords points="310,1830 1469,1823 1469,1793 1353,1770 1115,1758 1065,1788 310,1780"/>
                <Baseline points="317,1814 374,1814 431,1814 488,1814 545,1814 603,1814 660,1814 717,1812 774,1812 831,1812 889,1812 946,1811 1003,1811 1060,1811 1117,1811 1175,1811 1232,1812 1289,1814 1346,1815 1403,1816 1461,1818"/>
                <TextEquiv>
                    <Unicode>να δε εν ταις αλλαις κ τουτο δε αυτό της του</Unicode>
                </TextEquiv>
            </TextLine>
            <TextLine id="r1l24" custom="readingOrder {index:23;}">
                <Coords points="288,1914 1156,1862 1507,1905 1496,1830 396,1855 288,1821"/>
                <Baseline points="296,1874 356,1874 416,1875 476,1875 536,1875 596,1875 656,1874 717,1874 777,1872 837,1872 897,1871 957,1871 1017,1869 1077,1869 1138,1869 1198,1869 1258,1871 1318,1872 1378,1874 1438,1876 1499,1880"/>
                <TextEquiv>
                    <Unicode>φιλανου θυ ετι συγκαταβασεως ου γαρ ηπορει</Unicode>
                </TextEquiv>
            </TextLine>
            <TextLine id="r1l25" custom="readingOrder {index:24;}">
                <Coords points="324,1954 1423,1955 1423,1903 1140,1880 1011,1911 324,1897"/>
                <Baseline points="332,1935 386,1935 440,1935 494,1935 548,1934 603,1934 657,1934 711,1934 765,1934 819,1932 874,1932 928,1932 982,1932 1036,1932 1090,1932 1145,1932 1199,1932 1253,1932 1307,1932 1361,1932 1416,1932"/>
                <TextEquiv>
                    <Unicode>η παντοδυναμος αυτου χειρ και η απειρος</Unicode>
                </TextEquiv>
            </TextLine>
            <TextLine id="r1l26" custom="readingOrder {index:25;}">
                <Coords points="325,2012 418,2039 1276,2000 1434,2033 1511,2008 1511,1957 325,1971"/>
                <Baseline points="332,2000 390,2000 449,2001 507,2001 566,2001 624,2001 683,2000 741,2000 800,2000 858,2000 917,1998 976,1998 1034,1998 1093,1998 1151,1998 1210,1998 1268,1998 1327,1998 1385,2000 1444,2001 1503,2003"/>
                <TextEquiv>
                    <Unicode>σοφια και εννια  ημεραι τα παντα παρα </Unicode>
                </TextEquiv>
            </TextLine>
            <TextLine id="r1l27" custom="readingOrder {index:26;}">
                <Coords points="331,2094 1416,2097 1504,2083 1504,2022 330,2040"/>
                <Baseline points="338,2070 399,2070 460,2072 521,2072 582,2072 643,2070 704,2070 765,2069 826,2069 887,2067 948,2067 1009,2066 1070,2066 1131,2064 1192,2064 1253,2064 1314,2066 1375,2066 1436,2067 1497,2069"/>
                <TextEquiv>
                    <Unicode>γαγειν τι δε λεγω εννια ημεραι κ εν ακα</Unicode>
                </TextEquiv>
            </TextLine>
            <TextLine id="r1l28" custom="readingOrder {index:27;}">
                <Coords points="323,2166 986,2129 1489,2170 1489,2105 1208,2072 1163,2105 952,2078 323,2110"/>
                <Baseline points="330,2138 387,2139 445,2139 502,2139 560,2139 618,2138 675,2138 733,2136 790,2135 848,2134 906,2133 963,2132 1021,2132 1078,2132 1136,2132 1194,2133 1251,2135 1309,2137 1366,2139 1424,2144 1482,2148"/>
                <TextEquiv>
                    <Unicode>ριαια ρυπη αλλ επειδη ου δια την εαυτου χρει</Unicode>
                </TextEquiv>
            </TextLine>
            <TextLine id="r1l29" custom="readingOrder {index:28;}">
                <Coords points="331,2212 384,2242 448,2208 567,2244 1535,2229 1535,2152 627,2175 540,2142 331,2176"/>
                <Baseline points="338,2204 397,2204 456,2204 516,2204 575,2204 635,2204 694,2204 754,2204 813,2204 873,2204 932,2204 991,2204 1051,2204 1110,2204 1170,2204 1229,2202 1289,2202 1348,2202 1408,2202 1467,2202 1527,2202"/>
                <TextEquiv>
                    <Unicode>αν παρηγαγεν τι των οντων ουδενος γαρ δειται</Unicode>
                </TextEquiv>
            </TextLine>
            <TextEquiv>
                <Unicode>και τουτο εξεστιν ειδειν εκαστω των ευφρονου&#13;
ντων πως εξ εκεινου μεχρι του παροντος ου&#13;
τε το φως υπερεβη τους οικειους ορους ου&#13;
τε το σκοτος την οικειαν ταξιν παρηλθεν ου&#13;
συγχυσιν τινα και αταξιαν εργασαμενον και&#13;
γαρ ικανον και τουτο μονον τοις αγνωμονειν βου&#13;
λομενοις προς την πειθω κ την υπακοην&#13;
των παρα της θειας γραφης λεγομενων αγα&#13;
γειν ώστε μιμησασθαι και των στοιχειων των&#13;
απαραποδιστον τηρουντων τον δρομον και&#13;
μη υπερβαινειν του οικειου μετρου αλλ επιγι&#13;
γνωσκειν την οικειαν φυσιν ειτα επειδη εκα&#13;
στω την προσηγοριαν επεθηκεν αμφοτερα&#13;
εις τ αυτό συναγαγων φησι κ εγενετο εσπερα κ &#13;
εγενετο πρωι ημερα μια το τελος της η&#13;
μερας και το τελος της νυκτος ημερα μιαν εμφαι&#13;
νων ωνομασεν ινα ταξιν τινα και ακολου&#13;
θιαν επιστηση τοις ορωμενοις κ μηδεμια&#13;
συγχυσις η αλλ ειδεναι εχομεν διδασκομενοι&#13;
παρα του πνς του αγιου δια της του μακαριου&#13;
τουτου προφητου γλωττης τινα μεν κα&#13;
τα την πρωτην εδημιουργηθη ημεραν  τι&#13;
να δε εν ταις αλλαις κ τουτο δε αυτό της του&#13;
φιλανου θυ ετι συγκαταβασεως ου γαρ ηπορει&#13;
η παντοδυναμος αυτου χειρ και η απειρος&#13;
σοφια και εννια  ημεραι τα παντα παρα &#13;
γαγειν τι δε λεγω εννια ημεραι κ εν ακα&#13;
ριαια ρυπη αλλ επειδη ου δια την εαυτου χρει&#13;
αν παρηγαγεν τι των οντων ουδενος γαρ δειται</Unicode>
            </TextEquiv>
        </TextRegion>
        <TextRegion orientation="0.0" id="r2" custom="readingOrder {index:1;}">
            <Coords points="1836,82 1836,232 1881,232 1881,82"/>
            <TextEquiv>
                <Unicode></Unicode>
            </TextEquiv>
        </TextRegion>
    </Page>
</PcGts>
