<?xml version="1.0" encoding="UTF-8" standalone="yes"?>
<PcGts xmlns="http://schema.primaresearch.org/PAGE/gts/pagecontent/2013-07-15" xmlns:xsi="http://www.w3.org/2001/XMLSchema-instance" xsi:schemaLocation="http://schema.primaresearch.org/PAGE/gts/pagecontent/2013-07-15 http://schema.primaresearch.org/PAGE/gts/pagecontent/2013-07-15/pagecontent.xsd">
    <Metadata>
        <Creator>prov=University of Rostock/Institute of Mathematics/CITlab|PLANET AI GmbH/Gundram Leifert/gundram.leifert@planet-ai.de:name=HPGTR(htr_id=41125)::::v=2.6.7
prov=University of Rostock/Institute of Mathematics/CITlab|PLANET AI GmbH/Tobias Gruening/tobias.gruening@planet-ai.de:name=de.uros.citlab.module.baseline2polygon.B2PSeamMultiOriented:v=2.6.7
prov=University of Rostock/Institute of Mathematics/CITlab|PLANET AI GmbH/Tobias Gruening/tobias.gruening@planet-ai.de:name=/net_tf/LA73_249_0mod360.pb:de.uros.citlab.segmentation.CITlab_LA_ML:v=2.6.7
Transkribus</Creator>
        <Created>2021-09-19T17:37:26.435+03:00</Created>
        <LastChange>2023-06-07T11:59:37.197+02:00</LastChange>
        <TranskribusMetadata docId="1458633" pageId="56018982" pageNr="68" tsid="126339549" status="IN_PROGRESS" userId="99263" imgUrl="https://files.transkribus.eu/Get?id=IXXEABRNDMGWUTGCOPYWPLLF&amp;fileType=view" xmlUrl="https://files.transkribus.eu/Get?id=ZJVTRTVHNCHUZAJCKMECHQYM" imageId="23265863"/>
    </Metadata>
    <Page imageFilename="0068_98 Bodleian-Library-MS-Barocci-184_00038_fol-18v.jpg" imageWidth="2265" imageHeight="2803">
        <ReadingOrder>
            <OrderedGroup id="ro_1686139450467" caption="Regions reading order">
                <RegionRefIndexed index="0" regionRef="r1"/>
            </OrderedGroup>
        </ReadingOrder>
        <TextRegion orientation="0.0" id="r1" custom="readingOrder {index:0;}">
            <Coords points="783,398 783,2219 1994,2219 1994,398"/>
            <TextLine id="r1l1" custom="readingOrder {index:0;}">
                <Coords points="827,446 1944,452 1969,392 1793,408 1687,359 1444,404 1344,365 827,414"/>
                <Baseline points="834,444 890,439 946,435 1003,431 1059,429 1115,427 1172,425 1228,423 1284,423 1341,423 1397,423 1453,423 1510,423 1566,425 1622,426 1679,428 1735,429 1791,432 1848,434 1904,436 1961,438"/>
                <TextEquiv>
                    <Unicode>ανενδεης ων αλλα φιλανιαν τινι και αγαθοτητι </Unicode>
                </TextEquiv>
            </TextLine>
            <TextLine id="r1l2" custom="readingOrder {index:1;}">
                <Coords points="823,503 1915,517 1969,514 1970,471 1179,431 824,463"/>
                <Baseline points="830,495 886,492 943,489 999,487 1056,485 1113,483 1169,483 1226,483 1282,483 1339,483 1396,485 1452,485 1509,487 1565,488 1622,490 1679,491 1735,494 1792,495 1848,497 1905,498 1962,500"/>
                <TextEquiv>
                    <Unicode>τα παντα ετεκτηνατο φια τουτο κατά μερος</Unicode>
                </TextEquiv>
            </TextLine>
            <TextLine id="r1l3" custom="readingOrder {index:2;}">
                <Coords points="822,571 1265,545 1939,581 1976,534 1630,505 1516,534 1248,486 1173,523 823,502"/>
                <Baseline points="830,557 886,554 943,552 1000,551 1057,549 1114,548 1171,548 1228,548 1285,549 1342,549 1399,551 1455,552 1512,553 1569,554 1626,555 1683,557 1740,558 1797,560 1854,561 1911,562 1968,563"/>
                <TextEquiv>
                    <Unicode>δημιουργει κ την διδασκαλιαν ημιν σαφη των </Unicode>
                </TextEquiv>
            </TextLine>
            <TextLine id="r1l4" custom="readingOrder {index:3;}">
                <Coords points="838,634 1648,619 1963,653 1964,591 838,572"/>
                <Baseline points="845,621 900,618 956,615 1011,614 1067,612 1122,611 1178,611 1233,611 1289,611 1344,612 1400,614 1456,615 1511,616 1567,618 1622,620 1678,621 1733,623 1789,624 1844,626 1900,627 1956,627"/>
                <TextEquiv>
                    <Unicode>γινομενων παραδιδωσι δια της του προφητου</Unicode>
                </TextEquiv>
            </TextLine>
            <TextLine id="r1l5" custom="readingOrder {index:4;}">
                <Coords points="837,703 1465,675 1542,711 1825,718 1952,704 1953,667 1444,625 1382,658 838,650"/>
                <Baseline points="845,681 900,681 955,680 1010,678 1065,678 1120,678 1175,678 1230,678 1285,680 1340,680 1395,681 1450,683 1505,683 1560,685 1615,686 1670,687 1725,689 1780,690 1835,692 1890,693 1946,693"/>
                <TextEquiv>
                    <Unicode>γλωττης ινα μαθοντες ακριβως μη προς</Unicode>
                </TextEquiv>
            </TextLine>
            <TextLine id="r1l6" custom="readingOrder {index:5;}">
                <Coords points="826,741 1172,746 1267,791 1363,749 1948,779 2001,768 2002,715 826,705"/>
                <Baseline points="833,743 891,741 949,740 1007,740 1065,740 1123,740 1181,741 1239,743 1297,744 1355,746 1413,747 1471,749 1529,751 1587,753 1645,755 1703,755 1761,756 1819,757 1877,758 1935,756 1994,755"/>
                <TextEquiv>
                    <Unicode>πταιωμεν τοις εξ ανινων λογισμων ηγουμενοις</Unicode>
                </TextEquiv>
            </TextLine>
            <TextLine id="r1l7" custom="readingOrder {index:6;}">
                <Coords points="775,831 1927,830 1927,789 1808,774 860,784 776,750"/>
                <Baseline points="783,809 839,809 896,809 953,809 1010,809 1067,809 1124,809 1180,809 1237,810 1294,810 1351,810 1408,812 1465,813 1522,813 1578,815 1635,816 1692,818 1749,819 1806,821 1863,822 1920,825"/>
                <TextEquiv>
                    <Unicode>ει γαρ και τουτων ουτως γεγενημενων εισι τι</Unicode>
                </TextEquiv>
            </TextLine>
            <TextLine id="r1l8" custom="readingOrder {index:7;}">
                <Coords points="820,877 1941,912 1990,892 1991,831 1856,861 1680,827 821,842"/>
                <Baseline points="828,867 885,867 943,868 1001,869 1059,869 1116,869 1174,869 1232,869 1290,870 1347,870 1405,872 1463,873 1521,873 1578,875 1636,876 1694,878 1752,879 1809,882 1867,884 1925,886 1983,888"/>
                <TextEquiv>
                    <Unicode>νες οι αυτοματα λεγοντες γεγενησθαι παντα</Unicode>
                </TextEquiv>
            </TextLine>
            <TextLine id="r1l9" custom="readingOrder {index:8;}">
                <Coords points="832,946 1487,972 1679,933 1977,972 1977,918 1842,895 1784,923 1436,881 1317,914 833,902"/>
                <Baseline points="840,929 896,931 953,933 1009,933 1066,935 1122,935 1179,936 1235,936 1292,938 1348,938 1405,938 1461,938 1518,939 1574,939 1631,941 1687,941 1744,942 1800,942 1857,944 1913,945 1970,947"/>
                <TextEquiv>
                    <Unicode>τα οντα ει μη τοσαυτη εχρησατο τη συγκατα</Unicode>
                </TextEquiv>
            </TextLine>
            <TextLine id="r1l10" custom="readingOrder {index:9;}">
                <Coords points="833,998 1912,1019 1912,985 1785,954 833,958"/>
                <Baseline points="840,989 893,993 946,995 999,996 1053,998 1106,998 1159,999 1212,999 1266,999 1319,998 1372,998 1425,998 1479,998 1532,998 1585,998 1638,998 1692,998 1745,999 1798,1001 1851,1003 1905,1007"/>
                <TextEquiv>
                    <Unicode>βασει και διδασκαλια τι ουκ αν ετολμησαν</Unicode>
                </TextEquiv>
            </TextLine>
            <TextLine id="r1l11" custom="readingOrder {index:10;}">
                <Coords points="828,1075 1885,1090 1969,1076 1969,1020 828,1035"/>
                <Baseline points="836,1059 892,1059 948,1061 1004,1061 1061,1061 1117,1062 1173,1062 1230,1062 1286,1064 1342,1064 1399,1064 1455,1064 1511,1064 1567,1064 1624,1064 1680,1064 1736,1064 1793,1064 1849,1064 1905,1063 1962,1062"/>
                <TextEquiv>
                    <Unicode>οι κατά της εαυτων σριας απαντα και λε</Unicode>
                </TextEquiv>
            </TextLine>
            <TextLine id="r1l12" custom="readingOrder {index:11;}">
                <Coords points="835,1154 985,1126 1096,1156 1585,1126 1966,1150 1966,1096 834,1087"/>
                <Baseline points="842,1127 897,1127 953,1127 1009,1127 1065,1127 1121,1127 1177,1127 1232,1127 1288,1127 1344,1127 1400,1127 1456,1127 1512,1127 1568,1127 1623,1127 1679,1127 1735,1127 1791,1127 1847,1127 1903,1125 1959,1125"/>
                <TextEquiv>
                    <Unicode>γειν και πραττειν σπουδαζοντες τι γαρ ουκ αν </Unicode>
                </TextEquiv>
            </TextLine>
            <TextLine id="r1l13" custom="readingOrder {index:12;}">
                <Coords points="778,1219 908,1182 1945,1202 1936,1139 1024,1164 779,1121"/>
                <Baseline points="785,1179 842,1179 900,1181 957,1181 1015,1182 1073,1182 1130,1182 1188,1184 1245,1184 1303,1185 1361,1185 1418,1185 1476,1187 1533,1187 1591,1187 1649,1188 1706,1188 1764,1188 1821,1188 1879,1188 1937,1188"/>
                <TextEquiv>
                    <Unicode>ειη αθλιωτερον και ανοητοτερον των ταυτα</Unicode>
                </TextEquiv>
            </TextLine>
            <TextLine id="r1l14" custom="readingOrder {index:13;}">
                <Coords points="820,1256 1943,1276 1943,1203 820,1211"/>
                <Baseline points="827,1245 882,1247 937,1247 993,1248 1048,1248 1104,1249 1159,1250 1214,1250 1270,1250 1325,1250 1381,1250 1436,1250 1491,1250 1547,1250 1602,1250 1658,1250 1713,1250 1768,1251 1824,1251 1879,1251 1935,1253"/>
                <TextEquiv>
                    <Unicode>λεγειν επιχειρουντων κ αυτοματα φασκον</Unicode>
                </TextEquiv>
            </TextLine>
            <TextLine id="r1l15" custom="readingOrder {index:14;}">
                <Coords points="827,1338 1960,1319 1960,1271 1854,1264 827,1265"/>
                <Baseline points="834,1310 892,1308 951,1308 1010,1308 1069,1308 1128,1308 1187,1308 1246,1308 1305,1310 1364,1310 1422,1311 1481,1311 1540,1311 1599,1311 1658,1311 1717,1311 1776,1311 1835,1310 1894,1310 1953,1308"/>
                <TextEquiv>
                    <Unicode>των γεγενησθαι τα οντα και της του θυ προ</Unicode>
                </TextEquiv>
            </TextLine>
            <TextLine id="r1l16" custom="readingOrder {index:15;}">
                <Coords points="817,1380 1883,1403 1944,1393 1945,1347 1631,1356 1529,1316 1408,1350 818,1344"/>
                <Baseline points="825,1370 880,1368 936,1368 991,1367 1047,1367 1103,1367 1158,1367 1214,1368 1270,1368 1325,1370 1381,1370 1437,1371 1492,1373 1548,1374 1604,1375 1659,1376 1715,1377 1771,1378 1826,1379 1882,1379 1938,1380"/>
                <TextEquiv>
                    <Unicode>νοιας αποστερουντων την πασαν δημιουρ</Unicode>
                </TextEquiv>
            </TextLine>
            <TextLine id="r1l17" custom="readingOrder {index:16;}">
                <Coords points="818,1452 976,1422 1163,1465 1427,1428 1937,1456 1960,1410 819,1378"/>
                <Baseline points="825,1433 881,1430 937,1427 994,1425 1050,1425 1107,1424 1163,1424 1219,1425 1276,1425 1332,1427 1389,1428 1445,1430 1501,1431 1558,1433 1614,1434 1671,1437 1727,1437 1783,1439 1840,1440 1896,1442 1953,1442"/>
                <TextEquiv>
                    <Unicode>γιαν πως γαρ αν εχοι λογον ειπε μοι τα το</Unicode>
                </TextEquiv>
            </TextLine>
            <TextLine id="r1l18" custom="readingOrder {index:17;}">
                <Coords points="790,1507 1972,1506 1972,1471 1740,1446 791,1466"/>
                <Baseline points="798,1497 856,1494 914,1493 973,1491 1031,1491 1089,1490 1148,1490 1206,1490 1264,1490 1323,1490 1381,1491 1439,1491 1498,1493 1556,1494 1614,1495 1673,1497 1731,1498 1789,1500 1848,1501 1906,1503 1965,1505"/>
                <TextEquiv>
                    <Unicode>σαυτα στοιχεια και την τοσαυτην διακοσμησιν α</Unicode>
                </TextEquiv>
            </TextLine>
            <TextLine id="r1l19" custom="readingOrder {index:18;}">
                <Coords points="828,1562 1990,1580 1990,1537 1894,1515 828,1514"/>
                <Baseline points="836,1554 893,1554 950,1554 1008,1553 1065,1553 1122,1553 1180,1553 1237,1553 1294,1553 1352,1553 1409,1553 1466,1554 1524,1554 1581,1556 1638,1556 1696,1557 1753,1559 1810,1560 1868,1561 1925,1563 1983,1565"/>
                <TextEquiv>
                    <Unicode>νευ τινος του κυβερνωντος κ τα παντα δια</Unicode>
                </TextEquiv>
            </TextLine>
            <TextLine id="r1l20" custom="readingOrder {index:19;}">
                <Coords points="823,1639 1659,1626 1722,1670 1773,1628 1937,1641 1937,1590 1753,1574 1662,1603 823,1582"/>
                <Baseline points="830,1622 887,1622 945,1620 1003,1620 1061,1620 1119,1620 1177,1620 1234,1620 1292,1622 1350,1622 1408,1622 1466,1623 1524,1623 1581,1625 1639,1625 1697,1626 1755,1626 1813,1627 1871,1628 1929,1628"/>
                <TextEquiv>
                    <Unicode>κρατουντος ηνιοχεισθαι και ναυς μεν ουκ αν </Unicode>
                </TextEquiv>
            </TextLine>
            <TextLine id="r1l21" custom="readingOrder {index:20;}">
                <Coords points="816,1691 1325,1685 1589,1729 1719,1692 1916,1707 1916,1661 1855,1639 1592,1671 1401,1636 817,1655"/>
                <Baseline points="824,1685 878,1683 932,1683 986,1682 1040,1682 1095,1682 1149,1682 1203,1682 1257,1683 1311,1683 1366,1683 1420,1685 1474,1685 1528,1686 1582,1687 1637,1688 1691,1688 1745,1689 1799,1689 1853,1689 1908,1689"/>
                <TextEquiv>
                    <Unicode>ποτε δυνηθειη κυβερνητου χωρις τα της</Unicode>
                </TextEquiv>
            </TextLine>
            <TextLine id="r1l22" custom="readingOrder {index:21;}">
                <Coords points="825,1764 1960,1764 1945,1722 1719,1692 1588,1735 826,1704"/>
                <Baseline points="833,1749 891,1749 950,1749 1009,1749 1068,1749 1127,1749 1186,1749 1245,1749 1304,1749 1363,1751 1421,1751 1480,1751 1539,1751 1598,1752 1657,1752 1716,1752 1775,1754 1834,1754 1893,1754 1952,1755"/>
                <TextEquiv>
                    <Unicode>θαλαττης κυματα διαδραμειν ουδε στρατι</Unicode>
                </TextEquiv>
            </TextLine>
            <TextLine id="r1l23" custom="readingOrder {index:22;}">
                <Coords points="825,1840 1954,1835 1954,1772 825,1786"/>
                <Baseline points="833,1815 888,1814 944,1814 1000,1812 1055,1812 1111,1812 1167,1812 1222,1814 1278,1814 1334,1815 1390,1815 1445,1817 1501,1818 1557,1818 1612,1820 1668,1820 1724,1821 1779,1821 1835,1821 1891,1821 1947,1820"/>
                <TextEquiv>
                    <Unicode>ωτης εργαζεσθαι τι γενναιον μη του στρατη</Unicode>
                </TextEquiv>
            </TextLine>
            <TextLine id="r1l24" custom="readingOrder {index:23;}">
                <Coords points="826,1909 1066,1871 1129,1901 1964,1888 1909,1845 1728,1832 1602,1861 1449,1829 827,1839"/>
                <Baseline points="834,1874 890,1874 946,1872 1002,1872 1058,1872 1114,1872 1170,1874 1226,1874 1282,1875 1338,1875 1395,1877 1451,1877 1507,1878 1563,1878 1619,1880 1675,1880 1731,1880 1787,1880 1843,1878 1899,1878 1956,1877"/>
                <TextEquiv>
                    <Unicode>γουντος εφεστωτος ουδε οικια συνεσταναι</Unicode>
                </TextEquiv>
            </TextLine>
            <TextLine id="r1l25" custom="readingOrder {index:24;}">
                <Coords points="813,1950 1607,1940 1696,1973 1815,1930 1971,1954 1971,1888 813,1906"/>
                <Baseline points="821,1937 878,1934 935,1934 992,1932 1049,1932 1106,1932 1163,1932 1221,1932 1278,1932 1335,1934 1392,1934 1449,1934 1506,1935 1563,1935 1621,1935 1678,1937 1735,1937 1792,1937 1849,1935 1906,1935 1964,1934"/>
                <TextEquiv>
                    <Unicode>μη του ταυτην οικονομουντος παροντος οδε</Unicode>
                </TextEquiv>
            </TextLine>
            <TextLine id="r1l26" custom="readingOrder {index:25;}">
                <Coords points="794,2028 1490,2002 1677,2044 1957,2011 1957,1982 1794,1962 794,1957"/>
                <Baseline points="801,2003 858,2001 915,2001 973,2001 1030,2001 1088,2001 1145,2001 1203,2001 1260,2001 1318,2001 1375,2001 1432,2001 1490,2001 1547,2003 1605,2003 1662,2003 1720,2003 1777,2004 1835,2004 1892,2004 1950,2006"/>
                <TextEquiv>
                    <Unicode>απειρος ουτος κοσμος και η των στοιχειων του</Unicode>
                </TextEquiv>
            </TextLine>
            <TextLine id="r1l27" custom="readingOrder {index:26;}">
                <Coords points="821,2082 1870,2103 1977,2081 1978,2027 821,2034"/>
                <Baseline points="828,2063 885,2064 942,2064 999,2064 1056,2066 1113,2066 1170,2067 1227,2067 1284,2067 1341,2068 1399,2069 1456,2069 1513,2070 1570,2070 1627,2070 1684,2072 1741,2072 1798,2072 1855,2072 1912,2073 1970,2073"/>
                <TextEquiv>
                    <Unicode>των διακοσμησις απλως και ως ετυχεν φερε</Unicode>
                </TextEquiv>
            </TextLine>
            <TextLine id="r1l28" custom="readingOrder {index:27;}">
                <Coords points="824,2150 1428,2132 1802,2165 1982,2134 1696,2089 824,2102"/>
                <Baseline points="831,2130 888,2130 945,2130 1002,2130 1059,2130 1116,2130 1173,2132 1231,2132 1288,2133 1345,2133 1402,2135 1459,2136 1516,2136 1573,2138 1631,2138 1688,2138 1745,2138 1802,2138 1859,2138 1916,2138 1974,2136"/>
                <TextEquiv>
                    <Unicode>σθαι ηδυνατο μη τινος οντος του ηνιοχειν τα</Unicode>
                </TextEquiv>
            </TextLine>
            <TextLine id="r1l29" custom="readingOrder {index:28;}">
                <Coords points="823,2198 1992,2232 1993,2179 1907,2152 824,2149"/>
                <Baseline points="831,2192 888,2192 946,2193 1004,2193 1061,2193 1119,2195 1177,2195 1234,2195 1292,2195 1350,2196 1408,2196 1465,2196 1523,2198 1581,2198 1638,2199 1696,2199 1754,2201 1811,2202 1869,2203 1927,2204 1985,2205"/>
                <TextEquiv>
                    <Unicode>παντα δυναμενου κ κατά την οικειαν σοφιαν  </Unicode>
                </TextEquiv>
            </TextLine>
            <TextEquiv>
                <Unicode>ανενδεης ων αλλα φιλανιαν τινι και αγαθοτητι &#13;
τα παντα ετεκτηνατο φια τουτο κατά μερος&#13;
δημιουργει κ την διδασκαλιαν ημιν σαφη των &#13;
γινομενων παραδιδωσι δια της του προφητου&#13;
γλωττης ινα μαθοντες ακριβως μη προς&#13;
πταιωμεν τοις εξ ανινων λογισμων ηγουμενοις&#13;
ει γαρ και τουτων ουτως γεγενημενων εισι τι&#13;
νες οι αυτοματα λεγοντες γεγενησθαι παντα&#13;
τα οντα ει μη τοσαυτη εχρησατο τη συγκατα&#13;
βασει και διδασκαλια τι ουκ αν ετολμησαν&#13;
οι κατά της εαυτων σριας απαντα και λε&#13;
γειν και πραττειν σπουδαζοντες τι γαρ ουκ αν &#13;
ειη αθλιωτερον και ανοητοτερον των ταυτα&#13;
λεγειν επιχειρουντων κ αυτοματα φασκον&#13;
των γεγενησθαι τα οντα και της του θυ προ&#13;
νοιας αποστερουντων την πασαν δημιουρ&#13;
γιαν πως γαρ αν εχοι λογον ειπε μοι τα το&#13;
σαυτα στοιχεια και την τοσαυτην διακοσμησιν α&#13;
νευ τινος του κυβερνωντος κ τα παντα δια&#13;
κρατουντος ηνιοχεισθαι και ναυς μεν ουκ αν &#13;
ποτε δυνηθειη κυβερνητου χωρις τα της&#13;
θαλαττης κυματα διαδραμειν ουδε στρατι&#13;
ωτης εργαζεσθαι τι γενναιον μη του στρατη&#13;
γουντος εφεστωτος ουδε οικια συνεσταναι&#13;
μη του ταυτην οικονομουντος παροντος οδε&#13;
απειρος ουτος κοσμος και η των στοιχειων του&#13;
των διακοσμησις απλως και ως ετυχεν φερε&#13;
σθαι ηδυνατο μη τινος οντος του ηνιοχειν τα&#13;
παντα δυναμενου κ κατά την οικειαν σοφιαν  </Unicode>
            </TextEquiv>
        </TextRegion>
    </Page>
</PcGts>
