<?xml version="1.0" encoding="UTF-8" standalone="yes"?>
<PcGts xmlns="http://schema.primaresearch.org/PAGE/gts/pagecontent/2013-07-15" xmlns:xsi="http://www.w3.org/2001/XMLSchema-instance" xsi:schemaLocation="http://schema.primaresearch.org/PAGE/gts/pagecontent/2013-07-15 http://schema.primaresearch.org/PAGE/gts/pagecontent/2013-07-15/pagecontent.xsd">
    <Metadata>
        <Creator>prov=University of Rostock/Institute of Mathematics/CITlab|PLANET AI GmbH/Gundram Leifert/gundram.leifert@planet-ai.de:name=HPGTR(htr_id=41125)::::v=2.6.7
prov=University of Rostock/Institute of Mathematics/CITlab|PLANET AI GmbH/Tobias Gruening/tobias.gruening@planet-ai.de:name=de.uros.citlab.module.baseline2polygon.B2PSeamMultiOriented:v=2.6.7
prov=University of Rostock/Institute of Mathematics/CITlab|PLANET AI GmbH/Tobias Gruening/tobias.gruening@planet-ai.de:name=/net_tf/LA73_249_0mod360.pb:de.uros.citlab.segmentation.CITlab_LA_ML:v=2.6.7
Transkribus</Creator>
        <Created>2021-09-19T17:37:26.742+03:00</Created>
        <LastChange>2023-06-07T12:01:47.834+02:00</LastChange>
        <TranskribusMetadata docId="1458633" pageId="56018983" pageNr="69" tsid="126339994" status="IN_PROGRESS" userId="99263" imgUrl="https://files.transkribus.eu/Get?id=QRFFIHOTKZXLHYLJGRYLRVKF&amp;fileType=view" xmlUrl="https://files.transkribus.eu/Get?id=EYRYMDQSERWTQLFOJGKHQAEY" imageId="23265864"/>
    </Metadata>
    <Page imageFilename="0069_99 Bodleian-Library-MS-Barocci-184_00039_fol-19r.jpg" imageWidth="2302" imageHeight="2803">
        <ReadingOrder>
            <OrderedGroup id="ro_1686139450559" caption="Regions reading order">
                <RegionRefIndexed index="0" regionRef="r1"/>
                <RegionRefIndexed index="1" regionRef="r2"/>
            </OrderedGroup>
        </ReadingOrder>
        <TextRegion orientation="0.0" id="r1" custom="readingOrder {index:0;}">
            <Coords points="318,378 318,2218 1499,2218 1499,378"/>
            <TextLine id="r1l1" custom="readingOrder {index:0;}">
                <Coords points="325,449 464,474 645,422 1486,419 1487,369 1275,343 845,397 657,369 324,420"/>
                <Baseline points="333,440 390,437 447,434 505,432 562,429 620,426 677,424 734,422 792,420 849,417 907,416 964,414 1021,412 1079,410 1136,410 1194,408 1251,407 1308,407 1366,407 1423,407 1481,407"/>
                <TextEquiv>
                    <Unicode>συνεχοντος και διακαταξοντος απαντα τα</Unicode>
                </TextEquiv>
            </TextLine>
            <TextLine id="r1l2" custom="readingOrder {index:1;}">
                <Coords points="338,518 1433,491 1449,445 337,489"/>
                <Baseline points="345,513 399,508 454,505 509,501 564,498 619,496 674,493 729,491 784,489 839,486 894,485 948,483 1003,482 1058,480 1113,479 1168,477 1223,476 1278,474 1333,471 1388,470 1443,468"/>
                <TextEquiv>
                    <Unicode>ορωμενα; αλλα τι περαιτερω φιλονεικου</Unicode>
                </TextEquiv>
            </TextLine>
            <TextLine id="r1l3" custom="readingOrder {index:2;}">
                <Coords points="340,589 1500,550 1499,510 1380,484 339,544"/>
                <Baseline points="347,572 404,570 461,569 518,566 576,564 633,561 690,559 748,557 805,554 862,552 920,549 977,546 1034,544 1091,542 1149,540 1206,537 1263,536 1321,534 1378,533 1435,533 1493,531"/>
                <TextEquiv>
                    <Unicode>μεν ταυτα δεικνυειν εκεινοις αι κατά την πα</Unicode>
                </TextEquiv>
            </TextLine>
            <TextLine id="r1l4" custom="readingOrder {index:3;}">
                <Coords points="338,662 539,622 708,653 865,611 1379,609 1496,561 1163,549 832,591 767,561 682,598 336,604"/>
                <Baseline points="344,633 401,632 458,629 515,626 573,623 630,620 687,617 745,615 802,612 859,610 917,608 974,605 1031,603 1088,600 1146,599 1203,596 1260,594 1318,592 1375,591 1432,588 1490,587"/>
                <TextEquiv>
                    <Unicode>ροιμιαν και τυφλοις δηλα καθεστηκεν όμως</Unicode>
                </TextEquiv>
            </TextLine>
            <TextLine id="r1l5" custom="readingOrder {index:4;}">
                <Coords points="346,719 1395,685 1489,666 1487,608 344,668"/>
                <Baseline points="353,701 409,699 465,696 522,695 578,692 635,690 691,688 747,686 804,683 860,681 917,678 973,675 1029,674 1086,672 1142,669 1199,666 1255,664 1311,662 1368,660 1424,657 1481,656"/>
                <TextEquiv>
                    <Unicode>μη διαλιμπανωμεν προτιθεντες αυτοις τα α </Unicode>
                </TextEquiv>
            </TextLine>
            <TextLine id="r1l6" custom="readingOrder {index:5;}">
                <Coords points="341,765 647,782 1468,730 1443,677 340,731"/>
                <Baseline points="348,759 403,759 459,758 514,758 570,756 626,755 681,753 737,752 792,749 848,747 904,744 959,743 1015,740 1070,738 1126,735 1182,734 1237,731 1293,729 1348,728 1404,726 1460,725"/>
                <TextEquiv>
                    <Unicode>πο της γραφης διδαγματα και πασαν ποι</Unicode>
                </TextEquiv>
            </TextLine>
            <TextLine id="r1l7" custom="readingOrder {index:6;}">
                <Coords points="335,828 847,837 1109,796 1508,823 1506,766 1269,747 334,790"/>
                <Baseline points="342,822 399,822 457,822 515,821 573,820 631,818 689,816 746,815 804,812 862,809 920,807 978,804 1036,802 1094,801 1151,798 1209,797 1267,795 1325,795 1383,795 1441,795 1499,797"/>
                <TextEquiv>
                    <Unicode>ουμενοι σπουδην ώστε και της πλανης αυτους </Unicode>
                </TextEquiv>
            </TextLine>
            <TextLine id="r1l8" custom="readingOrder {index:7;}">
                <Coords points="340,902 1231,867 1432,893 1500,870 1499,828 1070,816 1025,850 469,865 338,831"/>
                <Baseline points="347,884 404,885 461,884 518,884 576,883 633,882 690,880 748,879 805,876 862,875 920,872 977,870 1034,868 1091,866 1149,864 1206,862 1263,860 1321,858 1378,858 1435,857 1493,857"/>
                <TextEquiv>
                    <Unicode>απαλλαξαι κ προς την αληθειαν επαναγα</Unicode>
                </TextEquiv>
            </TextLine>
            <TextLine id="r1l9" custom="readingOrder {index:8;}">
                <Coords points="340,987 452,953 536,982 636,949 1456,943 1454,883 338,929"/>
                <Baseline points="347,962 402,958 457,955 512,953 567,950 622,948 677,946 732,944 787,942 842,941 897,939 952,938 1007,936 1062,935 1117,933 1172,932 1227,930 1282,928 1337,926 1392,924 1448,921"/>
                <TextEquiv>
                    <Unicode>γειν ει γαρ και ετι τη πλανη εισι προκατει</Unicode>
                </TextEquiv>
            </TextLine>
            <TextLine id="r1l10" custom="readingOrder {index:9;}">
                <Coords points="329,1027 1486,1002 1485,940 328,978"/>
                <Baseline points="336,1011 393,1010 450,1010 507,1008 564,1007 621,1005 678,1005 735,1004 792,1002 849,1001 907,999 964,998 1021,996 1078,996 1135,995 1192,993 1249,992 1306,992 1363,990 1420,989 1478,989"/>
                <TextEquiv>
                    <Unicode>λημμενοι αλλ όμως ομογενεις τυγχανουσιν και</Unicode>
                </TextEquiv>
            </TextLine>
            <TextLine id="r1l11" custom="readingOrder {index:10;}">
                <Coords points="332,1090 1481,1058 1480,1028 1228,1011 332,1057"/>
                <Baseline points="339,1077 395,1074 452,1071 509,1069 565,1067 622,1064 679,1062 735,1061 792,1059 849,1058 906,1058 962,1056 1019,1055 1076,1055 1132,1055 1189,1055 1246,1053 1302,1053 1359,1053 1416,1055 1473,1055"/>
                <TextEquiv>
                    <Unicode>προσηκει πολλην αυτων ποιεισθαι την προνοι</Unicode>
                </TextEquiv>
            </TextLine>
            <TextLine id="r1l12" custom="readingOrder {index:11;}">
                <Coords points="336,1146 1434,1139 1479,1129 1479,1079 879,1103 679,1070 336,1111"/>
                <Baseline points="344,1133 400,1130 456,1127 513,1124 569,1122 626,1121 682,1119 738,1119 795,1118 851,1118 908,1118 964,1118 1020,1118 1077,1118 1133,1119 1190,1119 1246,1119 1302,1119 1359,1118 1415,1118 1472,1116"/>
                <TextEquiv>
                    <Unicode>αν και μηδεποτε ναρκαν αλλα μετα πολλης</Unicode>
                </TextEquiv>
            </TextLine>
            <TextLine id="r1l13" custom="readingOrder {index:12;}">
                <Coords points="317,1193 1462,1187 1461,1159 1289,1136 317,1161"/>
                <Baseline points="324,1190 380,1188 437,1187 493,1187 550,1185 606,1185 663,1184 719,1184 776,1184 832,1184 889,1183 945,1182 1002,1182 1058,1182 1115,1182 1171,1181 1228,1181 1284,1181 1341,1179 1397,1179 1454,1178"/>
                <TextEquiv>
                    <Unicode>της επιεικειας  τα παρ εαυτων επιδεικνυ</Unicode>
                </TextEquiv>
            </TextLine>
            <TextLine id="r1l14" custom="readingOrder {index:13;}">
                <Coords points="319,1274 1102,1238 1358,1271 1459,1249 1458,1199 318,1234"/>
                <Baseline points="326,1256 382,1254 438,1253 494,1251 551,1251 607,1250 663,1248 719,1247 776,1246 832,1245 888,1244 944,1244 1001,1242 1057,1242 1113,1241 1169,1241 1226,1239 1282,1239 1338,1239 1394,1239 1451,1238"/>
                <TextEquiv>
                    <Unicode>μενους και καταλληλον αυτοις την ιατρειαν </Unicode>
                </TextEquiv>
            </TextLine>
            <TextLine id="r1l15" custom="readingOrder {index:14;}">
                <Coords points="320,1317 499,1345 668,1303 1456,1317 1481,1275 969,1283 871,1250 754,1284 320,1281"/>
                <Baseline points="327,1314 384,1314 441,1314 498,1313 556,1313 613,1311 670,1310 728,1309 785,1308 842,1307 900,1305 957,1304 1014,1302 1071,1301 1129,1301 1186,1299 1243,1299 1301,1299 1358,1299 1415,1299 1473,1301"/>
                <TextEquiv>
                    <Unicode>παρεχοντες ινα οψε γουν ποτε προς την</Unicode>
                </TextEquiv>
            </TextLine>
            <TextLine id="r1l16" custom="readingOrder {index:15;}">
                <Coords points="333,1400 1451,1372 1450,1327 1224,1314 332,1349"/>
                <Baseline points="339,1379 394,1379 449,1379 504,1377 559,1377 615,1376 670,1375 725,1374 780,1373 835,1371 891,1370 946,1370 1001,1368 1056,1367 1111,1365 1167,1364 1222,1362 1277,1361 1332,1359 1387,1358 1443,1358"/>
                <TextEquiv>
                    <Unicode>αληθη υγειαν επανελθωσιν ουδε γαρ ουτω</Unicode>
                </TextEquiv>
            </TextLine>
            <TextLine id="r1l17" custom="readingOrder {index:16;}">
                <Coords points="331,1451 1098,1461 1489,1423 1488,1389 1275,1370 894,1417 331,1409"/>
                <Baseline points="339,1443 396,1442 453,1442 510,1440 567,1440 624,1439 681,1439 738,1437 795,1437 852,1436 910,1435 967,1434 1024,1433 1081,1431 1138,1430 1195,1429 1252,1427 1309,1425 1366,1424 1423,1421 1481,1419"/>
                <TextEquiv>
                    <Unicode>τω θω περισπουδαστον ως ψυχης σρια και βο</Unicode>
                </TextEquiv>
            </TextLine>
            <TextLine id="r1l18" custom="readingOrder {index:17;}">
                <Coords points="325,1522 1178,1494 1388,1530 1478,1496 1477,1454 324,1486"/>
                <Baseline points="332,1502 388,1503 445,1503 502,1503 559,1503 616,1502 673,1502 730,1500 787,1500 844,1499 901,1497 957,1497 1014,1496 1071,1494 1128,1493 1185,1491 1242,1490 1299,1488 1356,1487 1413,1487 1470,1485"/>
                <TextEquiv>
                    <Unicode>α παυλος λεγων ο θελων παντας ανους σω</Unicode>
                </TextEquiv>
            </TextLine>
            <TextLine id="r1l19" custom="readingOrder {index:18;}">
                <Coords points="328,1570 1492,1572 1469,1498 1385,1536 1045,1508 328,1535"/>
                <Baseline points="335,1565 392,1566 450,1566 507,1566 565,1566 622,1565 680,1565 737,1564 795,1563 852,1562 910,1560 967,1560 1025,1559 1082,1557 1140,1557 1197,1556 1255,1556 1312,1554 1370,1554 1427,1554 1485,1554"/>
                <TextEquiv>
                    <Unicode>θηναι και εις επιγνωσιν αληθειας ελθειν και</Unicode>
                </TextEquiv>
            </TextLine>
            <TextLine id="r1l20" custom="readingOrder {index:19;}">
                <Coords points="326,1651 1501,1650 1467,1580 326,1586"/>
                <Baseline points="333,1623 391,1626 449,1626 507,1626 565,1628 623,1626 681,1626 739,1626 797,1625 855,1625 913,1623 971,1623 1029,1622 1087,1622 1145,1620 1203,1620 1261,1620 1319,1622 1377,1622 1435,1623 1494,1625"/>
                <TextEquiv>
                    <Unicode>παλιν αυτος ο θς φησιν ου θελησει θελω τον θα</Unicode>
                </TextEquiv>
            </TextLine>
            <TextLine id="r1l21" custom="readingOrder {index:20;}">
                <Coords points="324,1707 757,1731 856,1689 1341,1687 1431,1714 1431,1641 934,1664 730,1633 613,1676 324,1672"/>
                <Baseline points="332,1692 386,1692 441,1692 495,1692 550,1692 605,1691 659,1691 714,1691 768,1691 823,1689 878,1689 932,1689 987,1689 1041,1688 1096,1688 1151,1688 1205,1688 1260,1688 1314,1688 1369,1688 1424,1688"/>
                <TextEquiv>
                    <Unicode>νατον του αμαρτωλου ως το επιστρεψαι και</Unicode>
                </TextEquiv>
            </TextLine>
            <TextLine id="r1l22" custom="readingOrder {index:21;}">
                <Coords points="328,1781 606,1750 1493,1780 1452,1702 969,1729 857,1691 680,1734 328,1707"/>
                <Baseline points="335,1748 392,1749 450,1751 507,1751 565,1751 622,1751 680,1751 737,1751 795,1751 852,1750 910,1749 967,1749 1025,1749 1082,1749 1140,1749 1197,1749 1255,1749 1312,1751 1370,1752 1427,1754 1485,1757"/>
                <TextEquiv>
                    <Unicode>ζην αυτόν δια γαρ τουτο και την κτισιν απα</Unicode>
                </TextEquiv>
            </TextLine>
            <TextLine id="r1l23" custom="readingOrder {index:22;}">
                <Coords points="329,1839 819,1844 991,1809 1373,1851 1447,1836 1447,1773 329,1782"/>
                <Baseline points="336,1815 391,1816 446,1817 501,1817 556,1817 612,1817 667,1817 722,1817 777,1816 832,1815 888,1815 943,1815 998,1815 1053,1815 1108,1815 1164,1816 1219,1817 1274,1818 1329,1820 1384,1823 1440,1826"/>
                <TextEquiv>
                    <Unicode>σαν παρηγαγεν και ημας εδημιουργησεν ου</Unicode>
                </TextEquiv>
            </TextLine>
            <TextLine id="r1l24" custom="readingOrder {index:23;}">
                <Coords points="325,1921 762,1879 1325,1902 1459,1888 1459,1850 1029,1852 933,1820 325,1872"/>
                <Baseline points="332,1889 388,1886 444,1884 500,1883 556,1881 612,1880 668,1878 724,1878 780,1877 836,1877 892,1875 948,1875 1004,1875 1060,1875 1116,1875 1172,1877 1228,1877 1284,1877 1340,1877 1396,1878 1452,1878"/>
                <TextEquiv>
                    <Unicode>χ ινα απολωμεθα ουδ ινα εις κολασιν ημας</Unicode>
                </TextEquiv>
            </TextLine>
            <TextLine id="r1l25" custom="readingOrder {index:24;}">
                <Coords points="311,1956 1463,1961 1489,1891 311,1922"/>
                <Baseline points="318,1937 376,1938 434,1940 492,1940 550,1941 609,1941 667,1941 725,1941 783,1940 841,1940 900,1940 958,1938 1016,1938 1074,1937 1132,1937 1191,1937 1249,1936 1307,1935 1365,1935 1423,1937 1482,1937"/>
                <TextEquiv>
                    <Unicode>παραπεμψη αλλ ινα σωση κ της πλανης</Unicode>
                </TextEquiv>
            </TextLine>
            <TextLine id="r1l26" custom="readingOrder {index:25;}">
                <Coords points="325,2016 1359,2026 1468,2005 1468,1964 325,1976"/>
                <Baseline points="333,2004 389,2004 445,2004 502,2004 558,2004 615,2004 671,2004 727,2003 784,2003 840,2003 897,2003 953,2001 1009,2001 1066,2001 1122,2001 1179,2000 1235,2000 1291,2000 1348,1998 1404,1998 1461,1998"/>
                <TextEquiv>
                    <Unicode>ελευθερωσας της βασιλειας την απολαυ</Unicode>
                </TextEquiv>
            </TextLine>
            <TextLine id="r1l27" custom="readingOrder {index:26;}">
                <Coords points="335,2088 1504,2081 1424,2020 335,2049"/>
                <Baseline points="342,2079 399,2078 457,2076 515,2075 573,2073 630,2073 688,2073 746,2072 804,2072 861,2072 919,2072 977,2072 1035,2072 1092,2072 1150,2072 1208,2072 1266,2072 1323,2072 1381,2071 1439,2070 1497,2070"/>
                <TextEquiv>
                    <Unicode>σιν ημιν δωρησηται ταυτην γαρ ημιν και ητοι</Unicode>
                </TextEquiv>
            </TextLine>
            <TextLine id="r1l28" custom="readingOrder {index:27;}">
                <Coords points="328,2168 510,2137 1388,2156 1489,2114 328,2117"/>
                <Baseline points="335,2139 392,2139 449,2141 506,2141 564,2141 621,2139 678,2139 736,2139 793,2139 850,2139 908,2138 965,2138 1022,2138 1079,2136 1137,2136 1194,2135 1251,2135 1309,2135 1366,2133 1423,2133 1481,2133"/>
                <TextEquiv>
                    <Unicode>μασεν ου νυν μετα το γενεσθαι αλλα προ κατα</Unicode>
                </TextEquiv>
            </TextLine>
            <TextLine id="r1l29" custom="readingOrder {index:28;}">
                <Coords points="324,2209 1426,2221 1450,2156 324,2180"/>
                <Baseline points="332,2198 387,2198 443,2199 498,2201 554,2201 609,2202 665,2202 720,2203 776,2204 831,2204 887,2204 942,2204 998,2204 1053,2204 1109,2204 1164,2203 1220,2202 1275,2201 1331,2199 1386,2198 1442,2196"/>
                <TextEquiv>
                    <Unicode>βολης κοσμου καθως αυτος φησιν δευτε οι  </Unicode>
                </TextEquiv>
            </TextLine>
            <TextEquiv>
                <Unicode>συνεχοντος και διακαταξοντος απαντα τα&#13;
ορωμενα; αλλα τι περαιτερω φιλονεικου&#13;
μεν ταυτα δεικνυειν εκεινοις αι κατά την πα&#13;
ροιμιαν και τυφλοις δηλα καθεστηκεν όμως&#13;
μη διαλιμπανωμεν προτιθεντες αυτοις τα α &#13;
πο της γραφης διδαγματα και πασαν ποι&#13;
ουμενοι σπουδην ώστε και της πλανης αυτους &#13;
απαλλαξαι κ προς την αληθειαν επαναγα&#13;
γειν ει γαρ και ετι τη πλανη εισι προκατει&#13;
λημμενοι αλλ όμως ομογενεις τυγχανουσιν και&#13;
προσηκει πολλην αυτων ποιεισθαι την προνοι&#13;
αν και μηδεποτε ναρκαν αλλα μετα πολλης&#13;
της επιεικειας  τα παρ εαυτων επιδεικνυ&#13;
μενους και καταλληλον αυτοις την ιατρειαν &#13;
παρεχοντες ινα οψε γουν ποτε προς την&#13;
αληθη υγειαν επανελθωσιν ουδε γαρ ουτω&#13;
τω θω περισπουδαστον ως ψυχης σρια και βο&#13;
α παυλος λεγων ο θελων παντας ανους σω&#13;
θηναι και εις επιγνωσιν αληθειας ελθειν και&#13;
παλιν αυτος ο θς φησιν ου θελησει θελω τον θα&#13;
νατον του αμαρτωλου ως το επιστρεψαι και&#13;
ζην αυτόν δια γαρ τουτο και την κτισιν απα&#13;
σαν παρηγαγεν και ημας εδημιουργησεν ου&#13;
χ ινα απολωμεθα ουδ ινα εις κολασιν ημας&#13;
παραπεμψη αλλ ινα σωση κ της πλανης&#13;
ελευθερωσας της βασιλειας την απολαυ&#13;
σιν ημιν δωρησηται ταυτην γαρ ημιν και ητοι&#13;
μασεν ου νυν μετα το γενεσθαι αλλα προ κατα&#13;
βολης κοσμου καθως αυτος φησιν δευτε οι  </Unicode>
            </TextEquiv>
        </TextRegion>
        <TextRegion orientation="0.0" id="r2" custom="readingOrder {index:1;}">
            <Coords points="1809,65 1809,218 1842,218 1842,65"/>
            <TextEquiv>
                <Unicode></Unicode>
            </TextEquiv>
        </TextRegion>
    </Page>
</PcGts>
