<?xml version="1.0" encoding="UTF-8" standalone="yes"?>
<PcGts xmlns="http://schema.primaresearch.org/PAGE/gts/pagecontent/2013-07-15" xmlns:xsi="http://www.w3.org/2001/XMLSchema-instance" xsi:schemaLocation="http://schema.primaresearch.org/PAGE/gts/pagecontent/2013-07-15 http://schema.primaresearch.org/PAGE/gts/pagecontent/2013-07-15/pagecontent.xsd">
    <Metadata>
        <Creator>prov=University of Rostock/Institute of Mathematics/CITlab|PLANET AI GmbH/Gundram Leifert/gundram.leifert@planet-ai.de:name=HPGTR(htr_id=41125)::::v=2.6.7
prov=University of Rostock/Institute of Mathematics/CITlab|PLANET AI GmbH/Tobias Gruening/tobias.gruening@planet-ai.de:name=de.uros.citlab.module.baseline2polygon.B2PSeamMultiOriented:v=2.6.7
prov=University of Rostock/Institute of Mathematics/CITlab|PLANET AI GmbH/Tobias Gruening/tobias.gruening@planet-ai.de:name=/net_tf/LA73_249_0mod360.pb:de.uros.citlab.segmentation.CITlab_LA_ML:v=2.6.7
Transkribus</Creator>
        <Created>2021-09-19T17:37:27.025+03:00</Created>
        <LastChange>2023-06-07T12:04:01.386+02:00</LastChange>
        <TranskribusMetadata docId="1458633" pageId="56018984" pageNr="70" tsid="126340478" status="IN_PROGRESS" userId="99263" imgUrl="https://files.transkribus.eu/Get?id=OJZIZTSLLMYCLTNSLJYNHEUX&amp;fileType=view" xmlUrl="https://files.transkribus.eu/Get?id=IJINQVEHFFXAUTXNJZBZBYWV" imageId="23265865"/>
    </Metadata>
    <Page imageFilename="0070_100 Bodleian-Library-MS-Barocci-184_00040_fol-19v.jpg" imageWidth="2279" imageHeight="2803">
        <ReadingOrder>
            <OrderedGroup id="ro_1686139450654" caption="Regions reading order">
                <RegionRefIndexed index="0" regionRef="r1"/>
            </OrderedGroup>
        </ReadingOrder>
        <TextRegion orientation="0.0" id="r1" custom="readingOrder {index:0;}">
            <Coords points="819,378 819,2205 2021,2205 2021,378"/>
            <TextLine id="r1l1" custom="readingOrder {index:0;}">
                <Coords points="861,423 1888,470 2007,460 2010,377 1819,408 1774,373 1356,402 1137,356 863,369"/>
                <Baseline points="869,408 925,410 982,411 1038,411 1095,413 1152,414 1208,416 1265,417 1321,420 1378,421 1435,423 1491,425 1548,427 1604,429 1661,431 1718,433 1774,435 1831,437 1887,439 1944,441 2001,443"/>
                <TextEquiv>
                    <Unicode>ευλογημενοι του πρς μου κληρονομησατε την</Unicode>
                </TextEquiv>
            </TextLine>
            <TextLine id="r1l2" custom="readingOrder {index:1;}">
                <Coords points="865,479 2008,533 1984,458 1914,487 867,426"/>
                <Baseline points="873,473 929,474 985,476 1042,477 1098,479 1155,480 1211,482 1267,485 1324,487 1380,489 1437,492 1493,494 1549,497 1606,498 1662,501 1719,504 1775,506 1831,507 1888,510 1944,511 2001,513"/>
                <TextEquiv>
                    <Unicode>ητοιμασμενην υμιν βασιλειαν προ καταβολης </Unicode>
                </TextEquiv>
            </TextLine>
            <TextLine id="r1l3" custom="readingOrder {index:2;}">
                <Coords points="875,540 1984,589 1968,519 1728,541 877,496"/>
                <Baseline points="882,533 936,533 991,533 1046,534 1101,536 1155,537 1210,539 1265,541 1320,543 1374,546 1429,549 1484,551 1539,554 1593,558 1648,560 1703,563 1758,564 1812,566 1867,569 1922,570 1977,570"/>
                <TextEquiv>
                    <Unicode>του κοσμουορα φιλανιαν δεσποτου όπως και </Unicode>
                </TextEquiv>
            </TextLine>
            <TextLine id="r1l4" custom="readingOrder {index:3;}">
                <Coords points="862,590 1853,659 1978,653 1980,598 863,552"/>
                <Baseline points="869,590 924,590 979,591 1034,593 1089,594 1144,596 1199,599 1254,600 1309,603 1364,605 1420,608 1475,611 1530,614 1585,616 1640,618 1695,621 1750,624 1805,626 1860,628 1915,630 1971,632"/>
                <TextEquiv>
                    <Unicode>προ της δημιουργιας και πριν η παραγα</Unicode>
                </TextEquiv>
            </TextLine>
            <TextLine id="r1l5" custom="readingOrder {index:4;}">
                <Coords points="858,683 1208,666 1977,723 1953,647 860,634"/>
                <Baseline points="866,669 921,666 976,665 1031,663 1087,663 1142,665 1197,666 1252,668 1308,670 1363,673 1418,676 1473,679 1529,681 1584,684 1639,687 1694,690 1750,692 1805,693 1860,694 1915,695 1971,693"/>
                <TextEquiv>
                    <Unicode>γειν τον ανον τα μυρια αγαθα ευτρεπισε</Unicode>
                </TextEquiv>
            </TextLine>
            <TextLine id="r1l6" custom="readingOrder {index:5;}">
                <Coords points="849,736 1308,733 1790,785 1970,769 1972,720 851,678"/>
                <Baseline points="857,728 912,726 967,724 1023,723 1078,723 1133,725 1189,726 1244,728 1299,731 1355,734 1410,736 1465,740 1521,743 1576,746 1631,750 1687,753 1742,756 1797,758 1853,759 1908,761 1964,762"/>
                <TextEquiv>
                    <Unicode>δεικνυς οσην προνοιαν ποιειται του γενους</Unicode>
                </TextEquiv>
            </TextLine>
            <TextLine id="r1l7" custom="readingOrder {index:6;}">
                <Coords points="852,804 1978,831 1974,774 1179,768 1099,735 853,765"/>
                <Baseline points="860,794 915,792 971,791 1026,791 1082,791 1137,791 1193,792 1248,794 1304,795 1359,797 1415,799 1470,801 1526,804 1581,806 1637,809 1692,812 1748,814 1803,818 1859,819 1914,821 1970,824"/>
                <TextEquiv>
                    <Unicode>του ημετερου κ ότι παντας βουλεται σωθη</Unicode>
                </TextEquiv>
            </TextLine>
            <TextLine id="r1l8" custom="readingOrder {index:7;}">
                <Coords points="860,880 1364,857 1446,898 1596,868 1981,910 1983,835 862,812"/>
                <Baseline points="867,857 922,855 977,855 1033,855 1088,855 1143,855 1199,855 1254,857 1309,858 1365,858 1420,861 1475,863 1531,864 1586,867 1641,870 1697,873 1752,876 1807,879 1863,883 1918,888 1974,891"/>
                <TextEquiv>
                    <Unicode>ναι τοιουτον τοινυν εχοντες δεσποτην ου</Unicode>
                </TextEquiv>
            </TextLine>
            <TextLine id="r1l9" custom="readingOrder {index:8;}">
                <Coords points="869,935 1590,929 1918,972 1995,960 1996,926 1612,877 1563,905 870,893"/>
                <Baseline points="876,917 931,918 987,920 1042,920 1098,921 1154,921 1209,923 1265,923 1320,924 1376,924 1432,926 1487,927 1543,929 1598,930 1654,933 1710,935 1765,939 1821,942 1876,945 1932,951 1988,956"/>
                <TextEquiv>
                    <Unicode>τω φιλανον ουτως αγαθον ουτως ημερον</Unicode>
                </TextEquiv>
            </TextLine>
            <TextLine id="r1l10" custom="readingOrder {index:9;}">
                <Coords points="857,1009 2006,1014 2007,969 1712,944 859,934"/>
                <Baseline points="866,975 922,977 979,980 1035,981 1092,983 1149,984 1205,984 1262,986 1318,986 1375,987 1432,987 1488,989 1545,990 1601,992 1658,993 1715,995 1771,997 1828,999 1884,1004 1941,1007 1998,1011"/>
                <TextEquiv>
                    <Unicode>κ της οικειας σριας φροντιζωμεν κ των αδελ</Unicode>
                </TextEquiv>
            </TextLine>
            <TextLine id="r1l11" custom="readingOrder {index:10;}">
                <Coords points="862,1066 1966,1063 1966,1017 862,1003"/>
                <Baseline points="869,1044 923,1044 978,1046 1032,1046 1087,1046 1141,1047 1196,1047 1250,1047 1305,1049 1359,1049 1414,1050 1468,1050 1523,1050 1577,1052 1632,1052 1686,1052 1741,1052 1795,1053 1850,1053 1904,1053 1959,1055"/>
                <TextEquiv>
                    <Unicode>φων των ημετερων τουτο γαρ ημιν και σριας</Unicode>
                </TextEquiv>
            </TextLine>
            <TextLine id="r1l12" custom="readingOrder {index:11;}">
                <Coords points="874,1126 1985,1133 1985,1084 1935,1064 1458,1094 1369,1061 937,1079 875,1051"/>
                <Baseline points="882,1106 936,1106 991,1107 1046,1108 1101,1109 1155,1109 1210,1110 1265,1110 1320,1112 1374,1112 1429,1112 1484,1113 1539,1113 1593,1113 1648,1115 1703,1115 1758,1116 1812,1116 1867,1118 1922,1118 1977,1119"/>
                <TextEquiv>
                    <Unicode>υποθεσις γινεται όταν μη υπερ εαυτων </Unicode>
                </TextEquiv>
            </TextLine>
            <TextLine id="r1l13" custom="readingOrder {index:12;}">
                <Coords points="862,1182 1470,1213 1523,1181 1996,1190 1996,1148 1920,1124 1781,1155 1227,1117 863,1147"/>
                <Baseline points="870,1170 928,1169 987,1170 1046,1170 1105,1170 1164,1171 1223,1172 1282,1173 1341,1173 1400,1175 1458,1176 1517,1176 1576,1178 1635,1179 1694,1179 1753,1181 1812,1181 1871,1182 1930,1182 1989,1182"/>
                <TextEquiv>
                    <Unicode>μονον σπουδαζωμεν αλλ όταν και τον πλησι</Unicode>
                </TextEquiv>
            </TextLine>
            <TextLine id="r1l14" custom="readingOrder {index:13;}">
                <Coords points="866,1248 1982,1258 1982,1222 1907,1196 1847,1224 1545,1186 1406,1217 1178,1179 866,1190"/>
                <Baseline points="873,1235 928,1234 983,1233 1038,1233 1093,1233 1148,1233 1203,1235 1258,1235 1313,1236 1368,1236 1423,1238 1478,1239 1533,1241 1588,1241 1643,1242 1698,1244 1753,1245 1808,1245 1863,1247 1918,1247 1974,1247"/>
                <TextEquiv>
                    <Unicode>ον ωφελωμεν και προς την της αληθειας οδον</Unicode>
                </TextEquiv>
            </TextLine>
            <TextLine id="r1l15" custom="readingOrder {index:14;}">
                <Coords points="847,1311 2008,1319 2008,1276 1957,1259 1411,1278 1139,1238 848,1269"/>
                <Baseline points="854,1301 911,1299 968,1298 1026,1296 1083,1296 1140,1296 1198,1296 1255,1298 1312,1298 1370,1299 1427,1301 1484,1302 1542,1304 1599,1305 1656,1307 1714,1307 1771,1308 1828,1308 1886,1310 1943,1308 2001,1308"/>
                <TextEquiv>
                    <Unicode>χειραγωγουμεν κ ινα μαθης οσον εστιν αγαθον</Unicode>
                </TextEquiv>
            </TextLine>
            <TextLine id="r1l16" custom="readingOrder {index:15;}">
                <Coords points="854,1354 1943,1405 2013,1397 2014,1339 1558,1341 1357,1302 1231,1339 854,1323"/>
                <Baseline points="861,1352 918,1353 975,1355 1032,1356 1090,1358 1147,1359 1204,1359 1261,1361 1319,1362 1376,1364 1433,1365 1490,1366 1548,1367 1605,1368 1662,1370 1719,1370 1777,1371 1834,1371 1891,1373 1948,1373 2006,1374"/>
                <TextEquiv>
                    <Unicode>το δυνηθηναι μετα της οικειας σριας και ετε</Unicode>
                </TextEquiv>
            </TextLine>
            <TextLine id="r1l17" custom="readingOrder {index:16;}">
                <Coords points="865,1445 943,1417 1005,1446 2029,1443 1985,1393 866,1380"/>
                <Baseline points="873,1419 930,1419 987,1419 1045,1421 1102,1421 1160,1422 1217,1424 1274,1424 1332,1425 1389,1427 1447,1428 1504,1430 1561,1431 1619,1432 1676,1433 1734,1434 1791,1436 1848,1437 1906,1437 1963,1439 2021,1439"/>
                <TextEquiv>
                    <Unicode>ρον κερδαναι ακουσον εκπροσωπου του θυ</Unicode>
                </TextEquiv>
            </TextLine>
            <TextLine id="r1l18" custom="readingOrder {index:17;}">
                <Coords points="844,1510 1486,1495 1600,1536 1765,1506 1934,1545 2016,1512 2017,1467 1800,1446 1728,1475 1372,1434 846,1444"/>
                <Baseline points="852,1481 909,1481 967,1482 1025,1482 1083,1484 1141,1485 1199,1487 1256,1487 1314,1488 1372,1490 1430,1491 1488,1493 1546,1494 1604,1494 1661,1496 1719,1497 1777,1499 1835,1500 1893,1502 1951,1502 2009,1503"/>
                <TextEquiv>
                    <Unicode>λεγοντος του προφητου ο εξαγων τιμιον εξ α</Unicode>
                </TextEquiv>
            </TextLine>
            <TextLine id="r1l19" custom="readingOrder {index:18;}">
                <Coords points="862,1557 1953,1572 1953,1541 1876,1523 862,1509"/>
                <Baseline points="869,1548 922,1548 976,1548 1030,1548 1084,1548 1138,1550 1192,1550 1245,1550 1299,1551 1353,1551 1407,1553 1461,1554 1515,1554 1569,1556 1622,1557 1676,1559 1730,1560 1784,1562 1838,1563 1892,1565 1946,1566"/>
                <TextEquiv>
                    <Unicode>ναξιου ως στομα μου εσται τι δε τουτο εστιν</Unicode>
                </TextEquiv>
            </TextLine>
            <TextLine id="r1l20" custom="readingOrder {index:19;}">
                <Coords points="812,1628 1352,1642 1473,1603 1562,1641 1956,1636 1899,1581 1686,1561 813,1582"/>
                <Baseline points="819,1614 875,1613 932,1613 988,1611 1045,1611 1101,1611 1158,1611 1214,1611 1271,1611 1327,1613 1384,1613 1440,1614 1497,1616 1553,1617 1610,1619 1666,1620 1723,1622 1779,1623 1836,1626 1892,1628 1949,1629"/>
                <TextEquiv>
                    <Unicode>ο εκ της πλανης προς την αληθειαν φησι</Unicode>
                </TextEquiv>
            </TextLine>
            <TextLine id="r1l21" custom="readingOrder {index:20;}">
                <Coords points="862,1701 1970,1699 1993,1632 1659,1660 1521,1623 1305,1657 862,1636"/>
                <Baseline points="869,1688 924,1684 980,1680 1036,1679 1092,1677 1148,1676 1203,1676 1259,1676 1315,1677 1371,1677 1427,1679 1482,1680 1538,1680 1594,1682 1650,1683 1706,1683 1761,1685 1817,1685 1873,1685 1929,1683 1985,1682"/>
                <TextEquiv>
                    <Unicode>χειραγωγων η από της κακιας προς αρετην</Unicode>
                </TextEquiv>
            </TextLine>
            <TextLine id="r1l22" custom="readingOrder {index:21;}">
                <Coords points="855,1751 1957,1761 1957,1706 1867,1691 1553,1725 1452,1682 1281,1720 856,1699"/>
                <Baseline points="863,1740 917,1740 971,1740 1026,1740 1080,1740 1134,1740 1189,1740 1243,1740 1297,1740 1352,1740 1406,1740 1460,1740 1515,1740 1569,1740 1623,1740 1678,1742 1732,1743 1786,1743 1841,1745 1895,1746 1950,1748"/>
                <TextEquiv>
                    <Unicode>οδηγων τον πλησιον κατά δυναμιν ανινην</Unicode>
                </TextEquiv>
            </TextLine>
            <TextLine id="r1l23" custom="readingOrder {index:22;}">
                <Coords points="851,1818 1954,1817 1954,1771 1892,1756 1421,1748 1175,1788 1090,1751 1004,1784 851,1753"/>
                <Baseline points="858,1805 912,1806 966,1808 1021,1809 1075,1809 1130,1809 1184,1809 1239,1809 1293,1808 1348,1808 1402,1806 1456,1806 1511,1805 1565,1804 1620,1803 1674,1803 1729,1803 1783,1803 1838,1805 1892,1805 1947,1808"/>
                <TextEquiv>
                    <Unicode>εμε μιμειται κ γαρ και αυτος δι ουδεν ετερον</Unicode>
                </TextEquiv>
            </TextLine>
            <TextLine id="r1l24" custom="readingOrder {index:23;}">
                <Coords points="847,1871 1975,1878 1961,1820 847,1838"/>
                <Baseline points="854,1868 909,1869 965,1871 1021,1871 1076,1871 1132,1871 1188,1871 1243,1869 1299,1869 1355,1868 1411,1868 1466,1866 1522,1866 1578,1865 1633,1865 1689,1865 1745,1865 1800,1866 1856,1868 1912,1869 1968,1872"/>
                <TextEquiv>
                    <Unicode>θς ων την ημετεραν υπεδυ σαρκα κ δια την</Unicode>
                </TextEquiv>
            </TextLine>
            <TextLine id="r1l25" custom="readingOrder {index:24;}">
                <Coords points="856,1942 2000,1941 1999,1868 1728,1907 856,1889"/>
                <Baseline points="864,1928 920,1928 976,1928 1033,1928 1089,1929 1146,1929 1202,1928 1258,1928 1315,1928 1371,1928 1428,1928 1484,1928 1540,1926 1597,1926 1653,1926 1710,1925 1766,1925 1822,1924 1879,1923 1935,1922 1992,1922"/>
                <TextEquiv>
                    <Unicode>σριαν του των ανων γενους γεγονε ανος κ τι λε</Unicode>
                </TextEquiv>
            </TextLine>
            <TextLine id="r1l26" custom="readingOrder {index:25;}">
                <Coords points="855,2025 2005,1995 1928,1946 1641,1967 1485,1921 1324,1963 855,1961"/>
                <Baseline points="863,1991 919,1991 976,1991 1033,1991 1089,1991 1146,1991 1203,1991 1259,1991 1316,1989 1373,1989 1430,1989 1486,1989 1543,1989 1600,1989 1656,1988 1713,1988 1770,1988 1826,1988 1883,1988 1940,1988 1997,1989"/>
                <TextEquiv>
                    <Unicode>γω την ημετεραν υπεδυ σαρκα κ τ αλλα παν</Unicode>
                </TextEquiv>
            </TextLine>
            <TextLine id="r1l27" custom="readingOrder {index:26;}">
                <Coords points="846,2081 1865,2087 2009,2057 2009,2013 846,2029"/>
                <Baseline points="854,2057 911,2057 968,2058 1026,2059 1083,2060 1140,2060 1198,2060 1255,2060 1312,2061 1370,2060 1427,2060 1484,2060 1542,2060 1599,2059 1656,2058 1714,2058 1771,2057 1828,2057 1886,2056 1943,2055 2001,2055"/>
                <TextEquiv>
                    <Unicode>τα ανινα υπεμεινεν οπου γε και τον στρον κατε</Unicode>
                </TextEquiv>
            </TextLine>
            <TextLine id="r1l28" custom="readingOrder {index:27;}">
                <Coords points="828,2132 938,2168 1316,2123 1451,2157 1855,2125 1992,2161 1992,2086 1953,2074 1545,2106 828,2070"/>
                <Baseline points="836,2118 893,2121 950,2123 1008,2124 1065,2124 1123,2126 1180,2126 1238,2126 1295,2126 1353,2126 1410,2126 1467,2124 1525,2124 1582,2124 1640,2123 1697,2123 1755,2123 1812,2123 1870,2123 1927,2123 1985,2124"/>
                <TextEquiv>
                    <Unicode>δεξατο ινα ημας τους υπο αμαρτιων προδε</Unicode>
                </TextEquiv>
            </TextLine>
            <TextLine id="r1l29" custom="readingOrder {index:28;}">
                <Coords points="839,2188 1510,2223 1709,2197 1887,2235 1993,2206 1993,2163 1870,2127 1358,2167 839,2140"/>
                <Baseline points="846,2183 903,2185 960,2187 1017,2188 1074,2189 1131,2189 1188,2190 1245,2190 1302,2189 1359,2189 1416,2189 1473,2187 1530,2187 1587,2187 1644,2186 1701,2186 1758,2186 1815,2186 1872,2186 1929,2187 1986,2187"/>
                <TextEquiv>
                    <Unicode>δομενους της καταρας ελευθερωση και βοα </Unicode>
                </TextEquiv>
            </TextLine>
            <TextEquiv>
                <Unicode>ευλογημενοι του πρς μου κληρονομησατε την&#13;
ητοιμασμενην υμιν βασιλειαν προ καταβολης &#13;
του κοσμουορα φιλανιαν δεσποτου όπως και &#13;
προ της δημιουργιας και πριν η παραγα&#13;
γειν τον ανον τα μυρια αγαθα ευτρεπισε&#13;
δεικνυς οσην προνοιαν ποιειται του γενους&#13;
του ημετερου κ ότι παντας βουλεται σωθη&#13;
ναι τοιουτον τοινυν εχοντες δεσποτην ου&#13;
τω φιλανον ουτως αγαθον ουτως ημερον&#13;
κ της οικειας σριας φροντιζωμεν κ των αδελ&#13;
φων των ημετερων τουτο γαρ ημιν και σριας&#13;
υποθεσις γινεται όταν μη υπερ εαυτων &#13;
μονον σπουδαζωμεν αλλ όταν και τον πλησι&#13;
ον ωφελωμεν και προς την της αληθειας οδον&#13;
χειραγωγουμεν κ ινα μαθης οσον εστιν αγαθον&#13;
το δυνηθηναι μετα της οικειας σριας και ετε&#13;
ρον κερδαναι ακουσον εκπροσωπου του θυ&#13;
λεγοντος του προφητου ο εξαγων τιμιον εξ α&#13;
ναξιου ως στομα μου εσται τι δε τουτο εστιν&#13;
ο εκ της πλανης προς την αληθειαν φησι&#13;
χειραγωγων η από της κακιας προς αρετην&#13;
οδηγων τον πλησιον κατά δυναμιν ανινην&#13;
εμε μιμειται κ γαρ και αυτος δι ουδεν ετερον&#13;
θς ων την ημετεραν υπεδυ σαρκα κ δια την&#13;
σριαν του των ανων γενους γεγονε ανος κ τι λε&#13;
γω την ημετεραν υπεδυ σαρκα κ τ αλλα παν&#13;
τα ανινα υπεμεινεν οπου γε και τον στρον κατε&#13;
δεξατο ινα ημας τους υπο αμαρτιων προδε&#13;
δομενους της καταρας ελευθερωση και βοα </Unicode>
            </TextEquiv>
        </TextRegion>
    </Page>
</PcGts>
